nutrition_template_id,title,audience,diet_style,goal,meal_schedule,calorie_strategy,macro_strategy,hydration_strategy,foods_to_prioritize,foods_to_limit,allergen_flags,protein_guidance,recovery_food_notes,risk_notes,data_source_hint,created_version
NT0001,Omnivore Weight Loss - 3 Meals,general_adult,omnivore,weight_loss,3_meals,"calculate TDEE/BMR then adjust gently; no aggressive deficit for pregnancy, children or medical users","protein, carbohydrates and fats balanced around training/recovery; personalize by body size, goal, activity and medical review",water first; add electrolytes for long heat/sweat sessions where suitable,vegetables; fruit; legumes; whole grains where tolerated; lean proteins or diet-appropriate alternatives; healthy fats; calcium/iron/B12 sources where relevant,ultra-processed foods; excessive added sugar; alcohol; stimulant-heavy drinks; foods blocked by allergy/medical/religious preference,milk;egg;fish;shellfish;tree_nuts;peanuts;wheat;soy;sesame;sulfites,Use body-weight/goal-based protein targets only after profile setup; prioritize whole foods first.,"After hard training, pair carbohydrate + protein + fluids; for vegan/vegetarian, combine legumes/grains/soy/nuts/seeds and check B12/iron/calcium planning.","Pregnancy, baby, child, diabetes, kidney disease, eating disorders, allergies and medication interactions require qualified review. Carnivore/very restrictive diets need extra review for fiber/micronutrients.",Use USDA FoodData Central for nutrient values; use Open Food Facts for packaged barcode data with license/attribution handling.,v0.1-safe-seed-2026-06-11
NT0002,Omnivore Weight Loss - 3 Meals 1 Snack,general_adult,omnivore,weight_loss,3_meals_1_snack,"calculate TDEE/BMR then adjust gently; no aggressive deficit for pregnancy, children or medical users","protein, carbohydrates and fats balanced around training/recovery; personalize by body size, goal, activity and medical review",water first; add electrolytes for long heat/sweat sessions where suitable,vegetables; fruit; legumes; whole grains where tolerated; lean proteins or diet-appropriate alternatives; healthy fats; calcium/iron/B12 sources where relevant,ultra-processed foods; excessive added sugar; alcohol; stimulant-heavy drinks; foods blocked by allergy/medical/religious preference,milk;egg;fish;shellfish;tree_nuts;peanuts;wheat;soy;sesame;sulfites,Use body-weight/goal-based protein targets only after profile setup; prioritize whole foods first.,"After hard training, pair carbohydrate + protein + fluids; for vegan/vegetarian, combine legumes/grains/soy/nuts/seeds and check B12/iron/calcium planning.","Pregnancy, baby, child, diabetes, kidney disease, eating disorders, allergies and medication interactions require qualified review. Carnivore/very restrictive diets need extra review for fiber/micronutrients.",Use USDA FoodData Central for nutrient values; use Open Food Facts for packaged barcode data with license/attribution handling.,v0.1-safe-seed-2026-06-11
NT0003,Omnivore Weight Loss - 3 Meals 2 Snacks,general_adult,omnivore,weight_loss,3_meals_2_snacks,"calculate TDEE/BMR then adjust gently; no aggressive deficit for pregnancy, children or medical users","protein, carbohydrates and fats balanced around training/recovery; personalize by body size, goal, activity and medical review",water first; add electrolytes for long heat/sweat sessions where suitable,vegetables; fruit; legumes; whole grains where tolerated; lean proteins or diet-appropriate alternatives; healthy fats; calcium/iron/B12 sources where relevant,ultra-processed foods; excessive added sugar; alcohol; stimulant-heavy drinks; foods blocked by allergy/medical/religious preference,milk;egg;fish;shellfish;tree_nuts;peanuts;wheat;soy;sesame;sulfites,Use body-weight/goal-based protein targets only after profile setup; prioritize whole foods first.,"After hard training, pair carbohydrate + protein + fluids; for vegan/vegetarian, combine legumes/grains/soy/nuts/seeds and check B12/iron/calcium planning.","Pregnancy, baby, child, diabetes, kidney disease, eating disorders, allergies and medication interactions require qualified review. Carnivore/very restrictive diets need extra review for fiber/micronutrients.",Use USDA FoodData Central for nutrient values; use Open Food Facts for packaged barcode data with license/attribution handling.,v0.1-safe-seed-2026-06-11
NT0004,Omnivore Weight Loss - Time Restricted 12 Hour Window Adult Only,general_adult,omnivore,weight_loss,time_restricted_12_hour_window_adult_only,"calculate TDEE/BMR then adjust gently; no aggressive deficit for pregnancy, children or medical users","protein, carbohydrates and fats balanced around training/recovery; personalize by body size, goal, activity and medical review",water first; add electrolytes for long heat/sweat sessions where suitable,vegetables; fruit; legumes; whole grains where tolerated; lean proteins or diet-appropriate alternatives; healthy fats; calcium/iron/B12 sources where relevant,ultra-processed foods; excessive added sugar; alcohol; stimulant-heavy drinks; foods blocked by allergy/medical/religious preference,milk;egg;fish;shellfish;tree_nuts;peanuts;wheat;soy;sesame;sulfites,Use body-weight/goal-based protein targets only after profile setup; prioritize whole foods first.,"After hard training, pair carbohydrate + protein + fluids; for vegan/vegetarian, combine legumes/grains/soy/nuts/seeds and check B12/iron/calcium planning.","Pregnancy, baby, child, diabetes, kidney disease, eating disorders, allergies and medication interactions require qualified review. Carnivore/very restrictive diets need extra review for fiber/micronutrients.",Use USDA FoodData Central for nutrient values; use Open Food Facts for packaged barcode data with license/attribution handling.,v0.1-safe-seed-2026-06-11
NT0005,Omnivore Weight Loss - Shift Worker Flexible,general_adult,omnivore,weight_loss,shift_worker_flexible,"calculate TDEE/BMR then adjust gently; no aggressive deficit for pregnancy, children or medical users","protein, carbohydrates and fats balanced around training/recovery; personalize by body size, goal, activity and medical review",water first; add electrolytes for long heat/sweat sessions where suitable,vegetables; fruit; legumes; whole grains where tolerated; lean proteins or diet-appropriate alternatives; healthy fats; calcium/iron/B12 sources where relevant,ultra-processed foods; excessive added sugar; alcohol; stimulant-heavy drinks; foods blocked by allergy/medical/religious preference,milk;egg;fish;shellfish;tree_nuts;peanuts;wheat;soy;sesame;sulfites,Use body-weight/goal-based protein targets only after profile setup; prioritize whole foods first.,"After hard training, pair carbohydrate + protein + fluids; for vegan/vegetarian, combine legumes/grains/soy/nuts/seeds and check B12/iron/calcium planning.","Pregnancy, baby, child, diabetes, kidney disease, eating disorders, allergies and medication interactions require qualified review. Carnivore/very restrictive diets need extra review for fiber/micronutrients.",Use USDA FoodData Central for nutrient values; use Open Food Facts for packaged barcode data with license/attribution handling.,v0.1-safe-seed-2026-06-11
NT0006,Omnivore Muscle Gain - 3 Meals,general_adult,omnivore,muscle_gain,3_meals,"calculate TDEE/BMR then adjust gently; no aggressive deficit for pregnancy, children or medical users","protein, carbohydrates and fats balanced around training/recovery; personalize by body size, goal, activity and medical review",water first; add electrolytes for long heat/sweat sessions where suitable,vegetables; fruit; legumes; whole grains where tolerated; lean proteins or diet-appropriate alternatives; healthy fats; calcium/iron/B12 sources where relevant,ultra-processed foods; excessive added sugar; alcohol; stimulant-heavy drinks; foods blocked by allergy/medical/religious preference,milk;egg;fish;shellfish;tree_nuts;peanuts;wheat;soy;sesame;sulfites,Use body-weight/goal-based protein targets only after profile setup; prioritize whole foods first.,"After hard training, pair carbohydrate + protein + fluids; for vegan/vegetarian, combine legumes/grains/soy/nuts/seeds and check B12/iron/calcium planning.","Pregnancy, baby, child, diabetes, kidney disease, eating disorders, allergies and medication interactions require qualified review. Carnivore/very restrictive diets need extra review for fiber/micronutrients.",Use USDA FoodData Central for nutrient values; use Open Food Facts for packaged barcode data with license/attribution handling.,v0.1-safe-seed-2026-06-11
NT0007,Omnivore Muscle Gain - 3 Meals 1 Snack,general_adult,omnivore,muscle_gain,3_meals_1_snack,"calculate TDEE/BMR then adjust gently; no aggressive deficit for pregnancy, children or medical users","protein, carbohydrates and fats balanced around training/recovery; personalize by body size, goal, activity and medical review",water first; add electrolytes for long heat/sweat sessions where suitable,vegetables; fruit; legumes; whole grains where tolerated; lean proteins or diet-appropriate alternatives; healthy fats; calcium/iron/B12 sources where relevant,ultra-processed foods; excessive added sugar; alcohol; stimulant-heavy drinks; foods blocked by allergy/medical/religious preference,milk;egg;fish;shellfish;tree_nuts;peanuts;wheat;soy;sesame;sulfites,Use body-weight/goal-based protein targets only after profile setup; prioritize whole foods first.,"After hard training, pair carbohydrate + protein + fluids; for vegan/vegetarian, combine legumes/grains/soy/nuts/seeds and check B12/iron/calcium planning.","Pregnancy, baby, child, diabetes, kidney disease, eating disorders, allergies and medication interactions require qualified review. Carnivore/very restrictive diets need extra review for fiber/micronutrients.",Use USDA FoodData Central for nutrient values; use Open Food Facts for packaged barcode data with license/attribution handling.,v0.1-safe-seed-2026-06-11
NT0008,Omnivore Muscle Gain - 3 Meals 2 Snacks,general_adult,omnivore,muscle_gain,3_meals_2_snacks,"calculate TDEE/BMR then adjust gently; no aggressive deficit for pregnancy, children or medical users","protein, carbohydrates and fats balanced around training/recovery; personalize by body size, goal, activity and medical review",water first; add electrolytes for long heat/sweat sessions where suitable,vegetables; fruit; legumes; whole grains where tolerated; lean proteins or diet-appropriate alternatives; healthy fats; calcium/iron/B12 sources where relevant,ultra-processed foods; excessive added sugar; alcohol; stimulant-heavy drinks; foods blocked by allergy/medical/religious preference,milk;egg;fish;shellfish;tree_nuts;peanuts;wheat;soy;sesame;sulfites,Use body-weight/goal-based protein targets only after profile setup; prioritize whole foods first.,"After hard training, pair carbohydrate + protein + fluids; for vegan/vegetarian, combine legumes/grains/soy/nuts/seeds and check B12/iron/calcium planning.","Pregnancy, baby, child, diabetes, kidney disease, eating disorders, allergies and medication interactions require qualified review. Carnivore/very restrictive diets need extra review for fiber/micronutrients.",Use USDA FoodData Central for nutrient values; use Open Food Facts for packaged barcode data with license/attribution handling.,v0.1-safe-seed-2026-06-11
NT0009,Omnivore Muscle Gain - Time Restricted 12 Hour Window Adult Only,general_adult,omnivore,muscle_gain,time_restricted_12_hour_window_adult_only,"calculate TDEE/BMR then adjust gently; no aggressive deficit for pregnancy, children or medical users","protein, carbohydrates and fats balanced around training/recovery; personalize by body size, goal, activity and medical review",water first; add electrolytes for long heat/sweat sessions where suitable,vegetables; fruit; legumes; whole grains where tolerated; lean proteins or diet-appropriate alternatives; healthy fats; calcium/iron/B12 sources where relevant,ultra-processed foods; excessive added sugar; alcohol; stimulant-heavy drinks; foods blocked by allergy/medical/religious preference,milk;egg;fish;shellfish;tree_nuts;peanuts;wheat;soy;sesame;sulfites,Use body-weight/goal-based protein targets only after profile setup; prioritize whole foods first.,"After hard training, pair carbohydrate + protein + fluids; for vegan/vegetarian, combine legumes/grains/soy/nuts/seeds and check B12/iron/calcium planning.","Pregnancy, baby, child, diabetes, kidney disease, eating disorders, allergies and medication interactions require qualified review. Carnivore/very restrictive diets need extra review for fiber/micronutrients.",Use USDA FoodData Central for nutrient values; use Open Food Facts for packaged barcode data with license/attribution handling.,v0.1-safe-seed-2026-06-11
NT0010,Omnivore Muscle Gain - Shift Worker Flexible,general_adult,omnivore,muscle_gain,shift_worker_flexible,"calculate TDEE/BMR then adjust gently; no aggressive deficit for pregnancy, children or medical users","protein, carbohydrates and fats balanced around training/recovery; personalize by body size, goal, activity and medical review",water first; add electrolytes for long heat/sweat sessions where suitable,vegetables; fruit; legumes; whole grains where tolerated; lean proteins or diet-appropriate alternatives; healthy fats; calcium/iron/B12 sources where relevant,ultra-processed foods; excessive added sugar; alcohol; stimulant-heavy drinks; foods blocked by allergy/medical/religious preference,milk;egg;fish;shellfish;tree_nuts;peanuts;wheat;soy;sesame;sulfites,Use body-weight/goal-based protein targets only after profile setup; prioritize whole foods first.,"After hard training, pair carbohydrate + protein + fluids; for vegan/vegetarian, combine legumes/grains/soy/nuts/seeds and check B12/iron/calcium planning.","Pregnancy, baby, child, diabetes, kidney disease, eating disorders, allergies and medication interactions require qualified review. Carnivore/very restrictive diets need extra review for fiber/micronutrients.",Use USDA FoodData Central for nutrient values; use Open Food Facts for packaged barcode data with license/attribution handling.,v0.1-safe-seed-2026-06-11
NT0011,Omnivore Maintenance - 3 Meals,general_adult,omnivore,maintenance,3_meals,"calculate TDEE/BMR then adjust gently; no aggressive deficit for pregnancy, children or medical users","protein, carbohydrates and fats balanced around training/recovery; personalize by body size, goal, activity and medical review",water first; add electrolytes for long heat/sweat sessions where suitable,vegetables; fruit; legumes; whole grains where tolerated; lean proteins or diet-appropriate alternatives; healthy fats; calcium/iron/B12 sources where relevant,ultra-processed foods; excessive added sugar; alcohol; stimulant-heavy drinks; foods blocked by allergy/medical/religious preference,milk;egg;fish;shellfish;tree_nuts;peanuts;wheat;soy;sesame;sulfites,Use body-weight/goal-based protein targets only after profile setup; prioritize whole foods first.,"After hard training, pair carbohydrate + protein + fluids; for vegan/vegetarian, combine legumes/grains/soy/nuts/seeds and check B12/iron/calcium planning.","Pregnancy, baby, child, diabetes, kidney disease, eating disorders, allergies and medication interactions require qualified review. Carnivore/very restrictive diets need extra review for fiber/micronutrients.",Use USDA FoodData Central for nutrient values; use Open Food Facts for packaged barcode data with license/attribution handling.,v0.1-safe-seed-2026-06-11
NT0012,Omnivore Maintenance - 3 Meals 1 Snack,general_adult,omnivore,maintenance,3_meals_1_snack,"calculate TDEE/BMR then adjust gently; no aggressive deficit for pregnancy, children or medical users","protein, carbohydrates and fats balanced around training/recovery; personalize by body size, goal, activity and medical review",water first; add electrolytes for long heat/sweat sessions where suitable,vegetables; fruit; legumes; whole grains where tolerated; lean proteins or diet-appropriate alternatives; healthy fats; calcium/iron/B12 sources where relevant,ultra-processed foods; excessive added sugar; alcohol; stimulant-heavy drinks; foods blocked by allergy/medical/religious preference,milk;egg;fish;shellfish;tree_nuts;peanuts;wheat;soy;sesame;sulfites,Use body-weight/goal-based protein targets only after profile setup; prioritize whole foods first.,"After hard training, pair carbohydrate + protein + fluids; for vegan/vegetarian, combine legumes/grains/soy/nuts/seeds and check B12/iron/calcium planning.","Pregnancy, baby, child, diabetes, kidney disease, eating disorders, allergies and medication interactions require qualified review. Carnivore/very restrictive diets need extra review for fiber/micronutrients.",Use USDA FoodData Central for nutrient values; use Open Food Facts for packaged barcode data with license/attribution handling.,v0.1-safe-seed-2026-06-11
NT0013,Omnivore Maintenance - 3 Meals 2 Snacks,general_adult,omnivore,maintenance,3_meals_2_snacks,"calculate TDEE/BMR then adjust gently; no aggressive deficit for pregnancy, children or medical users","protein, carbohydrates and fats balanced around training/recovery; personalize by body size, goal, activity and medical review",water first; add electrolytes for long heat/sweat sessions where suitable,vegetables; fruit; legumes; whole grains where tolerated; lean proteins or diet-appropriate alternatives; healthy fats; calcium/iron/B12 sources where relevant,ultra-processed foods; excessive added sugar; alcohol; stimulant-heavy drinks; foods blocked by allergy/medical/religious preference,milk;egg;fish;shellfish;tree_nuts;peanuts;wheat;soy;sesame;sulfites,Use body-weight/goal-based protein targets only after profile setup; prioritize whole foods first.,"After hard training, pair carbohydrate + protein + fluids; for vegan/vegetarian, combine legumes/grains/soy/nuts/seeds and check B12/iron/calcium planning.","Pregnancy, baby, child, diabetes, kidney disease, eating disorders, allergies and medication interactions require qualified review. Carnivore/very restrictive diets need extra review for fiber/micronutrients.",Use USDA FoodData Central for nutrient values; use Open Food Facts for packaged barcode data with license/attribution handling.,v0.1-safe-seed-2026-06-11
NT0014,Omnivore Maintenance - Time Restricted 12 Hour Window Adult Only,general_adult,omnivore,maintenance,time_restricted_12_hour_window_adult_only,"calculate TDEE/BMR then adjust gently; no aggressive deficit for pregnancy, children or medical users","protein, carbohydrates and fats balanced around training/recovery; personalize by body size, goal, activity and medical review",water first; add electrolytes for long heat/sweat sessions where suitable,vegetables; fruit; legumes; whole grains where tolerated; lean proteins or diet-appropriate alternatives; healthy fats; calcium/iron/B12 sources where relevant,ultra-processed foods; excessive added sugar; alcohol; stimulant-heavy drinks; foods blocked by allergy/medical/religious preference,milk;egg;fish;shellfish;tree_nuts;peanuts;wheat;soy;sesame;sulfites,Use body-weight/goal-based protein targets only after profile setup; prioritize whole foods first.,"After hard training, pair carbohydrate + protein + fluids; for vegan/vegetarian, combine legumes/grains/soy/nuts/seeds and check B12/iron/calcium planning.","Pregnancy, baby, child, diabetes, kidney disease, eating disorders, allergies and medication interactions require qualified review. Carnivore/very restrictive diets need extra review for fiber/micronutrients.",Use USDA FoodData Central for nutrient values; use Open Food Facts for packaged barcode data with license/attribution handling.,v0.1-safe-seed-2026-06-11
NT0015,Omnivore Maintenance - Shift Worker Flexible,general_adult,omnivore,maintenance,shift_worker_flexible,"calculate TDEE/BMR then adjust gently; no aggressive deficit for pregnancy, children or medical users","protein, carbohydrates and fats balanced around training/recovery; personalize by body size, goal, activity and medical review",water first; add electrolytes for long heat/sweat sessions where suitable,vegetables; fruit; legumes; whole grains where tolerated; lean proteins or diet-appropriate alternatives; healthy fats; calcium/iron/B12 sources where relevant,ultra-processed foods; excessive added sugar; alcohol; stimulant-heavy drinks; foods blocked by allergy/medical/religious preference,milk;egg;fish;shellfish;tree_nuts;peanuts;wheat;soy;sesame;sulfites,Use body-weight/goal-based protein targets only after profile setup; prioritize whole foods first.,"After hard training, pair carbohydrate + protein + fluids; for vegan/vegetarian, combine legumes/grains/soy/nuts/seeds and check B12/iron/calcium planning.","Pregnancy, baby, child, diabetes, kidney disease, eating disorders, allergies and medication interactions require qualified review. Carnivore/very restrictive diets need extra review for fiber/micronutrients.",Use USDA FoodData Central for nutrient values; use Open Food Facts for packaged barcode data with license/attribution handling.,v0.1-safe-seed-2026-06-11
NT0016,Omnivore Endurance - 3 Meals,general_adult,omnivore,endurance,3_meals,"calculate TDEE/BMR then adjust gently; no aggressive deficit for pregnancy, children or medical users","protein, carbohydrates and fats balanced around training/recovery; personalize by body size, goal, activity and medical review",water first; add electrolytes for long heat/sweat sessions where suitable,vegetables; fruit; legumes; whole grains where tolerated; lean proteins or diet-appropriate alternatives; healthy fats; calcium/iron/B12 sources where relevant,ultra-processed foods; excessive added sugar; alcohol; stimulant-heavy drinks; foods blocked by allergy/medical/religious preference,milk;egg;fish;shellfish;tree_nuts;peanuts;wheat;soy;sesame;sulfites,Use body-weight/goal-based protein targets only after profile setup; prioritize whole foods first.,"After hard training, pair carbohydrate + protein + fluids; for vegan/vegetarian, combine legumes/grains/soy/nuts/seeds and check B12/iron/calcium planning.","Pregnancy, baby, child, diabetes, kidney disease, eating disorders, allergies and medication interactions require qualified review. Carnivore/very restrictive diets need extra review for fiber/micronutrients.",Use USDA FoodData Central for nutrient values; use Open Food Facts for packaged barcode data with license/attribution handling.,v0.1-safe-seed-2026-06-11
NT0017,Omnivore Endurance - 3 Meals 1 Snack,general_adult,omnivore,endurance,3_meals_1_snack,"calculate TDEE/BMR then adjust gently; no aggressive deficit for pregnancy, children or medical users","protein, carbohydrates and fats balanced around training/recovery; personalize by body size, goal, activity and medical review",water first; add electrolytes for long heat/sweat sessions where suitable,vegetables; fruit; legumes; whole grains where tolerated; lean proteins or diet-appropriate alternatives; healthy fats; calcium/iron/B12 sources where relevant,ultra-processed foods; excessive added sugar; alcohol; stimulant-heavy drinks; foods blocked by allergy/medical/religious preference,milk;egg;fish;shellfish;tree_nuts;peanuts;wheat;soy;sesame;sulfites,Use body-weight/goal-based protein targets only after profile setup; prioritize whole foods first.,"After hard training, pair carbohydrate + protein + fluids; for vegan/vegetarian, combine legumes/grains/soy/nuts/seeds and check B12/iron/calcium planning.","Pregnancy, baby, child, diabetes, kidney disease, eating disorders, allergies and medication interactions require qualified review. Carnivore/very restrictive diets need extra review for fiber/micronutrients.",Use USDA FoodData Central for nutrient values; use Open Food Facts for packaged barcode data with license/attribution handling.,v0.1-safe-seed-2026-06-11
NT0018,Omnivore Endurance - 3 Meals 2 Snacks,general_adult,omnivore,endurance,3_meals_2_snacks,"calculate TDEE/BMR then adjust gently; no aggressive deficit for pregnancy, children or medical users","protein, carbohydrates and fats balanced around training/recovery; personalize by body size, goal, activity and medical review",water first; add electrolytes for long heat/sweat sessions where suitable,vegetables; fruit; legumes; whole grains where tolerated; lean proteins or diet-appropriate alternatives; healthy fats; calcium/iron/B12 sources where relevant,ultra-processed foods; excessive added sugar; alcohol; stimulant-heavy drinks; foods blocked by allergy/medical/religious preference,milk;egg;fish;shellfish;tree_nuts;peanuts;wheat;soy;sesame;sulfites,Use body-weight/goal-based protein targets only after profile setup; prioritize whole foods first.,"After hard training, pair carbohydrate + protein + fluids; for vegan/vegetarian, combine legumes/grains/soy/nuts/seeds and check B12/iron/calcium planning.","Pregnancy, baby, child, diabetes, kidney disease, eating disorders, allergies and medication interactions require qualified review. Carnivore/very restrictive diets need extra review for fiber/micronutrients.",Use USDA FoodData Central for nutrient values; use Open Food Facts for packaged barcode data with license/attribution handling.,v0.1-safe-seed-2026-06-11
NT0019,Omnivore Endurance - Time Restricted 12 Hour Window Adult Only,general_adult,omnivore,endurance,time_restricted_12_hour_window_adult_only,"calculate TDEE/BMR then adjust gently; no aggressive deficit for pregnancy, children or medical users","protein, carbohydrates and fats balanced around training/recovery; personalize by body size, goal, activity and medical review",water first; add electrolytes for long heat/sweat sessions where suitable,vegetables; fruit; legumes; whole grains where tolerated; lean proteins or diet-appropriate alternatives; healthy fats; calcium/iron/B12 sources where relevant,ultra-processed foods; excessive added sugar; alcohol; stimulant-heavy drinks; foods blocked by allergy/medical/religious preference,milk;egg;fish;shellfish;tree_nuts;peanuts;wheat;soy;sesame;sulfites,Use body-weight/goal-based protein targets only after profile setup; prioritize whole foods first.,"After hard training, pair carbohydrate + protein + fluids; for vegan/vegetarian, combine legumes/grains/soy/nuts/seeds and check B12/iron/calcium planning.","Pregnancy, baby, child, diabetes, kidney disease, eating disorders, allergies and medication interactions require qualified review. Carnivore/very restrictive diets need extra review for fiber/micronutrients.",Use USDA FoodData Central for nutrient values; use Open Food Facts for packaged barcode data with license/attribution handling.,v0.1-safe-seed-2026-06-11
NT0020,Omnivore Endurance - Shift Worker Flexible,general_adult,omnivore,endurance,shift_worker_flexible,"calculate TDEE/BMR then adjust gently; no aggressive deficit for pregnancy, children or medical users","protein, carbohydrates and fats balanced around training/recovery; personalize by body size, goal, activity and medical review",water first; add electrolytes for long heat/sweat sessions where suitable,vegetables; fruit; legumes; whole grains where tolerated; lean proteins or diet-appropriate alternatives; healthy fats; calcium/iron/B12 sources where relevant,ultra-processed foods; excessive added sugar; alcohol; stimulant-heavy drinks; foods blocked by allergy/medical/religious preference,milk;egg;fish;shellfish;tree_nuts;peanuts;wheat;soy;sesame;sulfites,Use body-weight/goal-based protein targets only after profile setup; prioritize whole foods first.,"After hard training, pair carbohydrate + protein + fluids; for vegan/vegetarian, combine legumes/grains/soy/nuts/seeds and check B12/iron/calcium planning.","Pregnancy, baby, child, diabetes, kidney disease, eating disorders, allergies and medication interactions require qualified review. Carnivore/very restrictive diets need extra review for fiber/micronutrients.",Use USDA FoodData Central for nutrient values; use Open Food Facts for packaged barcode data with license/attribution handling.,v0.1-safe-seed-2026-06-11
NT0021,Omnivore Pregnancy Support - 3 Meals,pregnant_woman,omnivore,pregnancy_support,3_meals,"calculate TDEE/BMR then adjust gently; no aggressive deficit for pregnancy, children or medical users","protein, carbohydrates and fats balanced around training/recovery; personalize by body size, goal, activity and medical review",water first; add electrolytes for long heat/sweat sessions where suitable,vegetables; fruit; legumes; whole grains where tolerated; lean proteins or diet-appropriate alternatives; healthy fats; calcium/iron/B12 sources where relevant,ultra-processed foods; excessive added sugar; alcohol; stimulant-heavy drinks; foods blocked by allergy/medical/religious preference,milk;egg;fish;shellfish;tree_nuts;peanuts;wheat;soy;sesame;sulfites,Use body-weight/goal-based protein targets only after profile setup; prioritize whole foods first.,"After hard training, pair carbohydrate + protein + fluids; for vegan/vegetarian, combine legumes/grains/soy/nuts/seeds and check B12/iron/calcium planning.","Pregnancy, baby, child, diabetes, kidney disease, eating disorders, allergies and medication interactions require qualified review. Carnivore/very restrictive diets need extra review for fiber/micronutrients.",Use USDA FoodData Central for nutrient values; use Open Food Facts for packaged barcode data with license/attribution handling.,v0.1-safe-seed-2026-06-11
NT0022,Omnivore Pregnancy Support - 3 Meals 1 Snack,pregnant_woman,omnivore,pregnancy_support,3_meals_1_snack,"calculate TDEE/BMR then adjust gently; no aggressive deficit for pregnancy, children or medical users","protein, carbohydrates and fats balanced around training/recovery; personalize by body size, goal, activity and medical review",water first; add electrolytes for long heat/sweat sessions where suitable,vegetables; fruit; legumes; whole grains where tolerated; lean proteins or diet-appropriate alternatives; healthy fats; calcium/iron/B12 sources where relevant,ultra-processed foods; excessive added sugar; alcohol; stimulant-heavy drinks; foods blocked by allergy/medical/religious preference,milk;egg;fish;shellfish;tree_nuts;peanuts;wheat;soy;sesame;sulfites,Use body-weight/goal-based protein targets only after profile setup; prioritize whole foods first.,"After hard training, pair carbohydrate + protein + fluids; for vegan/vegetarian, combine legumes/grains/soy/nuts/seeds and check B12/iron/calcium planning.","Pregnancy, baby, child, diabetes, kidney disease, eating disorders, allergies and medication interactions require qualified review. Carnivore/very restrictive diets need extra review for fiber/micronutrients.",Use USDA FoodData Central for nutrient values; use Open Food Facts for packaged barcode data with license/attribution handling.,v0.1-safe-seed-2026-06-11
NT0023,Omnivore Pregnancy Support - 3 Meals 2 Snacks,pregnant_woman,omnivore,pregnancy_support,3_meals_2_snacks,"calculate TDEE/BMR then adjust gently; no aggressive deficit for pregnancy, children or medical users","protein, carbohydrates and fats balanced around training/recovery; personalize by body size, goal, activity and medical review",water first; add electrolytes for long heat/sweat sessions where suitable,vegetables; fruit; legumes; whole grains where tolerated; lean proteins or diet-appropriate alternatives; healthy fats; calcium/iron/B12 sources where relevant,ultra-processed foods; excessive added sugar; alcohol; stimulant-heavy drinks; foods blocked by allergy/medical/religious preference,milk;egg;fish;shellfish;tree_nuts;peanuts;wheat;soy;sesame;sulfites,Use body-weight/goal-based protein targets only after profile setup; prioritize whole foods first.,"After hard training, pair carbohydrate + protein + fluids; for vegan/vegetarian, combine legumes/grains/soy/nuts/seeds and check B12/iron/calcium planning.","Pregnancy, baby, child, diabetes, kidney disease, eating disorders, allergies and medication interactions require qualified review. Carnivore/very restrictive diets need extra review for fiber/micronutrients.",Use USDA FoodData Central for nutrient values; use Open Food Facts for packaged barcode data with license/attribution handling.,v0.1-safe-seed-2026-06-11
NT0024,Omnivore Postpartum Recovery - 3 Meals,postpartum_parent,omnivore,postpartum_recovery,3_meals,"calculate TDEE/BMR then adjust gently; no aggressive deficit for pregnancy, children or medical users","protein, carbohydrates and fats balanced around training/recovery; personalize by body size, goal, activity and medical review",water first; add electrolytes for long heat/sweat sessions where suitable,vegetables; fruit; legumes; whole grains where tolerated; lean proteins or diet-appropriate alternatives; healthy fats; calcium/iron/B12 sources where relevant,ultra-processed foods; excessive added sugar; alcohol; stimulant-heavy drinks; foods blocked by allergy/medical/religious preference,milk;egg;fish;shellfish;tree_nuts;peanuts;wheat;soy;sesame;sulfites,Use body-weight/goal-based protein targets only after profile setup; prioritize whole foods first.,"After hard training, pair carbohydrate + protein + fluids; for vegan/vegetarian, combine legumes/grains/soy/nuts/seeds and check B12/iron/calcium planning.","Pregnancy, baby, child, diabetes, kidney disease, eating disorders, allergies and medication interactions require qualified review. Carnivore/very restrictive diets need extra review for fiber/micronutrients.",Use USDA FoodData Central for nutrient values; use Open Food Facts for packaged barcode data with license/attribution handling.,v0.1-safe-seed-2026-06-11
NT0025,Omnivore Postpartum Recovery - 3 Meals 1 Snack,postpartum_parent,omnivore,postpartum_recovery,3_meals_1_snack,"calculate TDEE/BMR then adjust gently; no aggressive deficit for pregnancy, children or medical users","protein, carbohydrates and fats balanced around training/recovery; personalize by body size, goal, activity and medical review",water first; add electrolytes for long heat/sweat sessions where suitable,vegetables; fruit; legumes; whole grains where tolerated; lean proteins or diet-appropriate alternatives; healthy fats; calcium/iron/B12 sources where relevant,ultra-processed foods; excessive added sugar; alcohol; stimulant-heavy drinks; foods blocked by allergy/medical/religious preference,milk;egg;fish;shellfish;tree_nuts;peanuts;wheat;soy;sesame;sulfites,Use body-weight/goal-based protein targets only after profile setup; prioritize whole foods first.,"After hard training, pair carbohydrate + protein + fluids; for vegan/vegetarian, combine legumes/grains/soy/nuts/seeds and check B12/iron/calcium planning.","Pregnancy, baby, child, diabetes, kidney disease, eating disorders, allergies and medication interactions require qualified review. Carnivore/very restrictive diets need extra review for fiber/micronutrients.",Use USDA FoodData Central for nutrient values; use Open Food Facts for packaged barcode data with license/attribution handling.,v0.1-safe-seed-2026-06-11
NT0026,Omnivore Postpartum Recovery - 3 Meals 2 Snacks,postpartum_parent,omnivore,postpartum_recovery,3_meals_2_snacks,"calculate TDEE/BMR then adjust gently; no aggressive deficit for pregnancy, children or medical users","protein, carbohydrates and fats balanced around training/recovery; personalize by body size, goal, activity and medical review",water first; add electrolytes for long heat/sweat sessions where suitable,vegetables; fruit; legumes; whole grains where tolerated; lean proteins or diet-appropriate alternatives; healthy fats; calcium/iron/B12 sources where relevant,ultra-processed foods; excessive added sugar; alcohol; stimulant-heavy drinks; foods blocked by allergy/medical/religious preference,milk;egg;fish;shellfish;tree_nuts;peanuts;wheat;soy;sesame;sulfites,Use body-weight/goal-based protein targets only after profile setup; prioritize whole foods first.,"After hard training, pair carbohydrate + protein + fluids; for vegan/vegetarian, combine legumes/grains/soy/nuts/seeds and check B12/iron/calcium planning.","Pregnancy, baby, child, diabetes, kidney disease, eating disorders, allergies and medication interactions require qualified review. Carnivore/very restrictive diets need extra review for fiber/micronutrients.",Use USDA FoodData Central for nutrient values; use Open Food Facts for packaged barcode data with license/attribution handling.,v0.1-safe-seed-2026-06-11
NT0027,Omnivore Postpartum Recovery - Time Restricted 12 Hour Window Adult Only,postpartum_parent,omnivore,postpartum_recovery,time_restricted_12_hour_window_adult_only,"calculate TDEE/BMR then adjust gently; no aggressive deficit for pregnancy, children or medical users","protein, carbohydrates and fats balanced around training/recovery; personalize by body size, goal, activity and medical review",water first; add electrolytes for long heat/sweat sessions where suitable,vegetables; fruit; legumes; whole grains where tolerated; lean proteins or diet-appropriate alternatives; healthy fats; calcium/iron/B12 sources where relevant,ultra-processed foods; excessive added sugar; alcohol; stimulant-heavy drinks; foods blocked by allergy/medical/religious preference,milk;egg;fish;shellfish;tree_nuts;peanuts;wheat;soy;sesame;sulfites,Use body-weight/goal-based protein targets only after profile setup; prioritize whole foods first.,"After hard training, pair carbohydrate + protein + fluids; for vegan/vegetarian, combine legumes/grains/soy/nuts/seeds and check B12/iron/calcium planning.","Pregnancy, baby, child, diabetes, kidney disease, eating disorders, allergies and medication interactions require qualified review. Carnivore/very restrictive diets need extra review for fiber/micronutrients.",Use USDA FoodData Central for nutrient values; use Open Food Facts for packaged barcode data with license/attribution handling.,v0.1-safe-seed-2026-06-11
NT0028,Omnivore Postpartum Recovery - Shift Worker Flexible,postpartum_parent,omnivore,postpartum_recovery,shift_worker_flexible,"calculate TDEE/BMR then adjust gently; no aggressive deficit for pregnancy, children or medical users","protein, carbohydrates and fats balanced around training/recovery; personalize by body size, goal, activity and medical review",water first; add electrolytes for long heat/sweat sessions where suitable,vegetables; fruit; legumes; whole grains where tolerated; lean proteins or diet-appropriate alternatives; healthy fats; calcium/iron/B12 sources where relevant,ultra-processed foods; excessive added sugar; alcohol; stimulant-heavy drinks; foods blocked by allergy/medical/religious preference,milk;egg;fish;shellfish;tree_nuts;peanuts;wheat;soy;sesame;sulfites,Use body-weight/goal-based protein targets only after profile setup; prioritize whole foods first.,"After hard training, pair carbohydrate + protein + fluids; for vegan/vegetarian, combine legumes/grains/soy/nuts/seeds and check B12/iron/calcium planning.","Pregnancy, baby, child, diabetes, kidney disease, eating disorders, allergies and medication interactions require qualified review. Carnivore/very restrictive diets need extra review for fiber/micronutrients.",Use USDA FoodData Central for nutrient values; use Open Food Facts for packaged barcode data with license/attribution handling.,v0.1-safe-seed-2026-06-11
NT0029,Omnivore Child Growth - 3 Meals,child_6_12,omnivore,child_growth,3_meals,"calculate TDEE/BMR then adjust gently; no aggressive deficit for pregnancy, children or medical users","protein, carbohydrates and fats balanced around training/recovery; personalize by body size, goal, activity and medical review",water first; add electrolytes for long heat/sweat sessions where suitable,vegetables; fruit; legumes; whole grains where tolerated; lean proteins or diet-appropriate alternatives; healthy fats; calcium/iron/B12 sources where relevant,ultra-processed foods; excessive added sugar; alcohol; stimulant-heavy drinks; foods blocked by allergy/medical/religious preference,milk;egg;fish;shellfish;tree_nuts;peanuts;wheat;soy;sesame;sulfites,Prioritize whole-food protein. Children/teens should not be prompted to use protein powders; use caregiver and clinician/dietitian review for special diets.,"After hard training, pair carbohydrate + protein + fluids; for vegan/vegetarian, combine legumes/grains/soy/nuts/seeds and check B12/iron/calcium planning.","Pregnancy, baby, child, diabetes, kidney disease, eating disorders, allergies and medication interactions require qualified review. Carnivore/very restrictive diets need extra review for fiber/micronutrients.",Use USDA FoodData Central for nutrient values; use Open Food Facts for packaged barcode data with license/attribution handling.,v0.1-safe-seed-2026-06-11
NT0030,Omnivore Child Growth - 3 Meals 1 Snack,child_6_12,omnivore,child_growth,3_meals_1_snack,"calculate TDEE/BMR then adjust gently; no aggressive deficit for pregnancy, children or medical users","protein, carbohydrates and fats balanced around training/recovery; personalize by body size, goal, activity and medical review",water first; add electrolytes for long heat/sweat sessions where suitable,vegetables; fruit; legumes; whole grains where tolerated; lean proteins or diet-appropriate alternatives; healthy fats; calcium/iron/B12 sources where relevant,ultra-processed foods; excessive added sugar; alcohol; stimulant-heavy drinks; foods blocked by allergy/medical/religious preference,milk;egg;fish;shellfish;tree_nuts;peanuts;wheat;soy;sesame;sulfites,Prioritize whole-food protein. Children/teens should not be prompted to use protein powders; use caregiver and clinician/dietitian review for special diets.,"After hard training, pair carbohydrate + protein + fluids; for vegan/vegetarian, combine legumes/grains/soy/nuts/seeds and check B12/iron/calcium planning.","Pregnancy, baby, child, diabetes, kidney disease, eating disorders, allergies and medication interactions require qualified review. Carnivore/very restrictive diets need extra review for fiber/micronutrients.",Use USDA FoodData Central for nutrient values; use Open Food Facts for packaged barcode data with license/attribution handling.,v0.1-safe-seed-2026-06-11
NT0031,Omnivore Child Growth - 3 Meals 2 Snacks,child_6_12,omnivore,child_growth,3_meals_2_snacks,"calculate TDEE/BMR then adjust gently; no aggressive deficit for pregnancy, children or medical users","protein, carbohydrates and fats balanced around training/recovery; personalize by body size, goal, activity and medical review",water first; add electrolytes for long heat/sweat sessions where suitable,vegetables; fruit; legumes; whole grains where tolerated; lean proteins or diet-appropriate alternatives; healthy fats; calcium/iron/B12 sources where relevant,ultra-processed foods; excessive added sugar; alcohol; stimulant-heavy drinks; foods blocked by allergy/medical/religious preference,milk;egg;fish;shellfish;tree_nuts;peanuts;wheat;soy;sesame;sulfites,Prioritize whole-food protein. Children/teens should not be prompted to use protein powders; use caregiver and clinician/dietitian review for special diets.,"After hard training, pair carbohydrate + protein + fluids; for vegan/vegetarian, combine legumes/grains/soy/nuts/seeds and check B12/iron/calcium planning.","Pregnancy, baby, child, diabetes, kidney disease, eating disorders, allergies and medication interactions require qualified review. Carnivore/very restrictive diets need extra review for fiber/micronutrients.",Use USDA FoodData Central for nutrient values; use Open Food Facts for packaged barcode data with license/attribution handling.,v0.1-safe-seed-2026-06-11
NT0032,Omnivore Teen Sport - 3 Meals,teen_13_17,omnivore,teen_sport,3_meals,"calculate TDEE/BMR then adjust gently; no aggressive deficit for pregnancy, children or medical users","protein, carbohydrates and fats balanced around training/recovery; personalize by body size, goal, activity and medical review",water first; add electrolytes for long heat/sweat sessions where suitable,vegetables; fruit; legumes; whole grains where tolerated; lean proteins or diet-appropriate alternatives; healthy fats; calcium/iron/B12 sources where relevant,ultra-processed foods; excessive added sugar; alcohol; stimulant-heavy drinks; foods blocked by allergy/medical/religious preference,milk;egg;fish;shellfish;tree_nuts;peanuts;wheat;soy;sesame;sulfites,Prioritize whole-food protein. Children/teens should not be prompted to use protein powders; use caregiver and clinician/dietitian review for special diets.,"After hard training, pair carbohydrate + protein + fluids; for vegan/vegetarian, combine legumes/grains/soy/nuts/seeds and check B12/iron/calcium planning.","Pregnancy, baby, child, diabetes, kidney disease, eating disorders, allergies and medication interactions require qualified review. Carnivore/very restrictive diets need extra review for fiber/micronutrients.",Use USDA FoodData Central for nutrient values; use Open Food Facts for packaged barcode data with license/attribution handling.,v0.1-safe-seed-2026-06-11
NT0033,Omnivore Teen Sport - 3 Meals 1 Snack,teen_13_17,omnivore,teen_sport,3_meals_1_snack,"calculate TDEE/BMR then adjust gently; no aggressive deficit for pregnancy, children or medical users","protein, carbohydrates and fats balanced around training/recovery; personalize by body size, goal, activity and medical review",water first; add electrolytes for long heat/sweat sessions where suitable,vegetables; fruit; legumes; whole grains where tolerated; lean proteins or diet-appropriate alternatives; healthy fats; calcium/iron/B12 sources where relevant,ultra-processed foods; excessive added sugar; alcohol; stimulant-heavy drinks; foods blocked by allergy/medical/religious preference,milk;egg;fish;shellfish;tree_nuts;peanuts;wheat;soy;sesame;sulfites,Prioritize whole-food protein. Children/teens should not be prompted to use protein powders; use caregiver and clinician/dietitian review for special diets.,"After hard training, pair carbohydrate + protein + fluids; for vegan/vegetarian, combine legumes/grains/soy/nuts/seeds and check B12/iron/calcium planning.","Pregnancy, baby, child, diabetes, kidney disease, eating disorders, allergies and medication interactions require qualified review. Carnivore/very restrictive diets need extra review for fiber/micronutrients.",Use USDA FoodData Central for nutrient values; use Open Food Facts for packaged barcode data with license/attribution handling.,v0.1-safe-seed-2026-06-11
NT0034,Omnivore Teen Sport - 3 Meals 2 Snacks,teen_13_17,omnivore,teen_sport,3_meals_2_snacks,"calculate TDEE/BMR then adjust gently; no aggressive deficit for pregnancy, children or medical users","protein, carbohydrates and fats balanced around training/recovery; personalize by body size, goal, activity and medical review",water first; add electrolytes for long heat/sweat sessions where suitable,vegetables; fruit; legumes; whole grains where tolerated; lean proteins or diet-appropriate alternatives; healthy fats; calcium/iron/B12 sources where relevant,ultra-processed foods; excessive added sugar; alcohol; stimulant-heavy drinks; foods blocked by allergy/medical/religious preference,milk;egg;fish;shellfish;tree_nuts;peanuts;wheat;soy;sesame;sulfites,Prioritize whole-food protein. Children/teens should not be prompted to use protein powders; use caregiver and clinician/dietitian review for special diets.,"After hard training, pair carbohydrate + protein + fluids; for vegan/vegetarian, combine legumes/grains/soy/nuts/seeds and check B12/iron/calcium planning.","Pregnancy, baby, child, diabetes, kidney disease, eating disorders, allergies and medication interactions require qualified review. Carnivore/very restrictive diets need extra review for fiber/micronutrients.",Use USDA FoodData Central for nutrient values; use Open Food Facts for packaged barcode data with license/attribution handling.,v0.1-safe-seed-2026-06-11
NT0035,Omnivore Recovery Day - 3 Meals,general_adult,omnivore,recovery_day,3_meals,"calculate TDEE/BMR then adjust gently; no aggressive deficit for pregnancy, children or medical users","protein, carbohydrates and fats balanced around training/recovery; personalize by body size, goal, activity and medical review",water first; add electrolytes for long heat/sweat sessions where suitable,vegetables; fruit; legumes; whole grains where tolerated; lean proteins or diet-appropriate alternatives; healthy fats; calcium/iron/B12 sources where relevant,ultra-processed foods; excessive added sugar; alcohol; stimulant-heavy drinks; foods blocked by allergy/medical/religious preference,milk;egg;fish;shellfish;tree_nuts;peanuts;wheat;soy;sesame;sulfites,Use body-weight/goal-based protein targets only after profile setup; prioritize whole foods first.,"After hard training, pair carbohydrate + protein + fluids; for vegan/vegetarian, combine legumes/grains/soy/nuts/seeds and check B12/iron/calcium planning.","Pregnancy, baby, child, diabetes, kidney disease, eating disorders, allergies and medication interactions require qualified review. Carnivore/very restrictive diets need extra review for fiber/micronutrients.",Use USDA FoodData Central for nutrient values; use Open Food Facts for packaged barcode data with license/attribution handling.,v0.1-safe-seed-2026-06-11
NT0036,Omnivore Recovery Day - 3 Meals 1 Snack,general_adult,omnivore,recovery_day,3_meals_1_snack,"calculate TDEE/BMR then adjust gently; no aggressive deficit for pregnancy, children or medical users","protein, carbohydrates and fats balanced around training/recovery; personalize by body size, goal, activity and medical review",water first; add electrolytes for long heat/sweat sessions where suitable,vegetables; fruit; legumes; whole grains where tolerated; lean proteins or diet-appropriate alternatives; healthy fats; calcium/iron/B12 sources where relevant,ultra-processed foods; excessive added sugar; alcohol; stimulant-heavy drinks; foods blocked by allergy/medical/religious preference,milk;egg;fish;shellfish;tree_nuts;peanuts;wheat;soy;sesame;sulfites,Use body-weight/goal-based protein targets only after profile setup; prioritize whole foods first.,"After hard training, pair carbohydrate + protein + fluids; for vegan/vegetarian, combine legumes/grains/soy/nuts/seeds and check B12/iron/calcium planning.","Pregnancy, baby, child, diabetes, kidney disease, eating disorders, allergies and medication interactions require qualified review. Carnivore/very restrictive diets need extra review for fiber/micronutrients.",Use USDA FoodData Central for nutrient values; use Open Food Facts for packaged barcode data with license/attribution handling.,v0.1-safe-seed-2026-06-11
NT0037,Omnivore Recovery Day - 3 Meals 2 Snacks,general_adult,omnivore,recovery_day,3_meals_2_snacks,"calculate TDEE/BMR then adjust gently; no aggressive deficit for pregnancy, children or medical users","protein, carbohydrates and fats balanced around training/recovery; personalize by body size, goal, activity and medical review",water first; add electrolytes for long heat/sweat sessions where suitable,vegetables; fruit; legumes; whole grains where tolerated; lean proteins or diet-appropriate alternatives; healthy fats; calcium/iron/B12 sources where relevant,ultra-processed foods; excessive added sugar; alcohol; stimulant-heavy drinks; foods blocked by allergy/medical/religious preference,milk;egg;fish;shellfish;tree_nuts;peanuts;wheat;soy;sesame;sulfites,Use body-weight/goal-based protein targets only after profile setup; prioritize whole foods first.,"After hard training, pair carbohydrate + protein + fluids; for vegan/vegetarian, combine legumes/grains/soy/nuts/seeds and check B12/iron/calcium planning.","Pregnancy, baby, child, diabetes, kidney disease, eating disorders, allergies and medication interactions require qualified review. Carnivore/very restrictive diets need extra review for fiber/micronutrients.",Use USDA FoodData Central for nutrient values; use Open Food Facts for packaged barcode data with license/attribution handling.,v0.1-safe-seed-2026-06-11
NT0038,Omnivore Recovery Day - Time Restricted 12 Hour Window Adult Only,general_adult,omnivore,recovery_day,time_restricted_12_hour_window_adult_only,"calculate TDEE/BMR then adjust gently; no aggressive deficit for pregnancy, children or medical users","protein, carbohydrates and fats balanced around training/recovery; personalize by body size, goal, activity and medical review",water first; add electrolytes for long heat/sweat sessions where suitable,vegetables; fruit; legumes; whole grains where tolerated; lean proteins or diet-appropriate alternatives; healthy fats; calcium/iron/B12 sources where relevant,ultra-processed foods; excessive added sugar; alcohol; stimulant-heavy drinks; foods blocked by allergy/medical/religious preference,milk;egg;fish;shellfish;tree_nuts;peanuts;wheat;soy;sesame;sulfites,Use body-weight/goal-based protein targets only after profile setup; prioritize whole foods first.,"After hard training, pair carbohydrate + protein + fluids; for vegan/vegetarian, combine legumes/grains/soy/nuts/seeds and check B12/iron/calcium planning.","Pregnancy, baby, child, diabetes, kidney disease, eating disorders, allergies and medication interactions require qualified review. Carnivore/very restrictive diets need extra review for fiber/micronutrients.",Use USDA FoodData Central for nutrient values; use Open Food Facts for packaged barcode data with license/attribution handling.,v0.1-safe-seed-2026-06-11
NT0039,Omnivore Recovery Day - Shift Worker Flexible,general_adult,omnivore,recovery_day,shift_worker_flexible,"calculate TDEE/BMR then adjust gently; no aggressive deficit for pregnancy, children or medical users","protein, carbohydrates and fats balanced around training/recovery; personalize by body size, goal, activity and medical review",water first; add electrolytes for long heat/sweat sessions where suitable,vegetables; fruit; legumes; whole grains where tolerated; lean proteins or diet-appropriate alternatives; healthy fats; calcium/iron/B12 sources where relevant,ultra-processed foods; excessive added sugar; alcohol; stimulant-heavy drinks; foods blocked by allergy/medical/religious preference,milk;egg;fish;shellfish;tree_nuts;peanuts;wheat;soy;sesame;sulfites,Use body-weight/goal-based protein targets only after profile setup; prioritize whole foods first.,"After hard training, pair carbohydrate + protein + fluids; for vegan/vegetarian, combine legumes/grains/soy/nuts/seeds and check B12/iron/calcium planning.","Pregnancy, baby, child, diabetes, kidney disease, eating disorders, allergies and medication interactions require qualified review. Carnivore/very restrictive diets need extra review for fiber/micronutrients.",Use USDA FoodData Central for nutrient values; use Open Food Facts for packaged barcode data with license/attribution handling.,v0.1-safe-seed-2026-06-11
NT0040,Vegetarian Weight Loss - 3 Meals,general_adult,vegetarian,weight_loss,3_meals,"calculate TDEE/BMR then adjust gently; no aggressive deficit for pregnancy, children or medical users","protein, carbohydrates and fats balanced around training/recovery; personalize by body size, goal, activity and medical review",water first; add electrolytes for long heat/sweat sessions where suitable,vegetables; fruit; legumes; whole grains where tolerated; lean proteins or diet-appropriate alternatives; healthy fats; calcium/iron/B12 sources where relevant,ultra-processed foods; excessive added sugar; alcohol; stimulant-heavy drinks; foods blocked by allergy/medical/religious preference,milk;egg;fish;shellfish;tree_nuts;peanuts;wheat;soy;sesame;sulfites,Use body-weight/goal-based protein targets only after profile setup; prioritize whole foods first.,"After hard training, pair carbohydrate + protein + fluids; for vegan/vegetarian, combine legumes/grains/soy/nuts/seeds and check B12/iron/calcium planning.","Pregnancy, baby, child, diabetes, kidney disease, eating disorders, allergies and medication interactions require qualified review. Carnivore/very restrictive diets need extra review for fiber/micronutrients.",Use USDA FoodData Central for nutrient values; use Open Food Facts for packaged barcode data with license/attribution handling.,v0.1-safe-seed-2026-06-11
NT0041,Vegetarian Weight Loss - 3 Meals 1 Snack,general_adult,vegetarian,weight_loss,3_meals_1_snack,"calculate TDEE/BMR then adjust gently; no aggressive deficit for pregnancy, children or medical users","protein, carbohydrates and fats balanced around training/recovery; personalize by body size, goal, activity and medical review",water first; add electrolytes for long heat/sweat sessions where suitable,vegetables; fruit; legumes; whole grains where tolerated; lean proteins or diet-appropriate alternatives; healthy fats; calcium/iron/B12 sources where relevant,ultra-processed foods; excessive added sugar; alcohol; stimulant-heavy drinks; foods blocked by allergy/medical/religious preference,milk;egg;fish;shellfish;tree_nuts;peanuts;wheat;soy;sesame;sulfites,Use body-weight/goal-based protein targets only after profile setup; prioritize whole foods first.,"After hard training, pair carbohydrate + protein + fluids; for vegan/vegetarian, combine legumes/grains/soy/nuts/seeds and check B12/iron/calcium planning.","Pregnancy, baby, child, diabetes, kidney disease, eating disorders, allergies and medication interactions require qualified review. Carnivore/very restrictive diets need extra review for fiber/micronutrients.",Use USDA FoodData Central for nutrient values; use Open Food Facts for packaged barcode data with license/attribution handling.,v0.1-safe-seed-2026-06-11
NT0042,Vegetarian Weight Loss - 3 Meals 2 Snacks,general_adult,vegetarian,weight_loss,3_meals_2_snacks,"calculate TDEE/BMR then adjust gently; no aggressive deficit for pregnancy, children or medical users","protein, carbohydrates and fats balanced around training/recovery; personalize by body size, goal, activity and medical review",water first; add electrolytes for long heat/sweat sessions where suitable,vegetables; fruit; legumes; whole grains where tolerated; lean proteins or diet-appropriate alternatives; healthy fats; calcium/iron/B12 sources where relevant,ultra-processed foods; excessive added sugar; alcohol; stimulant-heavy drinks; foods blocked by allergy/medical/religious preference,milk;egg;fish;shellfish;tree_nuts;peanuts;wheat;soy;sesame;sulfites,Use body-weight/goal-based protein targets only after profile setup; prioritize whole foods first.,"After hard training, pair carbohydrate + protein + fluids; for vegan/vegetarian, combine legumes/grains/soy/nuts/seeds and check B12/iron/calcium planning.","Pregnancy, baby, child, diabetes, kidney disease, eating disorders, allergies and medication interactions require qualified review. Carnivore/very restrictive diets need extra review for fiber/micronutrients.",Use USDA FoodData Central for nutrient values; use Open Food Facts for packaged barcode data with license/attribution handling.,v0.1-safe-seed-2026-06-11
NT0043,Vegetarian Weight Loss - Time Restricted 12 Hour Window Adult Only,general_adult,vegetarian,weight_loss,time_restricted_12_hour_window_adult_only,"calculate TDEE/BMR then adjust gently; no aggressive deficit for pregnancy, children or medical users","protein, carbohydrates and fats balanced around training/recovery; personalize by body size, goal, activity and medical review",water first; add electrolytes for long heat/sweat sessions where suitable,vegetables; fruit; legumes; whole grains where tolerated; lean proteins or diet-appropriate alternatives; healthy fats; calcium/iron/B12 sources where relevant,ultra-processed foods; excessive added sugar; alcohol; stimulant-heavy drinks; foods blocked by allergy/medical/religious preference,milk;egg;fish;shellfish;tree_nuts;peanuts;wheat;soy;sesame;sulfites,Use body-weight/goal-based protein targets only after profile setup; prioritize whole foods first.,"After hard training, pair carbohydrate + protein + fluids; for vegan/vegetarian, combine legumes/grains/soy/nuts/seeds and check B12/iron/calcium planning.","Pregnancy, baby, child, diabetes, kidney disease, eating disorders, allergies and medication interactions require qualified review. Carnivore/very restrictive diets need extra review for fiber/micronutrients.",Use USDA FoodData Central for nutrient values; use Open Food Facts for packaged barcode data with license/attribution handling.,v0.1-safe-seed-2026-06-11
NT0044,Vegetarian Weight Loss - Shift Worker Flexible,general_adult,vegetarian,weight_loss,shift_worker_flexible,"calculate TDEE/BMR then adjust gently; no aggressive deficit for pregnancy, children or medical users","protein, carbohydrates and fats balanced around training/recovery; personalize by body size, goal, activity and medical review",water first; add electrolytes for long heat/sweat sessions where suitable,vegetables; fruit; legumes; whole grains where tolerated; lean proteins or diet-appropriate alternatives; healthy fats; calcium/iron/B12 sources where relevant,ultra-processed foods; excessive added sugar; alcohol; stimulant-heavy drinks; foods blocked by allergy/medical/religious preference,milk;egg;fish;shellfish;tree_nuts;peanuts;wheat;soy;sesame;sulfites,Use body-weight/goal-based protein targets only after profile setup; prioritize whole foods first.,"After hard training, pair carbohydrate + protein + fluids; for vegan/vegetarian, combine legumes/grains/soy/nuts/seeds and check B12/iron/calcium planning.","Pregnancy, baby, child, diabetes, kidney disease, eating disorders, allergies and medication interactions require qualified review. Carnivore/very restrictive diets need extra review for fiber/micronutrients.",Use USDA FoodData Central for nutrient values; use Open Food Facts for packaged barcode data with license/attribution handling.,v0.1-safe-seed-2026-06-11
NT0045,Vegetarian Muscle Gain - 3 Meals,general_adult,vegetarian,muscle_gain,3_meals,"calculate TDEE/BMR then adjust gently; no aggressive deficit for pregnancy, children or medical users","protein, carbohydrates and fats balanced around training/recovery; personalize by body size, goal, activity and medical review",water first; add electrolytes for long heat/sweat sessions where suitable,vegetables; fruit; legumes; whole grains where tolerated; lean proteins or diet-appropriate alternatives; healthy fats; calcium/iron/B12 sources where relevant,ultra-processed foods; excessive added sugar; alcohol; stimulant-heavy drinks; foods blocked by allergy/medical/religious preference,milk;egg;fish;shellfish;tree_nuts;peanuts;wheat;soy;sesame;sulfites,Use body-weight/goal-based protein targets only after profile setup; prioritize whole foods first.,"After hard training, pair carbohydrate + protein + fluids; for vegan/vegetarian, combine legumes/grains/soy/nuts/seeds and check B12/iron/calcium planning.","Pregnancy, baby, child, diabetes, kidney disease, eating disorders, allergies and medication interactions require qualified review. Carnivore/very restrictive diets need extra review for fiber/micronutrients.",Use USDA FoodData Central for nutrient values; use Open Food Facts for packaged barcode data with license/attribution handling.,v0.1-safe-seed-2026-06-11
NT0046,Vegetarian Muscle Gain - 3 Meals 1 Snack,general_adult,vegetarian,muscle_gain,3_meals_1_snack,"calculate TDEE/BMR then adjust gently; no aggressive deficit for pregnancy, children or medical users","protein, carbohydrates and fats balanced around training/recovery; personalize by body size, goal, activity and medical review",water first; add electrolytes for long heat/sweat sessions where suitable,vegetables; fruit; legumes; whole grains where tolerated; lean proteins or diet-appropriate alternatives; healthy fats; calcium/iron/B12 sources where relevant,ultra-processed foods; excessive added sugar; alcohol; stimulant-heavy drinks; foods blocked by allergy/medical/religious preference,milk;egg;fish;shellfish;tree_nuts;peanuts;wheat;soy;sesame;sulfites,Use body-weight/goal-based protein targets only after profile setup; prioritize whole foods first.,"After hard training, pair carbohydrate + protein + fluids; for vegan/vegetarian, combine legumes/grains/soy/nuts/seeds and check B12/iron/calcium planning.","Pregnancy, baby, child, diabetes, kidney disease, eating disorders, allergies and medication interactions require qualified review. Carnivore/very restrictive diets need extra review for fiber/micronutrients.",Use USDA FoodData Central for nutrient values; use Open Food Facts for packaged barcode data with license/attribution handling.,v0.1-safe-seed-2026-06-11
NT0047,Vegetarian Muscle Gain - 3 Meals 2 Snacks,general_adult,vegetarian,muscle_gain,3_meals_2_snacks,"calculate TDEE/BMR then adjust gently; no aggressive deficit for pregnancy, children or medical users","protein, carbohydrates and fats balanced around training/recovery; personalize by body size, goal, activity and medical review",water first; add electrolytes for long heat/sweat sessions where suitable,vegetables; fruit; legumes; whole grains where tolerated; lean proteins or diet-appropriate alternatives; healthy fats; calcium/iron/B12 sources where relevant,ultra-processed foods; excessive added sugar; alcohol; stimulant-heavy drinks; foods blocked by allergy/medical/religious preference,milk;egg;fish;shellfish;tree_nuts;peanuts;wheat;soy;sesame;sulfites,Use body-weight/goal-based protein targets only after profile setup; prioritize whole foods first.,"After hard training, pair carbohydrate + protein + fluids; for vegan/vegetarian, combine legumes/grains/soy/nuts/seeds and check B12/iron/calcium planning.","Pregnancy, baby, child, diabetes, kidney disease, eating disorders, allergies and medication interactions require qualified review. Carnivore/very restrictive diets need extra review for fiber/micronutrients.",Use USDA FoodData Central for nutrient values; use Open Food Facts for packaged barcode data with license/attribution handling.,v0.1-safe-seed-2026-06-11
NT0048,Vegetarian Muscle Gain - Time Restricted 12 Hour Window Adult Only,general_adult,vegetarian,muscle_gain,time_restricted_12_hour_window_adult_only,"calculate TDEE/BMR then adjust gently; no aggressive deficit for pregnancy, children or medical users","protein, carbohydrates and fats balanced around training/recovery; personalize by body size, goal, activity and medical review",water first; add electrolytes for long heat/sweat sessions where suitable,vegetables; fruit; legumes; whole grains where tolerated; lean proteins or diet-appropriate alternatives; healthy fats; calcium/iron/B12 sources where relevant,ultra-processed foods; excessive added sugar; alcohol; stimulant-heavy drinks; foods blocked by allergy/medical/religious preference,milk;egg;fish;shellfish;tree_nuts;peanuts;wheat;soy;sesame;sulfites,Use body-weight/goal-based protein targets only after profile setup; prioritize whole foods first.,"After hard training, pair carbohydrate + protein + fluids; for vegan/vegetarian, combine legumes/grains/soy/nuts/seeds and check B12/iron/calcium planning.","Pregnancy, baby, child, diabetes, kidney disease, eating disorders, allergies and medication interactions require qualified review. Carnivore/very restrictive diets need extra review for fiber/micronutrients.",Use USDA FoodData Central for nutrient values; use Open Food Facts for packaged barcode data with license/attribution handling.,v0.1-safe-seed-2026-06-11
NT0049,Vegetarian Muscle Gain - Shift Worker Flexible,general_adult,vegetarian,muscle_gain,shift_worker_flexible,"calculate TDEE/BMR then adjust gently; no aggressive deficit for pregnancy, children or medical users","protein, carbohydrates and fats balanced around training/recovery; personalize by body size, goal, activity and medical review",water first; add electrolytes for long heat/sweat sessions where suitable,vegetables; fruit; legumes; whole grains where tolerated; lean proteins or diet-appropriate alternatives; healthy fats; calcium/iron/B12 sources where relevant,ultra-processed foods; excessive added sugar; alcohol; stimulant-heavy drinks; foods blocked by allergy/medical/religious preference,milk;egg;fish;shellfish;tree_nuts;peanuts;wheat;soy;sesame;sulfites,Use body-weight/goal-based protein targets only after profile setup; prioritize whole foods first.,"After hard training, pair carbohydrate + protein + fluids; for vegan/vegetarian, combine legumes/grains/soy/nuts/seeds and check B12/iron/calcium planning.","Pregnancy, baby, child, diabetes, kidney disease, eating disorders, allergies and medication interactions require qualified review. Carnivore/very restrictive diets need extra review for fiber/micronutrients.",Use USDA FoodData Central for nutrient values; use Open Food Facts for packaged barcode data with license/attribution handling.,v0.1-safe-seed-2026-06-11
NT0050,Vegetarian Maintenance - 3 Meals,general_adult,vegetarian,maintenance,3_meals,"calculate TDEE/BMR then adjust gently; no aggressive deficit for pregnancy, children or medical users","protein, carbohydrates and fats balanced around training/recovery; personalize by body size, goal, activity and medical review",water first; add electrolytes for long heat/sweat sessions where suitable,vegetables; fruit; legumes; whole grains where tolerated; lean proteins or diet-appropriate alternatives; healthy fats; calcium/iron/B12 sources where relevant,ultra-processed foods; excessive added sugar; alcohol; stimulant-heavy drinks; foods blocked by allergy/medical/religious preference,milk;egg;fish;shellfish;tree_nuts;peanuts;wheat;soy;sesame;sulfites,Use body-weight/goal-based protein targets only after profile setup; prioritize whole foods first.,"After hard training, pair carbohydrate + protein + fluids; for vegan/vegetarian, combine legumes/grains/soy/nuts/seeds and check B12/iron/calcium planning.","Pregnancy, baby, child, diabetes, kidney disease, eating disorders, allergies and medication interactions require qualified review. Carnivore/very restrictive diets need extra review for fiber/micronutrients.",Use USDA FoodData Central for nutrient values; use Open Food Facts for packaged barcode data with license/attribution handling.,v0.1-safe-seed-2026-06-11
NT0051,Vegetarian Maintenance - 3 Meals 1 Snack,general_adult,vegetarian,maintenance,3_meals_1_snack,"calculate TDEE/BMR then adjust gently; no aggressive deficit for pregnancy, children or medical users","protein, carbohydrates and fats balanced around training/recovery; personalize by body size, goal, activity and medical review",water first; add electrolytes for long heat/sweat sessions where suitable,vegetables; fruit; legumes; whole grains where tolerated; lean proteins or diet-appropriate alternatives; healthy fats; calcium/iron/B12 sources where relevant,ultra-processed foods; excessive added sugar; alcohol; stimulant-heavy drinks; foods blocked by allergy/medical/religious preference,milk;egg;fish;shellfish;tree_nuts;peanuts;wheat;soy;sesame;sulfites,Use body-weight/goal-based protein targets only after profile setup; prioritize whole foods first.,"After hard training, pair carbohydrate + protein + fluids; for vegan/vegetarian, combine legumes/grains/soy/nuts/seeds and check B12/iron/calcium planning.","Pregnancy, baby, child, diabetes, kidney disease, eating disorders, allergies and medication interactions require qualified review. Carnivore/very restrictive diets need extra review for fiber/micronutrients.",Use USDA FoodData Central for nutrient values; use Open Food Facts for packaged barcode data with license/attribution handling.,v0.1-safe-seed-2026-06-11
NT0052,Vegetarian Maintenance - 3 Meals 2 Snacks,general_adult,vegetarian,maintenance,3_meals_2_snacks,"calculate TDEE/BMR then adjust gently; no aggressive deficit for pregnancy, children or medical users","protein, carbohydrates and fats balanced around training/recovery; personalize by body size, goal, activity and medical review",water first; add electrolytes for long heat/sweat sessions where suitable,vegetables; fruit; legumes; whole grains where tolerated; lean proteins or diet-appropriate alternatives; healthy fats; calcium/iron/B12 sources where relevant,ultra-processed foods; excessive added sugar; alcohol; stimulant-heavy drinks; foods blocked by allergy/medical/religious preference,milk;egg;fish;shellfish;tree_nuts;peanuts;wheat;soy;sesame;sulfites,Use body-weight/goal-based protein targets only after profile setup; prioritize whole foods first.,"After hard training, pair carbohydrate + protein + fluids; for vegan/vegetarian, combine legumes/grains/soy/nuts/seeds and check B12/iron/calcium planning.","Pregnancy, baby, child, diabetes, kidney disease, eating disorders, allergies and medication interactions require qualified review. Carnivore/very restrictive diets need extra review for fiber/micronutrients.",Use USDA FoodData Central for nutrient values; use Open Food Facts for packaged barcode data with license/attribution handling.,v0.1-safe-seed-2026-06-11
NT0053,Vegetarian Maintenance - Time Restricted 12 Hour Window Adult Only,general_adult,vegetarian,maintenance,time_restricted_12_hour_window_adult_only,"calculate TDEE/BMR then adjust gently; no aggressive deficit for pregnancy, children or medical users","protein, carbohydrates and fats balanced around training/recovery; personalize by body size, goal, activity and medical review",water first; add electrolytes for long heat/sweat sessions where suitable,vegetables; fruit; legumes; whole grains where tolerated; lean proteins or diet-appropriate alternatives; healthy fats; calcium/iron/B12 sources where relevant,ultra-processed foods; excessive added sugar; alcohol; stimulant-heavy drinks; foods blocked by allergy/medical/religious preference,milk;egg;fish;shellfish;tree_nuts;peanuts;wheat;soy;sesame;sulfites,Use body-weight/goal-based protein targets only after profile setup; prioritize whole foods first.,"After hard training, pair carbohydrate + protein + fluids; for vegan/vegetarian, combine legumes/grains/soy/nuts/seeds and check B12/iron/calcium planning.","Pregnancy, baby, child, diabetes, kidney disease, eating disorders, allergies and medication interactions require qualified review. Carnivore/very restrictive diets need extra review for fiber/micronutrients.",Use USDA FoodData Central for nutrient values; use Open Food Facts for packaged barcode data with license/attribution handling.,v0.1-safe-seed-2026-06-11
NT0054,Vegetarian Maintenance - Shift Worker Flexible,general_adult,vegetarian,maintenance,shift_worker_flexible,"calculate TDEE/BMR then adjust gently; no aggressive deficit for pregnancy, children or medical users","protein, carbohydrates and fats balanced around training/recovery; personalize by body size, goal, activity and medical review",water first; add electrolytes for long heat/sweat sessions where suitable,vegetables; fruit; legumes; whole grains where tolerated; lean proteins or diet-appropriate alternatives; healthy fats; calcium/iron/B12 sources where relevant,ultra-processed foods; excessive added sugar; alcohol; stimulant-heavy drinks; foods blocked by allergy/medical/religious preference,milk;egg;fish;shellfish;tree_nuts;peanuts;wheat;soy;sesame;sulfites,Use body-weight/goal-based protein targets only after profile setup; prioritize whole foods first.,"After hard training, pair carbohydrate + protein + fluids; for vegan/vegetarian, combine legumes/grains/soy/nuts/seeds and check B12/iron/calcium planning.","Pregnancy, baby, child, diabetes, kidney disease, eating disorders, allergies and medication interactions require qualified review. Carnivore/very restrictive diets need extra review for fiber/micronutrients.",Use USDA FoodData Central for nutrient values; use Open Food Facts for packaged barcode data with license/attribution handling.,v0.1-safe-seed-2026-06-11
NT0055,Vegetarian Endurance - 3 Meals,general_adult,vegetarian,endurance,3_meals,"calculate TDEE/BMR then adjust gently; no aggressive deficit for pregnancy, children or medical users","protein, carbohydrates and fats balanced around training/recovery; personalize by body size, goal, activity and medical review",water first; add electrolytes for long heat/sweat sessions where suitable,vegetables; fruit; legumes; whole grains where tolerated; lean proteins or diet-appropriate alternatives; healthy fats; calcium/iron/B12 sources where relevant,ultra-processed foods; excessive added sugar; alcohol; stimulant-heavy drinks; foods blocked by allergy/medical/religious preference,milk;egg;fish;shellfish;tree_nuts;peanuts;wheat;soy;sesame;sulfites,Use body-weight/goal-based protein targets only after profile setup; prioritize whole foods first.,"After hard training, pair carbohydrate + protein + fluids; for vegan/vegetarian, combine legumes/grains/soy/nuts/seeds and check B12/iron/calcium planning.","Pregnancy, baby, child, diabetes, kidney disease, eating disorders, allergies and medication interactions require qualified review. Carnivore/very restrictive diets need extra review for fiber/micronutrients.",Use USDA FoodData Central for nutrient values; use Open Food Facts for packaged barcode data with license/attribution handling.,v0.1-safe-seed-2026-06-11
NT0056,Vegetarian Endurance - 3 Meals 1 Snack,general_adult,vegetarian,endurance,3_meals_1_snack,"calculate TDEE/BMR then adjust gently; no aggressive deficit for pregnancy, children or medical users","protein, carbohydrates and fats balanced around training/recovery; personalize by body size, goal, activity and medical review",water first; add electrolytes for long heat/sweat sessions where suitable,vegetables; fruit; legumes; whole grains where tolerated; lean proteins or diet-appropriate alternatives; healthy fats; calcium/iron/B12 sources where relevant,ultra-processed foods; excessive added sugar; alcohol; stimulant-heavy drinks; foods blocked by allergy/medical/religious preference,milk;egg;fish;shellfish;tree_nuts;peanuts;wheat;soy;sesame;sulfites,Use body-weight/goal-based protein targets only after profile setup; prioritize whole foods first.,"After hard training, pair carbohydrate + protein + fluids; for vegan/vegetarian, combine legumes/grains/soy/nuts/seeds and check B12/iron/calcium planning.","Pregnancy, baby, child, diabetes, kidney disease, eating disorders, allergies and medication interactions require qualified review. Carnivore/very restrictive diets need extra review for fiber/micronutrients.",Use USDA FoodData Central for nutrient values; use Open Food Facts for packaged barcode data with license/attribution handling.,v0.1-safe-seed-2026-06-11
NT0057,Vegetarian Endurance - 3 Meals 2 Snacks,general_adult,vegetarian,endurance,3_meals_2_snacks,"calculate TDEE/BMR then adjust gently; no aggressive deficit for pregnancy, children or medical users","protein, carbohydrates and fats balanced around training/recovery; personalize by body size, goal, activity and medical review",water first; add electrolytes for long heat/sweat sessions where suitable,vegetables; fruit; legumes; whole grains where tolerated; lean proteins or diet-appropriate alternatives; healthy fats; calcium/iron/B12 sources where relevant,ultra-processed foods; excessive added sugar; alcohol; stimulant-heavy drinks; foods blocked by allergy/medical/religious preference,milk;egg;fish;shellfish;tree_nuts;peanuts;wheat;soy;sesame;sulfites,Use body-weight/goal-based protein targets only after profile setup; prioritize whole foods first.,"After hard training, pair carbohydrate + protein + fluids; for vegan/vegetarian, combine legumes/grains/soy/nuts/seeds and check B12/iron/calcium planning.","Pregnancy, baby, child, diabetes, kidney disease, eating disorders, allergies and medication interactions require qualified review. Carnivore/very restrictive diets need extra review for fiber/micronutrients.",Use USDA FoodData Central for nutrient values; use Open Food Facts for packaged barcode data with license/attribution handling.,v0.1-safe-seed-2026-06-11
NT0058,Vegetarian Endurance - Time Restricted 12 Hour Window Adult Only,general_adult,vegetarian,endurance,time_restricted_12_hour_window_adult_only,"calculate TDEE/BMR then adjust gently; no aggressive deficit for pregnancy, children or medical users","protein, carbohydrates and fats balanced around training/recovery; personalize by body size, goal, activity and medical review",water first; add electrolytes for long heat/sweat sessions where suitable,vegetables; fruit; legumes; whole grains where tolerated; lean proteins or diet-appropriate alternatives; healthy fats; calcium/iron/B12 sources where relevant,ultra-processed foods; excessive added sugar; alcohol; stimulant-heavy drinks; foods blocked by allergy/medical/religious preference,milk;egg;fish;shellfish;tree_nuts;peanuts;wheat;soy;sesame;sulfites,Use body-weight/goal-based protein targets only after profile setup; prioritize whole foods first.,"After hard training, pair carbohydrate + protein + fluids; for vegan/vegetarian, combine legumes/grains/soy/nuts/seeds and check B12/iron/calcium planning.","Pregnancy, baby, child, diabetes, kidney disease, eating disorders, allergies and medication interactions require qualified review. Carnivore/very restrictive diets need extra review for fiber/micronutrients.",Use USDA FoodData Central for nutrient values; use Open Food Facts for packaged barcode data with license/attribution handling.,v0.1-safe-seed-2026-06-11
NT0059,Vegetarian Endurance - Shift Worker Flexible,general_adult,vegetarian,endurance,shift_worker_flexible,"calculate TDEE/BMR then adjust gently; no aggressive deficit for pregnancy, children or medical users","protein, carbohydrates and fats balanced around training/recovery; personalize by body size, goal, activity and medical review",water first; add electrolytes for long heat/sweat sessions where suitable,vegetables; fruit; legumes; whole grains where tolerated; lean proteins or diet-appropriate alternatives; healthy fats; calcium/iron/B12 sources where relevant,ultra-processed foods; excessive added sugar; alcohol; stimulant-heavy drinks; foods blocked by allergy/medical/religious preference,milk;egg;fish;shellfish;tree_nuts;peanuts;wheat;soy;sesame;sulfites,Use body-weight/goal-based protein targets only after profile setup; prioritize whole foods first.,"After hard training, pair carbohydrate + protein + fluids; for vegan/vegetarian, combine legumes/grains/soy/nuts/seeds and check B12/iron/calcium planning.","Pregnancy, baby, child, diabetes, kidney disease, eating disorders, allergies and medication interactions require qualified review. Carnivore/very restrictive diets need extra review for fiber/micronutrients.",Use USDA FoodData Central for nutrient values; use Open Food Facts for packaged barcode data with license/attribution handling.,v0.1-safe-seed-2026-06-11
NT0060,Vegetarian Pregnancy Support - 3 Meals,pregnant_woman,vegetarian,pregnancy_support,3_meals,"calculate TDEE/BMR then adjust gently; no aggressive deficit for pregnancy, children or medical users","protein, carbohydrates and fats balanced around training/recovery; personalize by body size, goal, activity and medical review",water first; add electrolytes for long heat/sweat sessions where suitable,vegetables; fruit; legumes; whole grains where tolerated; lean proteins or diet-appropriate alternatives; healthy fats; calcium/iron/B12 sources where relevant,ultra-processed foods; excessive added sugar; alcohol; stimulant-heavy drinks; foods blocked by allergy/medical/religious preference,milk;egg;fish;shellfish;tree_nuts;peanuts;wheat;soy;sesame;sulfites,Use body-weight/goal-based protein targets only after profile setup; prioritize whole foods first.,"After hard training, pair carbohydrate + protein + fluids; for vegan/vegetarian, combine legumes/grains/soy/nuts/seeds and check B12/iron/calcium planning.","Pregnancy, baby, child, diabetes, kidney disease, eating disorders, allergies and medication interactions require qualified review. Carnivore/very restrictive diets need extra review for fiber/micronutrients.",Use USDA FoodData Central for nutrient values; use Open Food Facts for packaged barcode data with license/attribution handling.,v0.1-safe-seed-2026-06-11
NT0061,Vegetarian Pregnancy Support - 3 Meals 1 Snack,pregnant_woman,vegetarian,pregnancy_support,3_meals_1_snack,"calculate TDEE/BMR then adjust gently; no aggressive deficit for pregnancy, children or medical users","protein, carbohydrates and fats balanced around training/recovery; personalize by body size, goal, activity and medical review",water first; add electrolytes for long heat/sweat sessions where suitable,vegetables; fruit; legumes; whole grains where tolerated; lean proteins or diet-appropriate alternatives; healthy fats; calcium/iron/B12 sources where relevant,ultra-processed foods; excessive added sugar; alcohol; stimulant-heavy drinks; foods blocked by allergy/medical/religious preference,milk;egg;fish;shellfish;tree_nuts;peanuts;wheat;soy;sesame;sulfites,Use body-weight/goal-based protein targets only after profile setup; prioritize whole foods first.,"After hard training, pair carbohydrate + protein + fluids; for vegan/vegetarian, combine legumes/grains/soy/nuts/seeds and check B12/iron/calcium planning.","Pregnancy, baby, child, diabetes, kidney disease, eating disorders, allergies and medication interactions require qualified review. Carnivore/very restrictive diets need extra review for fiber/micronutrients.",Use USDA FoodData Central for nutrient values; use Open Food Facts for packaged barcode data with license/attribution handling.,v0.1-safe-seed-2026-06-11
NT0062,Vegetarian Pregnancy Support - 3 Meals 2 Snacks,pregnant_woman,vegetarian,pregnancy_support,3_meals_2_snacks,"calculate TDEE/BMR then adjust gently; no aggressive deficit for pregnancy, children or medical users","protein, carbohydrates and fats balanced around training/recovery; personalize by body size, goal, activity and medical review",water first; add electrolytes for long heat/sweat sessions where suitable,vegetables; fruit; legumes; whole grains where tolerated; lean proteins or diet-appropriate alternatives; healthy fats; calcium/iron/B12 sources where relevant,ultra-processed foods; excessive added sugar; alcohol; stimulant-heavy drinks; foods blocked by allergy/medical/religious preference,milk;egg;fish;shellfish;tree_nuts;peanuts;wheat;soy;sesame;sulfites,Use body-weight/goal-based protein targets only after profile setup; prioritize whole foods first.,"After hard training, pair carbohydrate + protein + fluids; for vegan/vegetarian, combine legumes/grains/soy/nuts/seeds and check B12/iron/calcium planning.","Pregnancy, baby, child, diabetes, kidney disease, eating disorders, allergies and medication interactions require qualified review. Carnivore/very restrictive diets need extra review for fiber/micronutrients.",Use USDA FoodData Central for nutrient values; use Open Food Facts for packaged barcode data with license/attribution handling.,v0.1-safe-seed-2026-06-11
NT0063,Vegetarian Postpartum Recovery - 3 Meals,postpartum_parent,vegetarian,postpartum_recovery,3_meals,"calculate TDEE/BMR then adjust gently; no aggressive deficit for pregnancy, children or medical users","protein, carbohydrates and fats balanced around training/recovery; personalize by body size, goal, activity and medical review",water first; add electrolytes for long heat/sweat sessions where suitable,vegetables; fruit; legumes; whole grains where tolerated; lean proteins or diet-appropriate alternatives; healthy fats; calcium/iron/B12 sources where relevant,ultra-processed foods; excessive added sugar; alcohol; stimulant-heavy drinks; foods blocked by allergy/medical/religious preference,milk;egg;fish;shellfish;tree_nuts;peanuts;wheat;soy;sesame;sulfites,Use body-weight/goal-based protein targets only after profile setup; prioritize whole foods first.,"After hard training, pair carbohydrate + protein + fluids; for vegan/vegetarian, combine legumes/grains/soy/nuts/seeds and check B12/iron/calcium planning.","Pregnancy, baby, child, diabetes, kidney disease, eating disorders, allergies and medication interactions require qualified review. Carnivore/very restrictive diets need extra review for fiber/micronutrients.",Use USDA FoodData Central for nutrient values; use Open Food Facts for packaged barcode data with license/attribution handling.,v0.1-safe-seed-2026-06-11
NT0064,Vegetarian Postpartum Recovery - 3 Meals 1 Snack,postpartum_parent,vegetarian,postpartum_recovery,3_meals_1_snack,"calculate TDEE/BMR then adjust gently; no aggressive deficit for pregnancy, children or medical users","protein, carbohydrates and fats balanced around training/recovery; personalize by body size, goal, activity and medical review",water first; add electrolytes for long heat/sweat sessions where suitable,vegetables; fruit; legumes; whole grains where tolerated; lean proteins or diet-appropriate alternatives; healthy fats; calcium/iron/B12 sources where relevant,ultra-processed foods; excessive added sugar; alcohol; stimulant-heavy drinks; foods blocked by allergy/medical/religious preference,milk;egg;fish;shellfish;tree_nuts;peanuts;wheat;soy;sesame;sulfites,Use body-weight/goal-based protein targets only after profile setup; prioritize whole foods first.,"After hard training, pair carbohydrate + protein + fluids; for vegan/vegetarian, combine legumes/grains/soy/nuts/seeds and check B12/iron/calcium planning.","Pregnancy, baby, child, diabetes, kidney disease, eating disorders, allergies and medication interactions require qualified review. Carnivore/very restrictive diets need extra review for fiber/micronutrients.",Use USDA FoodData Central for nutrient values; use Open Food Facts for packaged barcode data with license/attribution handling.,v0.1-safe-seed-2026-06-11
NT0065,Vegetarian Postpartum Recovery - 3 Meals 2 Snacks,postpartum_parent,vegetarian,postpartum_recovery,3_meals_2_snacks,"calculate TDEE/BMR then adjust gently; no aggressive deficit for pregnancy, children or medical users","protein, carbohydrates and fats balanced around training/recovery; personalize by body size, goal, activity and medical review",water first; add electrolytes for long heat/sweat sessions where suitable,vegetables; fruit; legumes; whole grains where tolerated; lean proteins or diet-appropriate alternatives; healthy fats; calcium/iron/B12 sources where relevant,ultra-processed foods; excessive added sugar; alcohol; stimulant-heavy drinks; foods blocked by allergy/medical/religious preference,milk;egg;fish;shellfish;tree_nuts;peanuts;wheat;soy;sesame;sulfites,Use body-weight/goal-based protein targets only after profile setup; prioritize whole foods first.,"After hard training, pair carbohydrate + protein + fluids; for vegan/vegetarian, combine legumes/grains/soy/nuts/seeds and check B12/iron/calcium planning.","Pregnancy, baby, child, diabetes, kidney disease, eating disorders, allergies and medication interactions require qualified review. Carnivore/very restrictive diets need extra review for fiber/micronutrients.",Use USDA FoodData Central for nutrient values; use Open Food Facts for packaged barcode data with license/attribution handling.,v0.1-safe-seed-2026-06-11
NT0066,Vegetarian Postpartum Recovery - Time Restricted 12 Hour Window Adult Only,postpartum_parent,vegetarian,postpartum_recovery,time_restricted_12_hour_window_adult_only,"calculate TDEE/BMR then adjust gently; no aggressive deficit for pregnancy, children or medical users","protein, carbohydrates and fats balanced around training/recovery; personalize by body size, goal, activity and medical review",water first; add electrolytes for long heat/sweat sessions where suitable,vegetables; fruit; legumes; whole grains where tolerated; lean proteins or diet-appropriate alternatives; healthy fats; calcium/iron/B12 sources where relevant,ultra-processed foods; excessive added sugar; alcohol; stimulant-heavy drinks; foods blocked by allergy/medical/religious preference,milk;egg;fish;shellfish;tree_nuts;peanuts;wheat;soy;sesame;sulfites,Use body-weight/goal-based protein targets only after profile setup; prioritize whole foods first.,"After hard training, pair carbohydrate + protein + fluids; for vegan/vegetarian, combine legumes/grains/soy/nuts/seeds and check B12/iron/calcium planning.","Pregnancy, baby, child, diabetes, kidney disease, eating disorders, allergies and medication interactions require qualified review. Carnivore/very restrictive diets need extra review for fiber/micronutrients.",Use USDA FoodData Central for nutrient values; use Open Food Facts for packaged barcode data with license/attribution handling.,v0.1-safe-seed-2026-06-11
NT0067,Vegetarian Postpartum Recovery - Shift Worker Flexible,postpartum_parent,vegetarian,postpartum_recovery,shift_worker_flexible,"calculate TDEE/BMR then adjust gently; no aggressive deficit for pregnancy, children or medical users","protein, carbohydrates and fats balanced around training/recovery; personalize by body size, goal, activity and medical review",water first; add electrolytes for long heat/sweat sessions where suitable,vegetables; fruit; legumes; whole grains where tolerated; lean proteins or diet-appropriate alternatives; healthy fats; calcium/iron/B12 sources where relevant,ultra-processed foods; excessive added sugar; alcohol; stimulant-heavy drinks; foods blocked by allergy/medical/religious preference,milk;egg;fish;shellfish;tree_nuts;peanuts;wheat;soy;sesame;sulfites,Use body-weight/goal-based protein targets only after profile setup; prioritize whole foods first.,"After hard training, pair carbohydrate + protein + fluids; for vegan/vegetarian, combine legumes/grains/soy/nuts/seeds and check B12/iron/calcium planning.","Pregnancy, baby, child, diabetes, kidney disease, eating disorders, allergies and medication interactions require qualified review. Carnivore/very restrictive diets need extra review for fiber/micronutrients.",Use USDA FoodData Central for nutrient values; use Open Food Facts for packaged barcode data with license/attribution handling.,v0.1-safe-seed-2026-06-11
NT0068,Vegetarian Child Growth - 3 Meals,child_6_12,vegetarian,child_growth,3_meals,"calculate TDEE/BMR then adjust gently; no aggressive deficit for pregnancy, children or medical users","protein, carbohydrates and fats balanced around training/recovery; personalize by body size, goal, activity and medical review",water first; add electrolytes for long heat/sweat sessions where suitable,vegetables; fruit; legumes; whole grains where tolerated; lean proteins or diet-appropriate alternatives; healthy fats; calcium/iron/B12 sources where relevant,ultra-processed foods; excessive added sugar; alcohol; stimulant-heavy drinks; foods blocked by allergy/medical/religious preference,milk;egg;fish;shellfish;tree_nuts;peanuts;wheat;soy;sesame;sulfites,Prioritize whole-food protein. Children/teens should not be prompted to use protein powders; use caregiver and clinician/dietitian review for special diets.,"After hard training, pair carbohydrate + protein + fluids; for vegan/vegetarian, combine legumes/grains/soy/nuts/seeds and check B12/iron/calcium planning.","Pregnancy, baby, child, diabetes, kidney disease, eating disorders, allergies and medication interactions require qualified review. Carnivore/very restrictive diets need extra review for fiber/micronutrients.",Use USDA FoodData Central for nutrient values; use Open Food Facts for packaged barcode data with license/attribution handling.,v0.1-safe-seed-2026-06-11
NT0069,Vegetarian Child Growth - 3 Meals 1 Snack,child_6_12,vegetarian,child_growth,3_meals_1_snack,"calculate TDEE/BMR then adjust gently; no aggressive deficit for pregnancy, children or medical users","protein, carbohydrates and fats balanced around training/recovery; personalize by body size, goal, activity and medical review",water first; add electrolytes for long heat/sweat sessions where suitable,vegetables; fruit; legumes; whole grains where tolerated; lean proteins or diet-appropriate alternatives; healthy fats; calcium/iron/B12 sources where relevant,ultra-processed foods; excessive added sugar; alcohol; stimulant-heavy drinks; foods blocked by allergy/medical/religious preference,milk;egg;fish;shellfish;tree_nuts;peanuts;wheat;soy;sesame;sulfites,Prioritize whole-food protein. Children/teens should not be prompted to use protein powders; use caregiver and clinician/dietitian review for special diets.,"After hard training, pair carbohydrate + protein + fluids; for vegan/vegetarian, combine legumes/grains/soy/nuts/seeds and check B12/iron/calcium planning.","Pregnancy, baby, child, diabetes, kidney disease, eating disorders, allergies and medication interactions require qualified review. Carnivore/very restrictive diets need extra review for fiber/micronutrients.",Use USDA FoodData Central for nutrient values; use Open Food Facts for packaged barcode data with license/attribution handling.,v0.1-safe-seed-2026-06-11
NT0070,Vegetarian Child Growth - 3 Meals 2 Snacks,child_6_12,vegetarian,child_growth,3_meals_2_snacks,"calculate TDEE/BMR then adjust gently; no aggressive deficit for pregnancy, children or medical users","protein, carbohydrates and fats balanced around training/recovery; personalize by body size, goal, activity and medical review",water first; add electrolytes for long heat/sweat sessions where suitable,vegetables; fruit; legumes; whole grains where tolerated; lean proteins or diet-appropriate alternatives; healthy fats; calcium/iron/B12 sources where relevant,ultra-processed foods; excessive added sugar; alcohol; stimulant-heavy drinks; foods blocked by allergy/medical/religious preference,milk;egg;fish;shellfish;tree_nuts;peanuts;wheat;soy;sesame;sulfites,Prioritize whole-food protein. Children/teens should not be prompted to use protein powders; use caregiver and clinician/dietitian review for special diets.,"After hard training, pair carbohydrate + protein + fluids; for vegan/vegetarian, combine legumes/grains/soy/nuts/seeds and check B12/iron/calcium planning.","Pregnancy, baby, child, diabetes, kidney disease, eating disorders, allergies and medication interactions require qualified review. Carnivore/very restrictive diets need extra review for fiber/micronutrients.",Use USDA FoodData Central for nutrient values; use Open Food Facts for packaged barcode data with license/attribution handling.,v0.1-safe-seed-2026-06-11
NT0071,Vegetarian Teen Sport - 3 Meals,teen_13_17,vegetarian,teen_sport,3_meals,"calculate TDEE/BMR then adjust gently; no aggressive deficit for pregnancy, children or medical users","protein, carbohydrates and fats balanced around training/recovery; personalize by body size, goal, activity and medical review",water first; add electrolytes for long heat/sweat sessions where suitable,vegetables; fruit; legumes; whole grains where tolerated; lean proteins or diet-appropriate alternatives; healthy fats; calcium/iron/B12 sources where relevant,ultra-processed foods; excessive added sugar; alcohol; stimulant-heavy drinks; foods blocked by allergy/medical/religious preference,milk;egg;fish;shellfish;tree_nuts;peanuts;wheat;soy;sesame;sulfites,Prioritize whole-food protein. Children/teens should not be prompted to use protein powders; use caregiver and clinician/dietitian review for special diets.,"After hard training, pair carbohydrate + protein + fluids; for vegan/vegetarian, combine legumes/grains/soy/nuts/seeds and check B12/iron/calcium planning.","Pregnancy, baby, child, diabetes, kidney disease, eating disorders, allergies and medication interactions require qualified review. Carnivore/very restrictive diets need extra review for fiber/micronutrients.",Use USDA FoodData Central for nutrient values; use Open Food Facts for packaged barcode data with license/attribution handling.,v0.1-safe-seed-2026-06-11
NT0072,Vegetarian Teen Sport - 3 Meals 1 Snack,teen_13_17,vegetarian,teen_sport,3_meals_1_snack,"calculate TDEE/BMR then adjust gently; no aggressive deficit for pregnancy, children or medical users","protein, carbohydrates and fats balanced around training/recovery; personalize by body size, goal, activity and medical review",water first; add electrolytes for long heat/sweat sessions where suitable,vegetables; fruit; legumes; whole grains where tolerated; lean proteins or diet-appropriate alternatives; healthy fats; calcium/iron/B12 sources where relevant,ultra-processed foods; excessive added sugar; alcohol; stimulant-heavy drinks; foods blocked by allergy/medical/religious preference,milk;egg;fish;shellfish;tree_nuts;peanuts;wheat;soy;sesame;sulfites,Prioritize whole-food protein. Children/teens should not be prompted to use protein powders; use caregiver and clinician/dietitian review for special diets.,"After hard training, pair carbohydrate + protein + fluids; for vegan/vegetarian, combine legumes/grains/soy/nuts/seeds and check B12/iron/calcium planning.","Pregnancy, baby, child, diabetes, kidney disease, eating disorders, allergies and medication interactions require qualified review. Carnivore/very restrictive diets need extra review for fiber/micronutrients.",Use USDA FoodData Central for nutrient values; use Open Food Facts for packaged barcode data with license/attribution handling.,v0.1-safe-seed-2026-06-11
NT0073,Vegetarian Teen Sport - 3 Meals 2 Snacks,teen_13_17,vegetarian,teen_sport,3_meals_2_snacks,"calculate TDEE/BMR then adjust gently; no aggressive deficit for pregnancy, children or medical users","protein, carbohydrates and fats balanced around training/recovery; personalize by body size, goal, activity and medical review",water first; add electrolytes for long heat/sweat sessions where suitable,vegetables; fruit; legumes; whole grains where tolerated; lean proteins or diet-appropriate alternatives; healthy fats; calcium/iron/B12 sources where relevant,ultra-processed foods; excessive added sugar; alcohol; stimulant-heavy drinks; foods blocked by allergy/medical/religious preference,milk;egg;fish;shellfish;tree_nuts;peanuts;wheat;soy;sesame;sulfites,Prioritize whole-food protein. Children/teens should not be prompted to use protein powders; use caregiver and clinician/dietitian review for special diets.,"After hard training, pair carbohydrate + protein + fluids; for vegan/vegetarian, combine legumes/grains/soy/nuts/seeds and check B12/iron/calcium planning.","Pregnancy, baby, child, diabetes, kidney disease, eating disorders, allergies and medication interactions require qualified review. Carnivore/very restrictive diets need extra review for fiber/micronutrients.",Use USDA FoodData Central for nutrient values; use Open Food Facts for packaged barcode data with license/attribution handling.,v0.1-safe-seed-2026-06-11
NT0074,Vegetarian Recovery Day - 3 Meals,general_adult,vegetarian,recovery_day,3_meals,"calculate TDEE/BMR then adjust gently; no aggressive deficit for pregnancy, children or medical users","protein, carbohydrates and fats balanced around training/recovery; personalize by body size, goal, activity and medical review",water first; add electrolytes for long heat/sweat sessions where suitable,vegetables; fruit; legumes; whole grains where tolerated; lean proteins or diet-appropriate alternatives; healthy fats; calcium/iron/B12 sources where relevant,ultra-processed foods; excessive added sugar; alcohol; stimulant-heavy drinks; foods blocked by allergy/medical/religious preference,milk;egg;fish;shellfish;tree_nuts;peanuts;wheat;soy;sesame;sulfites,Use body-weight/goal-based protein targets only after profile setup; prioritize whole foods first.,"After hard training, pair carbohydrate + protein + fluids; for vegan/vegetarian, combine legumes/grains/soy/nuts/seeds and check B12/iron/calcium planning.","Pregnancy, baby, child, diabetes, kidney disease, eating disorders, allergies and medication interactions require qualified review. Carnivore/very restrictive diets need extra review for fiber/micronutrients.",Use USDA FoodData Central for nutrient values; use Open Food Facts for packaged barcode data with license/attribution handling.,v0.1-safe-seed-2026-06-11
NT0075,Vegetarian Recovery Day - 3 Meals 1 Snack,general_adult,vegetarian,recovery_day,3_meals_1_snack,"calculate TDEE/BMR then adjust gently; no aggressive deficit for pregnancy, children or medical users","protein, carbohydrates and fats balanced around training/recovery; personalize by body size, goal, activity and medical review",water first; add electrolytes for long heat/sweat sessions where suitable,vegetables; fruit; legumes; whole grains where tolerated; lean proteins or diet-appropriate alternatives; healthy fats; calcium/iron/B12 sources where relevant,ultra-processed foods; excessive added sugar; alcohol; stimulant-heavy drinks; foods blocked by allergy/medical/religious preference,milk;egg;fish;shellfish;tree_nuts;peanuts;wheat;soy;sesame;sulfites,Use body-weight/goal-based protein targets only after profile setup; prioritize whole foods first.,"After hard training, pair carbohydrate + protein + fluids; for vegan/vegetarian, combine legumes/grains/soy/nuts/seeds and check B12/iron/calcium planning.","Pregnancy, baby, child, diabetes, kidney disease, eating disorders, allergies and medication interactions require qualified review. Carnivore/very restrictive diets need extra review for fiber/micronutrients.",Use USDA FoodData Central for nutrient values; use Open Food Facts for packaged barcode data with license/attribution handling.,v0.1-safe-seed-2026-06-11
NT0076,Vegetarian Recovery Day - 3 Meals 2 Snacks,general_adult,vegetarian,recovery_day,3_meals_2_snacks,"calculate TDEE/BMR then adjust gently; no aggressive deficit for pregnancy, children or medical users","protein, carbohydrates and fats balanced around training/recovery; personalize by body size, goal, activity and medical review",water first; add electrolytes for long heat/sweat sessions where suitable,vegetables; fruit; legumes; whole grains where tolerated; lean proteins or diet-appropriate alternatives; healthy fats; calcium/iron/B12 sources where relevant,ultra-processed foods; excessive added sugar; alcohol; stimulant-heavy drinks; foods blocked by allergy/medical/religious preference,milk;egg;fish;shellfish;tree_nuts;peanuts;wheat;soy;sesame;sulfites,Use body-weight/goal-based protein targets only after profile setup; prioritize whole foods first.,"After hard training, pair carbohydrate + protein + fluids; for vegan/vegetarian, combine legumes/grains/soy/nuts/seeds and check B12/iron/calcium planning.","Pregnancy, baby, child, diabetes, kidney disease, eating disorders, allergies and medication interactions require qualified review. Carnivore/very restrictive diets need extra review for fiber/micronutrients.",Use USDA FoodData Central for nutrient values; use Open Food Facts for packaged barcode data with license/attribution handling.,v0.1-safe-seed-2026-06-11
NT0077,Vegetarian Recovery Day - Time Restricted 12 Hour Window Adult Only,general_adult,vegetarian,recovery_day,time_restricted_12_hour_window_adult_only,"calculate TDEE/BMR then adjust gently; no aggressive deficit for pregnancy, children or medical users","protein, carbohydrates and fats balanced around training/recovery; personalize by body size, goal, activity and medical review",water first; add electrolytes for long heat/sweat sessions where suitable,vegetables; fruit; legumes; whole grains where tolerated; lean proteins or diet-appropriate alternatives; healthy fats; calcium/iron/B12 sources where relevant,ultra-processed foods; excessive added sugar; alcohol; stimulant-heavy drinks; foods blocked by allergy/medical/religious preference,milk;egg;fish;shellfish;tree_nuts;peanuts;wheat;soy;sesame;sulfites,Use body-weight/goal-based protein targets only after profile setup; prioritize whole foods first.,"After hard training, pair carbohydrate + protein + fluids; for vegan/vegetarian, combine legumes/grains/soy/nuts/seeds and check B12/iron/calcium planning.","Pregnancy, baby, child, diabetes, kidney disease, eating disorders, allergies and medication interactions require qualified review. Carnivore/very restrictive diets need extra review for fiber/micronutrients.",Use USDA FoodData Central for nutrient values; use Open Food Facts for packaged barcode data with license/attribution handling.,v0.1-safe-seed-2026-06-11
NT0078,Vegetarian Recovery Day - Shift Worker Flexible,general_adult,vegetarian,recovery_day,shift_worker_flexible,"calculate TDEE/BMR then adjust gently; no aggressive deficit for pregnancy, children or medical users","protein, carbohydrates and fats balanced around training/recovery; personalize by body size, goal, activity and medical review",water first; add electrolytes for long heat/sweat sessions where suitable,vegetables; fruit; legumes; whole grains where tolerated; lean proteins or diet-appropriate alternatives; healthy fats; calcium/iron/B12 sources where relevant,ultra-processed foods; excessive added sugar; alcohol; stimulant-heavy drinks; foods blocked by allergy/medical/religious preference,milk;egg;fish;shellfish;tree_nuts;peanuts;wheat;soy;sesame;sulfites,Use body-weight/goal-based protein targets only after profile setup; prioritize whole foods first.,"After hard training, pair carbohydrate + protein + fluids; for vegan/vegetarian, combine legumes/grains/soy/nuts/seeds and check B12/iron/calcium planning.","Pregnancy, baby, child, diabetes, kidney disease, eating disorders, allergies and medication interactions require qualified review. Carnivore/very restrictive diets need extra review for fiber/micronutrients.",Use USDA FoodData Central for nutrient values; use Open Food Facts for packaged barcode data with license/attribution handling.,v0.1-safe-seed-2026-06-11
NT0079,Vegan Weight Loss - 3 Meals,general_adult,vegan,weight_loss,3_meals,"calculate TDEE/BMR then adjust gently; no aggressive deficit for pregnancy, children or medical users","protein, carbohydrates and fats balanced around training/recovery; personalize by body size, goal, activity and medical review",water first; add electrolytes for long heat/sweat sessions where suitable,vegetables; fruit; legumes; whole grains where tolerated; lean proteins or diet-appropriate alternatives; healthy fats; calcium/iron/B12 sources where relevant,ultra-processed foods; excessive added sugar; alcohol; stimulant-heavy drinks; foods blocked by allergy/medical/religious preference,milk;egg;fish;shellfish;tree_nuts;peanuts;wheat;soy;sesame;sulfites,Use body-weight/goal-based protein targets only after profile setup; prioritize whole foods first.,"After hard training, pair carbohydrate + protein + fluids; for vegan/vegetarian, combine legumes/grains/soy/nuts/seeds and check B12/iron/calcium planning.","Pregnancy, baby, child, diabetes, kidney disease, eating disorders, allergies and medication interactions require qualified review. Carnivore/very restrictive diets need extra review for fiber/micronutrients.",Use USDA FoodData Central for nutrient values; use Open Food Facts for packaged barcode data with license/attribution handling.,v0.1-safe-seed-2026-06-11
NT0080,Vegan Weight Loss - 3 Meals 1 Snack,general_adult,vegan,weight_loss,3_meals_1_snack,"calculate TDEE/BMR then adjust gently; no aggressive deficit for pregnancy, children or medical users","protein, carbohydrates and fats balanced around training/recovery; personalize by body size, goal, activity and medical review",water first; add electrolytes for long heat/sweat sessions where suitable,vegetables; fruit; legumes; whole grains where tolerated; lean proteins or diet-appropriate alternatives; healthy fats; calcium/iron/B12 sources where relevant,ultra-processed foods; excessive added sugar; alcohol; stimulant-heavy drinks; foods blocked by allergy/medical/religious preference,milk;egg;fish;shellfish;tree_nuts;peanuts;wheat;soy;sesame;sulfites,Use body-weight/goal-based protein targets only after profile setup; prioritize whole foods first.,"After hard training, pair carbohydrate + protein + fluids; for vegan/vegetarian, combine legumes/grains/soy/nuts/seeds and check B12/iron/calcium planning.","Pregnancy, baby, child, diabetes, kidney disease, eating disorders, allergies and medication interactions require qualified review. Carnivore/very restrictive diets need extra review for fiber/micronutrients.",Use USDA FoodData Central for nutrient values; use Open Food Facts for packaged barcode data with license/attribution handling.,v0.1-safe-seed-2026-06-11
NT0081,Vegan Weight Loss - 3 Meals 2 Snacks,general_adult,vegan,weight_loss,3_meals_2_snacks,"calculate TDEE/BMR then adjust gently; no aggressive deficit for pregnancy, children or medical users","protein, carbohydrates and fats balanced around training/recovery; personalize by body size, goal, activity and medical review",water first; add electrolytes for long heat/sweat sessions where suitable,vegetables; fruit; legumes; whole grains where tolerated; lean proteins or diet-appropriate alternatives; healthy fats; calcium/iron/B12 sources where relevant,ultra-processed foods; excessive added sugar; alcohol; stimulant-heavy drinks; foods blocked by allergy/medical/religious preference,milk;egg;fish;shellfish;tree_nuts;peanuts;wheat;soy;sesame;sulfites,Use body-weight/goal-based protein targets only after profile setup; prioritize whole foods first.,"After hard training, pair carbohydrate + protein + fluids; for vegan/vegetarian, combine legumes/grains/soy/nuts/seeds and check B12/iron/calcium planning.","Pregnancy, baby, child, diabetes, kidney disease, eating disorders, allergies and medication interactions require qualified review. Carnivore/very restrictive diets need extra review for fiber/micronutrients.",Use USDA FoodData Central for nutrient values; use Open Food Facts for packaged barcode data with license/attribution handling.,v0.1-safe-seed-2026-06-11
NT0082,Vegan Weight Loss - Time Restricted 12 Hour Window Adult Only,general_adult,vegan,weight_loss,time_restricted_12_hour_window_adult_only,"calculate TDEE/BMR then adjust gently; no aggressive deficit for pregnancy, children or medical users","protein, carbohydrates and fats balanced around training/recovery; personalize by body size, goal, activity and medical review",water first; add electrolytes for long heat/sweat sessions where suitable,vegetables; fruit; legumes; whole grains where tolerated; lean proteins or diet-appropriate alternatives; healthy fats; calcium/iron/B12 sources where relevant,ultra-processed foods; excessive added sugar; alcohol; stimulant-heavy drinks; foods blocked by allergy/medical/religious preference,milk;egg;fish;shellfish;tree_nuts;peanuts;wheat;soy;sesame;sulfites,Use body-weight/goal-based protein targets only after profile setup; prioritize whole foods first.,"After hard training, pair carbohydrate + protein + fluids; for vegan/vegetarian, combine legumes/grains/soy/nuts/seeds and check B12/iron/calcium planning.","Pregnancy, baby, child, diabetes, kidney disease, eating disorders, allergies and medication interactions require qualified review. Carnivore/very restrictive diets need extra review for fiber/micronutrients.",Use USDA FoodData Central for nutrient values; use Open Food Facts for packaged barcode data with license/attribution handling.,v0.1-safe-seed-2026-06-11
NT0083,Vegan Weight Loss - Shift Worker Flexible,general_adult,vegan,weight_loss,shift_worker_flexible,"calculate TDEE/BMR then adjust gently; no aggressive deficit for pregnancy, children or medical users","protein, carbohydrates and fats balanced around training/recovery; personalize by body size, goal, activity and medical review",water first; add electrolytes for long heat/sweat sessions where suitable,vegetables; fruit; legumes; whole grains where tolerated; lean proteins or diet-appropriate alternatives; healthy fats; calcium/iron/B12 sources where relevant,ultra-processed foods; excessive added sugar; alcohol; stimulant-heavy drinks; foods blocked by allergy/medical/religious preference,milk;egg;fish;shellfish;tree_nuts;peanuts;wheat;soy;sesame;sulfites,Use body-weight/goal-based protein targets only after profile setup; prioritize whole foods first.,"After hard training, pair carbohydrate + protein + fluids; for vegan/vegetarian, combine legumes/grains/soy/nuts/seeds and check B12/iron/calcium planning.","Pregnancy, baby, child, diabetes, kidney disease, eating disorders, allergies and medication interactions require qualified review. Carnivore/very restrictive diets need extra review for fiber/micronutrients.",Use USDA FoodData Central for nutrient values; use Open Food Facts for packaged barcode data with license/attribution handling.,v0.1-safe-seed-2026-06-11
NT0084,Vegan Muscle Gain - 3 Meals,general_adult,vegan,muscle_gain,3_meals,"calculate TDEE/BMR then adjust gently; no aggressive deficit for pregnancy, children or medical users","protein, carbohydrates and fats balanced around training/recovery; personalize by body size, goal, activity and medical review",water first; add electrolytes for long heat/sweat sessions where suitable,vegetables; fruit; legumes; whole grains where tolerated; lean proteins or diet-appropriate alternatives; healthy fats; calcium/iron/B12 sources where relevant,ultra-processed foods; excessive added sugar; alcohol; stimulant-heavy drinks; foods blocked by allergy/medical/religious preference,milk;egg;fish;shellfish;tree_nuts;peanuts;wheat;soy;sesame;sulfites,Use body-weight/goal-based protein targets only after profile setup; prioritize whole foods first.,"After hard training, pair carbohydrate + protein + fluids; for vegan/vegetarian, combine legumes/grains/soy/nuts/seeds and check B12/iron/calcium planning.","Pregnancy, baby, child, diabetes, kidney disease, eating disorders, allergies and medication interactions require qualified review. Carnivore/very restrictive diets need extra review for fiber/micronutrients.",Use USDA FoodData Central for nutrient values; use Open Food Facts for packaged barcode data with license/attribution handling.,v0.1-safe-seed-2026-06-11
NT0085,Vegan Muscle Gain - 3 Meals 1 Snack,general_adult,vegan,muscle_gain,3_meals_1_snack,"calculate TDEE/BMR then adjust gently; no aggressive deficit for pregnancy, children or medical users","protein, carbohydrates and fats balanced around training/recovery; personalize by body size, goal, activity and medical review",water first; add electrolytes for long heat/sweat sessions where suitable,vegetables; fruit; legumes; whole grains where tolerated; lean proteins or diet-appropriate alternatives; healthy fats; calcium/iron/B12 sources where relevant,ultra-processed foods; excessive added sugar; alcohol; stimulant-heavy drinks; foods blocked by allergy/medical/religious preference,milk;egg;fish;shellfish;tree_nuts;peanuts;wheat;soy;sesame;sulfites,Use body-weight/goal-based protein targets only after profile setup; prioritize whole foods first.,"After hard training, pair carbohydrate + protein + fluids; for vegan/vegetarian, combine legumes/grains/soy/nuts/seeds and check B12/iron/calcium planning.","Pregnancy, baby, child, diabetes, kidney disease, eating disorders, allergies and medication interactions require qualified review. Carnivore/very restrictive diets need extra review for fiber/micronutrients.",Use USDA FoodData Central for nutrient values; use Open Food Facts for packaged barcode data with license/attribution handling.,v0.1-safe-seed-2026-06-11
NT0086,Vegan Muscle Gain - 3 Meals 2 Snacks,general_adult,vegan,muscle_gain,3_meals_2_snacks,"calculate TDEE/BMR then adjust gently; no aggressive deficit for pregnancy, children or medical users","protein, carbohydrates and fats balanced around training/recovery; personalize by body size, goal, activity and medical review",water first; add electrolytes for long heat/sweat sessions where suitable,vegetables; fruit; legumes; whole grains where tolerated; lean proteins or diet-appropriate alternatives; healthy fats; calcium/iron/B12 sources where relevant,ultra-processed foods; excessive added sugar; alcohol; stimulant-heavy drinks; foods blocked by allergy/medical/religious preference,milk;egg;fish;shellfish;tree_nuts;peanuts;wheat;soy;sesame;sulfites,Use body-weight/goal-based protein targets only after profile setup; prioritize whole foods first.,"After hard training, pair carbohydrate + protein + fluids; for vegan/vegetarian, combine legumes/grains/soy/nuts/seeds and check B12/iron/calcium planning.","Pregnancy, baby, child, diabetes, kidney disease, eating disorders, allergies and medication interactions require qualified review. Carnivore/very restrictive diets need extra review for fiber/micronutrients.",Use USDA FoodData Central for nutrient values; use Open Food Facts for packaged barcode data with license/attribution handling.,v0.1-safe-seed-2026-06-11
NT0087,Vegan Muscle Gain - Time Restricted 12 Hour Window Adult Only,general_adult,vegan,muscle_gain,time_restricted_12_hour_window_adult_only,"calculate TDEE/BMR then adjust gently; no aggressive deficit for pregnancy, children or medical users","protein, carbohydrates and fats balanced around training/recovery; personalize by body size, goal, activity and medical review",water first; add electrolytes for long heat/sweat sessions where suitable,vegetables; fruit; legumes; whole grains where tolerated; lean proteins or diet-appropriate alternatives; healthy fats; calcium/iron/B12 sources where relevant,ultra-processed foods; excessive added sugar; alcohol; stimulant-heavy drinks; foods blocked by allergy/medical/religious preference,milk;egg;fish;shellfish;tree_nuts;peanuts;wheat;soy;sesame;sulfites,Use body-weight/goal-based protein targets only after profile setup; prioritize whole foods first.,"After hard training, pair carbohydrate + protein + fluids; for vegan/vegetarian, combine legumes/grains/soy/nuts/seeds and check B12/iron/calcium planning.","Pregnancy, baby, child, diabetes, kidney disease, eating disorders, allergies and medication interactions require qualified review. Carnivore/very restrictive diets need extra review for fiber/micronutrients.",Use USDA FoodData Central for nutrient values; use Open Food Facts for packaged barcode data with license/attribution handling.,v0.1-safe-seed-2026-06-11
NT0088,Vegan Muscle Gain - Shift Worker Flexible,general_adult,vegan,muscle_gain,shift_worker_flexible,"calculate TDEE/BMR then adjust gently; no aggressive deficit for pregnancy, children or medical users","protein, carbohydrates and fats balanced around training/recovery; personalize by body size, goal, activity and medical review",water first; add electrolytes for long heat/sweat sessions where suitable,vegetables; fruit; legumes; whole grains where tolerated; lean proteins or diet-appropriate alternatives; healthy fats; calcium/iron/B12 sources where relevant,ultra-processed foods; excessive added sugar; alcohol; stimulant-heavy drinks; foods blocked by allergy/medical/religious preference,milk;egg;fish;shellfish;tree_nuts;peanuts;wheat;soy;sesame;sulfites,Use body-weight/goal-based protein targets only after profile setup; prioritize whole foods first.,"After hard training, pair carbohydrate + protein + fluids; for vegan/vegetarian, combine legumes/grains/soy/nuts/seeds and check B12/iron/calcium planning.","Pregnancy, baby, child, diabetes, kidney disease, eating disorders, allergies and medication interactions require qualified review. Carnivore/very restrictive diets need extra review for fiber/micronutrients.",Use USDA FoodData Central for nutrient values; use Open Food Facts for packaged barcode data with license/attribution handling.,v0.1-safe-seed-2026-06-11
NT0089,Vegan Maintenance - 3 Meals,general_adult,vegan,maintenance,3_meals,"calculate TDEE/BMR then adjust gently; no aggressive deficit for pregnancy, children or medical users","protein, carbohydrates and fats balanced around training/recovery; personalize by body size, goal, activity and medical review",water first; add electrolytes for long heat/sweat sessions where suitable,vegetables; fruit; legumes; whole grains where tolerated; lean proteins or diet-appropriate alternatives; healthy fats; calcium/iron/B12 sources where relevant,ultra-processed foods; excessive added sugar; alcohol; stimulant-heavy drinks; foods blocked by allergy/medical/religious preference,milk;egg;fish;shellfish;tree_nuts;peanuts;wheat;soy;sesame;sulfites,Use body-weight/goal-based protein targets only after profile setup; prioritize whole foods first.,"After hard training, pair carbohydrate + protein + fluids; for vegan/vegetarian, combine legumes/grains/soy/nuts/seeds and check B12/iron/calcium planning.","Pregnancy, baby, child, diabetes, kidney disease, eating disorders, allergies and medication interactions require qualified review. Carnivore/very restrictive diets need extra review for fiber/micronutrients.",Use USDA FoodData Central for nutrient values; use Open Food Facts for packaged barcode data with license/attribution handling.,v0.1-safe-seed-2026-06-11
NT0090,Vegan Maintenance - 3 Meals 1 Snack,general_adult,vegan,maintenance,3_meals_1_snack,"calculate TDEE/BMR then adjust gently; no aggressive deficit for pregnancy, children or medical users","protein, carbohydrates and fats balanced around training/recovery; personalize by body size, goal, activity and medical review",water first; add electrolytes for long heat/sweat sessions where suitable,vegetables; fruit; legumes; whole grains where tolerated; lean proteins or diet-appropriate alternatives; healthy fats; calcium/iron/B12 sources where relevant,ultra-processed foods; excessive added sugar; alcohol; stimulant-heavy drinks; foods blocked by allergy/medical/religious preference,milk;egg;fish;shellfish;tree_nuts;peanuts;wheat;soy;sesame;sulfites,Use body-weight/goal-based protein targets only after profile setup; prioritize whole foods first.,"After hard training, pair carbohydrate + protein + fluids; for vegan/vegetarian, combine legumes/grains/soy/nuts/seeds and check B12/iron/calcium planning.","Pregnancy, baby, child, diabetes, kidney disease, eating disorders, allergies and medication interactions require qualified review. Carnivore/very restrictive diets need extra review for fiber/micronutrients.",Use USDA FoodData Central for nutrient values; use Open Food Facts for packaged barcode data with license/attribution handling.,v0.1-safe-seed-2026-06-11
NT0091,Vegan Maintenance - 3 Meals 2 Snacks,general_adult,vegan,maintenance,3_meals_2_snacks,"calculate TDEE/BMR then adjust gently; no aggressive deficit for pregnancy, children or medical users","protein, carbohydrates and fats balanced around training/recovery; personalize by body size, goal, activity and medical review",water first; add electrolytes for long heat/sweat sessions where suitable,vegetables; fruit; legumes; whole grains where tolerated; lean proteins or diet-appropriate alternatives; healthy fats; calcium/iron/B12 sources where relevant,ultra-processed foods; excessive added sugar; alcohol; stimulant-heavy drinks; foods blocked by allergy/medical/religious preference,milk;egg;fish;shellfish;tree_nuts;peanuts;wheat;soy;sesame;sulfites,Use body-weight/goal-based protein targets only after profile setup; prioritize whole foods first.,"After hard training, pair carbohydrate + protein + fluids; for vegan/vegetarian, combine legumes/grains/soy/nuts/seeds and check B12/iron/calcium planning.","Pregnancy, baby, child, diabetes, kidney disease, eating disorders, allergies and medication interactions require qualified review. Carnivore/very restrictive diets need extra review for fiber/micronutrients.",Use USDA FoodData Central for nutrient values; use Open Food Facts for packaged barcode data with license/attribution handling.,v0.1-safe-seed-2026-06-11
NT0092,Vegan Maintenance - Time Restricted 12 Hour Window Adult Only,general_adult,vegan,maintenance,time_restricted_12_hour_window_adult_only,"calculate TDEE/BMR then adjust gently; no aggressive deficit for pregnancy, children or medical users","protein, carbohydrates and fats balanced around training/recovery; personalize by body size, goal, activity and medical review",water first; add electrolytes for long heat/sweat sessions where suitable,vegetables; fruit; legumes; whole grains where tolerated; lean proteins or diet-appropriate alternatives; healthy fats; calcium/iron/B12 sources where relevant,ultra-processed foods; excessive added sugar; alcohol; stimulant-heavy drinks; foods blocked by allergy/medical/religious preference,milk;egg;fish;shellfish;tree_nuts;peanuts;wheat;soy;sesame;sulfites,Use body-weight/goal-based protein targets only after profile setup; prioritize whole foods first.,"After hard training, pair carbohydrate + protein + fluids; for vegan/vegetarian, combine legumes/grains/soy/nuts/seeds and check B12/iron/calcium planning.","Pregnancy, baby, child, diabetes, kidney disease, eating disorders, allergies and medication interactions require qualified review. Carnivore/very restrictive diets need extra review for fiber/micronutrients.",Use USDA FoodData Central for nutrient values; use Open Food Facts for packaged barcode data with license/attribution handling.,v0.1-safe-seed-2026-06-11
NT0093,Vegan Maintenance - Shift Worker Flexible,general_adult,vegan,maintenance,shift_worker_flexible,"calculate TDEE/BMR then adjust gently; no aggressive deficit for pregnancy, children or medical users","protein, carbohydrates and fats balanced around training/recovery; personalize by body size, goal, activity and medical review",water first; add electrolytes for long heat/sweat sessions where suitable,vegetables; fruit; legumes; whole grains where tolerated; lean proteins or diet-appropriate alternatives; healthy fats; calcium/iron/B12 sources where relevant,ultra-processed foods; excessive added sugar; alcohol; stimulant-heavy drinks; foods blocked by allergy/medical/religious preference,milk;egg;fish;shellfish;tree_nuts;peanuts;wheat;soy;sesame;sulfites,Use body-weight/goal-based protein targets only after profile setup; prioritize whole foods first.,"After hard training, pair carbohydrate + protein + fluids; for vegan/vegetarian, combine legumes/grains/soy/nuts/seeds and check B12/iron/calcium planning.","Pregnancy, baby, child, diabetes, kidney disease, eating disorders, allergies and medication interactions require qualified review. Carnivore/very restrictive diets need extra review for fiber/micronutrients.",Use USDA FoodData Central for nutrient values; use Open Food Facts for packaged barcode data with license/attribution handling.,v0.1-safe-seed-2026-06-11
NT0094,Vegan Endurance - 3 Meals,general_adult,vegan,endurance,3_meals,"calculate TDEE/BMR then adjust gently; no aggressive deficit for pregnancy, children or medical users","protein, carbohydrates and fats balanced around training/recovery; personalize by body size, goal, activity and medical review",water first; add electrolytes for long heat/sweat sessions where suitable,vegetables; fruit; legumes; whole grains where tolerated; lean proteins or diet-appropriate alternatives; healthy fats; calcium/iron/B12 sources where relevant,ultra-processed foods; excessive added sugar; alcohol; stimulant-heavy drinks; foods blocked by allergy/medical/religious preference,milk;egg;fish;shellfish;tree_nuts;peanuts;wheat;soy;sesame;sulfites,Use body-weight/goal-based protein targets only after profile setup; prioritize whole foods first.,"After hard training, pair carbohydrate + protein + fluids; for vegan/vegetarian, combine legumes/grains/soy/nuts/seeds and check B12/iron/calcium planning.","Pregnancy, baby, child, diabetes, kidney disease, eating disorders, allergies and medication interactions require qualified review. Carnivore/very restrictive diets need extra review for fiber/micronutrients.",Use USDA FoodData Central for nutrient values; use Open Food Facts for packaged barcode data with license/attribution handling.,v0.1-safe-seed-2026-06-11
NT0095,Vegan Endurance - 3 Meals 1 Snack,general_adult,vegan,endurance,3_meals_1_snack,"calculate TDEE/BMR then adjust gently; no aggressive deficit for pregnancy, children or medical users","protein, carbohydrates and fats balanced around training/recovery; personalize by body size, goal, activity and medical review",water first; add electrolytes for long heat/sweat sessions where suitable,vegetables; fruit; legumes; whole grains where tolerated; lean proteins or diet-appropriate alternatives; healthy fats; calcium/iron/B12 sources where relevant,ultra-processed foods; excessive added sugar; alcohol; stimulant-heavy drinks; foods blocked by allergy/medical/religious preference,milk;egg;fish;shellfish;tree_nuts;peanuts;wheat;soy;sesame;sulfites,Use body-weight/goal-based protein targets only after profile setup; prioritize whole foods first.,"After hard training, pair carbohydrate + protein + fluids; for vegan/vegetarian, combine legumes/grains/soy/nuts/seeds and check B12/iron/calcium planning.","Pregnancy, baby, child, diabetes, kidney disease, eating disorders, allergies and medication interactions require qualified review. Carnivore/very restrictive diets need extra review for fiber/micronutrients.",Use USDA FoodData Central for nutrient values; use Open Food Facts for packaged barcode data with license/attribution handling.,v0.1-safe-seed-2026-06-11
NT0096,Vegan Endurance - 3 Meals 2 Snacks,general_adult,vegan,endurance,3_meals_2_snacks,"calculate TDEE/BMR then adjust gently; no aggressive deficit for pregnancy, children or medical users","protein, carbohydrates and fats balanced around training/recovery; personalize by body size, goal, activity and medical review",water first; add electrolytes for long heat/sweat sessions where suitable,vegetables; fruit; legumes; whole grains where tolerated; lean proteins or diet-appropriate alternatives; healthy fats; calcium/iron/B12 sources where relevant,ultra-processed foods; excessive added sugar; alcohol; stimulant-heavy drinks; foods blocked by allergy/medical/religious preference,milk;egg;fish;shellfish;tree_nuts;peanuts;wheat;soy;sesame;sulfites,Use body-weight/goal-based protein targets only after profile setup; prioritize whole foods first.,"After hard training, pair carbohydrate + protein + fluids; for vegan/vegetarian, combine legumes/grains/soy/nuts/seeds and check B12/iron/calcium planning.","Pregnancy, baby, child, diabetes, kidney disease, eating disorders, allergies and medication interactions require qualified review. Carnivore/very restrictive diets need extra review for fiber/micronutrients.",Use USDA FoodData Central for nutrient values; use Open Food Facts for packaged barcode data with license/attribution handling.,v0.1-safe-seed-2026-06-11
NT0097,Vegan Endurance - Time Restricted 12 Hour Window Adult Only,general_adult,vegan,endurance,time_restricted_12_hour_window_adult_only,"calculate TDEE/BMR then adjust gently; no aggressive deficit for pregnancy, children or medical users","protein, carbohydrates and fats balanced around training/recovery; personalize by body size, goal, activity and medical review",water first; add electrolytes for long heat/sweat sessions where suitable,vegetables; fruit; legumes; whole grains where tolerated; lean proteins or diet-appropriate alternatives; healthy fats; calcium/iron/B12 sources where relevant,ultra-processed foods; excessive added sugar; alcohol; stimulant-heavy drinks; foods blocked by allergy/medical/religious preference,milk;egg;fish;shellfish;tree_nuts;peanuts;wheat;soy;sesame;sulfites,Use body-weight/goal-based protein targets only after profile setup; prioritize whole foods first.,"After hard training, pair carbohydrate + protein + fluids; for vegan/vegetarian, combine legumes/grains/soy/nuts/seeds and check B12/iron/calcium planning.","Pregnancy, baby, child, diabetes, kidney disease, eating disorders, allergies and medication interactions require qualified review. Carnivore/very restrictive diets need extra review for fiber/micronutrients.",Use USDA FoodData Central for nutrient values; use Open Food Facts for packaged barcode data with license/attribution handling.,v0.1-safe-seed-2026-06-11
NT0098,Vegan Endurance - Shift Worker Flexible,general_adult,vegan,endurance,shift_worker_flexible,"calculate TDEE/BMR then adjust gently; no aggressive deficit for pregnancy, children or medical users","protein, carbohydrates and fats balanced around training/recovery; personalize by body size, goal, activity and medical review",water first; add electrolytes for long heat/sweat sessions where suitable,vegetables; fruit; legumes; whole grains where tolerated; lean proteins or diet-appropriate alternatives; healthy fats; calcium/iron/B12 sources where relevant,ultra-processed foods; excessive added sugar; alcohol; stimulant-heavy drinks; foods blocked by allergy/medical/religious preference,milk;egg;fish;shellfish;tree_nuts;peanuts;wheat;soy;sesame;sulfites,Use body-weight/goal-based protein targets only after profile setup; prioritize whole foods first.,"After hard training, pair carbohydrate + protein + fluids; for vegan/vegetarian, combine legumes/grains/soy/nuts/seeds and check B12/iron/calcium planning.","Pregnancy, baby, child, diabetes, kidney disease, eating disorders, allergies and medication interactions require qualified review. Carnivore/very restrictive diets need extra review for fiber/micronutrients.",Use USDA FoodData Central for nutrient values; use Open Food Facts for packaged barcode data with license/attribution handling.,v0.1-safe-seed-2026-06-11
NT0099,Vegan Pregnancy Support - 3 Meals,pregnant_woman,vegan,pregnancy_support,3_meals,"calculate TDEE/BMR then adjust gently; no aggressive deficit for pregnancy, children or medical users","protein, carbohydrates and fats balanced around training/recovery; personalize by body size, goal, activity and medical review",water first; add electrolytes for long heat/sweat sessions where suitable,vegetables; fruit; legumes; whole grains where tolerated; lean proteins or diet-appropriate alternatives; healthy fats; calcium/iron/B12 sources where relevant,ultra-processed foods; excessive added sugar; alcohol; stimulant-heavy drinks; foods blocked by allergy/medical/religious preference,milk;egg;fish;shellfish;tree_nuts;peanuts;wheat;soy;sesame;sulfites,Use body-weight/goal-based protein targets only after profile setup; prioritize whole foods first.,"After hard training, pair carbohydrate + protein + fluids; for vegan/vegetarian, combine legumes/grains/soy/nuts/seeds and check B12/iron/calcium planning.","Pregnancy, baby, child, diabetes, kidney disease, eating disorders, allergies and medication interactions require qualified review. Carnivore/very restrictive diets need extra review for fiber/micronutrients.",Use USDA FoodData Central for nutrient values; use Open Food Facts for packaged barcode data with license/attribution handling.,v0.1-safe-seed-2026-06-11
NT0100,Vegan Pregnancy Support - 3 Meals 1 Snack,pregnant_woman,vegan,pregnancy_support,3_meals_1_snack,"calculate TDEE/BMR then adjust gently; no aggressive deficit for pregnancy, children or medical users","protein, carbohydrates and fats balanced around training/recovery; personalize by body size, goal, activity and medical review",water first; add electrolytes for long heat/sweat sessions where suitable,vegetables; fruit; legumes; whole grains where tolerated; lean proteins or diet-appropriate alternatives; healthy fats; calcium/iron/B12 sources where relevant,ultra-processed foods; excessive added sugar; alcohol; stimulant-heavy drinks; foods blocked by allergy/medical/religious preference,milk;egg;fish;shellfish;tree_nuts;peanuts;wheat;soy;sesame;sulfites,Use body-weight/goal-based protein targets only after profile setup; prioritize whole foods first.,"After hard training, pair carbohydrate + protein + fluids; for vegan/vegetarian, combine legumes/grains/soy/nuts/seeds and check B12/iron/calcium planning.","Pregnancy, baby, child, diabetes, kidney disease, eating disorders, allergies and medication interactions require qualified review. Carnivore/very restrictive diets need extra review for fiber/micronutrients.",Use USDA FoodData Central for nutrient values; use Open Food Facts for packaged barcode data with license/attribution handling.,v0.1-safe-seed-2026-06-11
NT0101,Vegan Pregnancy Support - 3 Meals 2 Snacks,pregnant_woman,vegan,pregnancy_support,3_meals_2_snacks,"calculate TDEE/BMR then adjust gently; no aggressive deficit for pregnancy, children or medical users","protein, carbohydrates and fats balanced around training/recovery; personalize by body size, goal, activity and medical review",water first; add electrolytes for long heat/sweat sessions where suitable,vegetables; fruit; legumes; whole grains where tolerated; lean proteins or diet-appropriate alternatives; healthy fats; calcium/iron/B12 sources where relevant,ultra-processed foods; excessive added sugar; alcohol; stimulant-heavy drinks; foods blocked by allergy/medical/religious preference,milk;egg;fish;shellfish;tree_nuts;peanuts;wheat;soy;sesame;sulfites,Use body-weight/goal-based protein targets only after profile setup; prioritize whole foods first.,"After hard training, pair carbohydrate + protein + fluids; for vegan/vegetarian, combine legumes/grains/soy/nuts/seeds and check B12/iron/calcium planning.","Pregnancy, baby, child, diabetes, kidney disease, eating disorders, allergies and medication interactions require qualified review. Carnivore/very restrictive diets need extra review for fiber/micronutrients.",Use USDA FoodData Central for nutrient values; use Open Food Facts for packaged barcode data with license/attribution handling.,v0.1-safe-seed-2026-06-11
NT0102,Vegan Postpartum Recovery - 3 Meals,postpartum_parent,vegan,postpartum_recovery,3_meals,"calculate TDEE/BMR then adjust gently; no aggressive deficit for pregnancy, children or medical users","protein, carbohydrates and fats balanced around training/recovery; personalize by body size, goal, activity and medical review",water first; add electrolytes for long heat/sweat sessions where suitable,vegetables; fruit; legumes; whole grains where tolerated; lean proteins or diet-appropriate alternatives; healthy fats; calcium/iron/B12 sources where relevant,ultra-processed foods; excessive added sugar; alcohol; stimulant-heavy drinks; foods blocked by allergy/medical/religious preference,milk;egg;fish;shellfish;tree_nuts;peanuts;wheat;soy;sesame;sulfites,Use body-weight/goal-based protein targets only after profile setup; prioritize whole foods first.,"After hard training, pair carbohydrate + protein + fluids; for vegan/vegetarian, combine legumes/grains/soy/nuts/seeds and check B12/iron/calcium planning.","Pregnancy, baby, child, diabetes, kidney disease, eating disorders, allergies and medication interactions require qualified review. Carnivore/very restrictive diets need extra review for fiber/micronutrients.",Use USDA FoodData Central for nutrient values; use Open Food Facts for packaged barcode data with license/attribution handling.,v0.1-safe-seed-2026-06-11
NT0103,Vegan Postpartum Recovery - 3 Meals 1 Snack,postpartum_parent,vegan,postpartum_recovery,3_meals_1_snack,"calculate TDEE/BMR then adjust gently; no aggressive deficit for pregnancy, children or medical users","protein, carbohydrates and fats balanced around training/recovery; personalize by body size, goal, activity and medical review",water first; add electrolytes for long heat/sweat sessions where suitable,vegetables; fruit; legumes; whole grains where tolerated; lean proteins or diet-appropriate alternatives; healthy fats; calcium/iron/B12 sources where relevant,ultra-processed foods; excessive added sugar; alcohol; stimulant-heavy drinks; foods blocked by allergy/medical/religious preference,milk;egg;fish;shellfish;tree_nuts;peanuts;wheat;soy;sesame;sulfites,Use body-weight/goal-based protein targets only after profile setup; prioritize whole foods first.,"After hard training, pair carbohydrate + protein + fluids; for vegan/vegetarian, combine legumes/grains/soy/nuts/seeds and check B12/iron/calcium planning.","Pregnancy, baby, child, diabetes, kidney disease, eating disorders, allergies and medication interactions require qualified review. Carnivore/very restrictive diets need extra review for fiber/micronutrients.",Use USDA FoodData Central for nutrient values; use Open Food Facts for packaged barcode data with license/attribution handling.,v0.1-safe-seed-2026-06-11
NT0104,Vegan Postpartum Recovery - 3 Meals 2 Snacks,postpartum_parent,vegan,postpartum_recovery,3_meals_2_snacks,"calculate TDEE/BMR then adjust gently; no aggressive deficit for pregnancy, children or medical users","protein, carbohydrates and fats balanced around training/recovery; personalize by body size, goal, activity and medical review",water first; add electrolytes for long heat/sweat sessions where suitable,vegetables; fruit; legumes; whole grains where tolerated; lean proteins or diet-appropriate alternatives; healthy fats; calcium/iron/B12 sources where relevant,ultra-processed foods; excessive added sugar; alcohol; stimulant-heavy drinks; foods blocked by allergy/medical/religious preference,milk;egg;fish;shellfish;tree_nuts;peanuts;wheat;soy;sesame;sulfites,Use body-weight/goal-based protein targets only after profile setup; prioritize whole foods first.,"After hard training, pair carbohydrate + protein + fluids; for vegan/vegetarian, combine legumes/grains/soy/nuts/seeds and check B12/iron/calcium planning.","Pregnancy, baby, child, diabetes, kidney disease, eating disorders, allergies and medication interactions require qualified review. Carnivore/very restrictive diets need extra review for fiber/micronutrients.",Use USDA FoodData Central for nutrient values; use Open Food Facts for packaged barcode data with license/attribution handling.,v0.1-safe-seed-2026-06-11
NT0105,Vegan Postpartum Recovery - Time Restricted 12 Hour Window Adult Only,postpartum_parent,vegan,postpartum_recovery,time_restricted_12_hour_window_adult_only,"calculate TDEE/BMR then adjust gently; no aggressive deficit for pregnancy, children or medical users","protein, carbohydrates and fats balanced around training/recovery; personalize by body size, goal, activity and medical review",water first; add electrolytes for long heat/sweat sessions where suitable,vegetables; fruit; legumes; whole grains where tolerated; lean proteins or diet-appropriate alternatives; healthy fats; calcium/iron/B12 sources where relevant,ultra-processed foods; excessive added sugar; alcohol; stimulant-heavy drinks; foods blocked by allergy/medical/religious preference,milk;egg;fish;shellfish;tree_nuts;peanuts;wheat;soy;sesame;sulfites,Use body-weight/goal-based protein targets only after profile setup; prioritize whole foods first.,"After hard training, pair carbohydrate + protein + fluids; for vegan/vegetarian, combine legumes/grains/soy/nuts/seeds and check B12/iron/calcium planning.","Pregnancy, baby, child, diabetes, kidney disease, eating disorders, allergies and medication interactions require qualified review. Carnivore/very restrictive diets need extra review for fiber/micronutrients.",Use USDA FoodData Central for nutrient values; use Open Food Facts for packaged barcode data with license/attribution handling.,v0.1-safe-seed-2026-06-11
NT0106,Vegan Postpartum Recovery - Shift Worker Flexible,postpartum_parent,vegan,postpartum_recovery,shift_worker_flexible,"calculate TDEE/BMR then adjust gently; no aggressive deficit for pregnancy, children or medical users","protein, carbohydrates and fats balanced around training/recovery; personalize by body size, goal, activity and medical review",water first; add electrolytes for long heat/sweat sessions where suitable,vegetables; fruit; legumes; whole grains where tolerated; lean proteins or diet-appropriate alternatives; healthy fats; calcium/iron/B12 sources where relevant,ultra-processed foods; excessive added sugar; alcohol; stimulant-heavy drinks; foods blocked by allergy/medical/religious preference,milk;egg;fish;shellfish;tree_nuts;peanuts;wheat;soy;sesame;sulfites,Use body-weight/goal-based protein targets only after profile setup; prioritize whole foods first.,"After hard training, pair carbohydrate + protein + fluids; for vegan/vegetarian, combine legumes/grains/soy/nuts/seeds and check B12/iron/calcium planning.","Pregnancy, baby, child, diabetes, kidney disease, eating disorders, allergies and medication interactions require qualified review. Carnivore/very restrictive diets need extra review for fiber/micronutrients.",Use USDA FoodData Central for nutrient values; use Open Food Facts for packaged barcode data with license/attribution handling.,v0.1-safe-seed-2026-06-11
NT0107,Vegan Child Growth - 3 Meals,child_6_12,vegan,child_growth,3_meals,"calculate TDEE/BMR then adjust gently; no aggressive deficit for pregnancy, children or medical users","protein, carbohydrates and fats balanced around training/recovery; personalize by body size, goal, activity and medical review",water first; add electrolytes for long heat/sweat sessions where suitable,vegetables; fruit; legumes; whole grains where tolerated; lean proteins or diet-appropriate alternatives; healthy fats; calcium/iron/B12 sources where relevant,ultra-processed foods; excessive added sugar; alcohol; stimulant-heavy drinks; foods blocked by allergy/medical/religious preference,milk;egg;fish;shellfish;tree_nuts;peanuts;wheat;soy;sesame;sulfites,Prioritize whole-food protein. Children/teens should not be prompted to use protein powders; use caregiver and clinician/dietitian review for special diets.,"After hard training, pair carbohydrate + protein + fluids; for vegan/vegetarian, combine legumes/grains/soy/nuts/seeds and check B12/iron/calcium planning.","Pregnancy, baby, child, diabetes, kidney disease, eating disorders, allergies and medication interactions require qualified review. Carnivore/very restrictive diets need extra review for fiber/micronutrients.",Use USDA FoodData Central for nutrient values; use Open Food Facts for packaged barcode data with license/attribution handling.,v0.1-safe-seed-2026-06-11
NT0108,Vegan Child Growth - 3 Meals 1 Snack,child_6_12,vegan,child_growth,3_meals_1_snack,"calculate TDEE/BMR then adjust gently; no aggressive deficit for pregnancy, children or medical users","protein, carbohydrates and fats balanced around training/recovery; personalize by body size, goal, activity and medical review",water first; add electrolytes for long heat/sweat sessions where suitable,vegetables; fruit; legumes; whole grains where tolerated; lean proteins or diet-appropriate alternatives; healthy fats; calcium/iron/B12 sources where relevant,ultra-processed foods; excessive added sugar; alcohol; stimulant-heavy drinks; foods blocked by allergy/medical/religious preference,milk;egg;fish;shellfish;tree_nuts;peanuts;wheat;soy;sesame;sulfites,Prioritize whole-food protein. Children/teens should not be prompted to use protein powders; use caregiver and clinician/dietitian review for special diets.,"After hard training, pair carbohydrate + protein + fluids; for vegan/vegetarian, combine legumes/grains/soy/nuts/seeds and check B12/iron/calcium planning.","Pregnancy, baby, child, diabetes, kidney disease, eating disorders, allergies and medication interactions require qualified review. Carnivore/very restrictive diets need extra review for fiber/micronutrients.",Use USDA FoodData Central for nutrient values; use Open Food Facts for packaged barcode data with license/attribution handling.,v0.1-safe-seed-2026-06-11
NT0109,Vegan Child Growth - 3 Meals 2 Snacks,child_6_12,vegan,child_growth,3_meals_2_snacks,"calculate TDEE/BMR then adjust gently; no aggressive deficit for pregnancy, children or medical users","protein, carbohydrates and fats balanced around training/recovery; personalize by body size, goal, activity and medical review",water first; add electrolytes for long heat/sweat sessions where suitable,vegetables; fruit; legumes; whole grains where tolerated; lean proteins or diet-appropriate alternatives; healthy fats; calcium/iron/B12 sources where relevant,ultra-processed foods; excessive added sugar; alcohol; stimulant-heavy drinks; foods blocked by allergy/medical/religious preference,milk;egg;fish;shellfish;tree_nuts;peanuts;wheat;soy;sesame;sulfites,Prioritize whole-food protein. Children/teens should not be prompted to use protein powders; use caregiver and clinician/dietitian review for special diets.,"After hard training, pair carbohydrate + protein + fluids; for vegan/vegetarian, combine legumes/grains/soy/nuts/seeds and check B12/iron/calcium planning.","Pregnancy, baby, child, diabetes, kidney disease, eating disorders, allergies and medication interactions require qualified review. Carnivore/very restrictive diets need extra review for fiber/micronutrients.",Use USDA FoodData Central for nutrient values; use Open Food Facts for packaged barcode data with license/attribution handling.,v0.1-safe-seed-2026-06-11
NT0110,Vegan Teen Sport - 3 Meals,teen_13_17,vegan,teen_sport,3_meals,"calculate TDEE/BMR then adjust gently; no aggressive deficit for pregnancy, children or medical users","protein, carbohydrates and fats balanced around training/recovery; personalize by body size, goal, activity and medical review",water first; add electrolytes for long heat/sweat sessions where suitable,vegetables; fruit; legumes; whole grains where tolerated; lean proteins or diet-appropriate alternatives; healthy fats; calcium/iron/B12 sources where relevant,ultra-processed foods; excessive added sugar; alcohol; stimulant-heavy drinks; foods blocked by allergy/medical/religious preference,milk;egg;fish;shellfish;tree_nuts;peanuts;wheat;soy;sesame;sulfites,Prioritize whole-food protein. Children/teens should not be prompted to use protein powders; use caregiver and clinician/dietitian review for special diets.,"After hard training, pair carbohydrate + protein + fluids; for vegan/vegetarian, combine legumes/grains/soy/nuts/seeds and check B12/iron/calcium planning.","Pregnancy, baby, child, diabetes, kidney disease, eating disorders, allergies and medication interactions require qualified review. Carnivore/very restrictive diets need extra review for fiber/micronutrients.",Use USDA FoodData Central for nutrient values; use Open Food Facts for packaged barcode data with license/attribution handling.,v0.1-safe-seed-2026-06-11
NT0111,Vegan Teen Sport - 3 Meals 1 Snack,teen_13_17,vegan,teen_sport,3_meals_1_snack,"calculate TDEE/BMR then adjust gently; no aggressive deficit for pregnancy, children or medical users","protein, carbohydrates and fats balanced around training/recovery; personalize by body size, goal, activity and medical review",water first; add electrolytes for long heat/sweat sessions where suitable,vegetables; fruit; legumes; whole grains where tolerated; lean proteins or diet-appropriate alternatives; healthy fats; calcium/iron/B12 sources where relevant,ultra-processed foods; excessive added sugar; alcohol; stimulant-heavy drinks; foods blocked by allergy/medical/religious preference,milk;egg;fish;shellfish;tree_nuts;peanuts;wheat;soy;sesame;sulfites,Prioritize whole-food protein. Children/teens should not be prompted to use protein powders; use caregiver and clinician/dietitian review for special diets.,"After hard training, pair carbohydrate + protein + fluids; for vegan/vegetarian, combine legumes/grains/soy/nuts/seeds and check B12/iron/calcium planning.","Pregnancy, baby, child, diabetes, kidney disease, eating disorders, allergies and medication interactions require qualified review. Carnivore/very restrictive diets need extra review for fiber/micronutrients.",Use USDA FoodData Central for nutrient values; use Open Food Facts for packaged barcode data with license/attribution handling.,v0.1-safe-seed-2026-06-11
NT0112,Vegan Teen Sport - 3 Meals 2 Snacks,teen_13_17,vegan,teen_sport,3_meals_2_snacks,"calculate TDEE/BMR then adjust gently; no aggressive deficit for pregnancy, children or medical users","protein, carbohydrates and fats balanced around training/recovery; personalize by body size, goal, activity and medical review",water first; add electrolytes for long heat/sweat sessions where suitable,vegetables; fruit; legumes; whole grains where tolerated; lean proteins or diet-appropriate alternatives; healthy fats; calcium/iron/B12 sources where relevant,ultra-processed foods; excessive added sugar; alcohol; stimulant-heavy drinks; foods blocked by allergy/medical/religious preference,milk;egg;fish;shellfish;tree_nuts;peanuts;wheat;soy;sesame;sulfites,Prioritize whole-food protein. Children/teens should not be prompted to use protein powders; use caregiver and clinician/dietitian review for special diets.,"After hard training, pair carbohydrate + protein + fluids; for vegan/vegetarian, combine legumes/grains/soy/nuts/seeds and check B12/iron/calcium planning.","Pregnancy, baby, child, diabetes, kidney disease, eating disorders, allergies and medication interactions require qualified review. Carnivore/very restrictive diets need extra review for fiber/micronutrients.",Use USDA FoodData Central for nutrient values; use Open Food Facts for packaged barcode data with license/attribution handling.,v0.1-safe-seed-2026-06-11
NT0113,Vegan Recovery Day - 3 Meals,general_adult,vegan,recovery_day,3_meals,"calculate TDEE/BMR then adjust gently; no aggressive deficit for pregnancy, children or medical users","protein, carbohydrates and fats balanced around training/recovery; personalize by body size, goal, activity and medical review",water first; add electrolytes for long heat/sweat sessions where suitable,vegetables; fruit; legumes; whole grains where tolerated; lean proteins or diet-appropriate alternatives; healthy fats; calcium/iron/B12 sources where relevant,ultra-processed foods; excessive added sugar; alcohol; stimulant-heavy drinks; foods blocked by allergy/medical/religious preference,milk;egg;fish;shellfish;tree_nuts;peanuts;wheat;soy;sesame;sulfites,Use body-weight/goal-based protein targets only after profile setup; prioritize whole foods first.,"After hard training, pair carbohydrate + protein + fluids; for vegan/vegetarian, combine legumes/grains/soy/nuts/seeds and check B12/iron/calcium planning.","Pregnancy, baby, child, diabetes, kidney disease, eating disorders, allergies and medication interactions require qualified review. Carnivore/very restrictive diets need extra review for fiber/micronutrients.",Use USDA FoodData Central for nutrient values; use Open Food Facts for packaged barcode data with license/attribution handling.,v0.1-safe-seed-2026-06-11
NT0114,Vegan Recovery Day - 3 Meals 1 Snack,general_adult,vegan,recovery_day,3_meals_1_snack,"calculate TDEE/BMR then adjust gently; no aggressive deficit for pregnancy, children or medical users","protein, carbohydrates and fats balanced around training/recovery; personalize by body size, goal, activity and medical review",water first; add electrolytes for long heat/sweat sessions where suitable,vegetables; fruit; legumes; whole grains where tolerated; lean proteins or diet-appropriate alternatives; healthy fats; calcium/iron/B12 sources where relevant,ultra-processed foods; excessive added sugar; alcohol; stimulant-heavy drinks; foods blocked by allergy/medical/religious preference,milk;egg;fish;shellfish;tree_nuts;peanuts;wheat;soy;sesame;sulfites,Use body-weight/goal-based protein targets only after profile setup; prioritize whole foods first.,"After hard training, pair carbohydrate + protein + fluids; for vegan/vegetarian, combine legumes/grains/soy/nuts/seeds and check B12/iron/calcium planning.","Pregnancy, baby, child, diabetes, kidney disease, eating disorders, allergies and medication interactions require qualified review. Carnivore/very restrictive diets need extra review for fiber/micronutrients.",Use USDA FoodData Central for nutrient values; use Open Food Facts for packaged barcode data with license/attribution handling.,v0.1-safe-seed-2026-06-11
NT0115,Vegan Recovery Day - 3 Meals 2 Snacks,general_adult,vegan,recovery_day,3_meals_2_snacks,"calculate TDEE/BMR then adjust gently; no aggressive deficit for pregnancy, children or medical users","protein, carbohydrates and fats balanced around training/recovery; personalize by body size, goal, activity and medical review",water first; add electrolytes for long heat/sweat sessions where suitable,vegetables; fruit; legumes; whole grains where tolerated; lean proteins or diet-appropriate alternatives; healthy fats; calcium/iron/B12 sources where relevant,ultra-processed foods; excessive added sugar; alcohol; stimulant-heavy drinks; foods blocked by allergy/medical/religious preference,milk;egg;fish;shellfish;tree_nuts;peanuts;wheat;soy;sesame;sulfites,Use body-weight/goal-based protein targets only after profile setup; prioritize whole foods first.,"After hard training, pair carbohydrate + protein + fluids; for vegan/vegetarian, combine legumes/grains/soy/nuts/seeds and check B12/iron/calcium planning.","Pregnancy, baby, child, diabetes, kidney disease, eating disorders, allergies and medication interactions require qualified review. Carnivore/very restrictive diets need extra review for fiber/micronutrients.",Use USDA FoodData Central for nutrient values; use Open Food Facts for packaged barcode data with license/attribution handling.,v0.1-safe-seed-2026-06-11
NT0116,Vegan Recovery Day - Time Restricted 12 Hour Window Adult Only,general_adult,vegan,recovery_day,time_restricted_12_hour_window_adult_only,"calculate TDEE/BMR then adjust gently; no aggressive deficit for pregnancy, children or medical users","protein, carbohydrates and fats balanced around training/recovery; personalize by body size, goal, activity and medical review",water first; add electrolytes for long heat/sweat sessions where suitable,vegetables; fruit; legumes; whole grains where tolerated; lean proteins or diet-appropriate alternatives; healthy fats; calcium/iron/B12 sources where relevant,ultra-processed foods; excessive added sugar; alcohol; stimulant-heavy drinks; foods blocked by allergy/medical/religious preference,milk;egg;fish;shellfish;tree_nuts;peanuts;wheat;soy;sesame;sulfites,Use body-weight/goal-based protein targets only after profile setup; prioritize whole foods first.,"After hard training, pair carbohydrate + protein + fluids; for vegan/vegetarian, combine legumes/grains/soy/nuts/seeds and check B12/iron/calcium planning.","Pregnancy, baby, child, diabetes, kidney disease, eating disorders, allergies and medication interactions require qualified review. Carnivore/very restrictive diets need extra review for fiber/micronutrients.",Use USDA FoodData Central for nutrient values; use Open Food Facts for packaged barcode data with license/attribution handling.,v0.1-safe-seed-2026-06-11
NT0117,Vegan Recovery Day - Shift Worker Flexible,general_adult,vegan,recovery_day,shift_worker_flexible,"calculate TDEE/BMR then adjust gently; no aggressive deficit for pregnancy, children or medical users","protein, carbohydrates and fats balanced around training/recovery; personalize by body size, goal, activity and medical review",water first; add electrolytes for long heat/sweat sessions where suitable,vegetables; fruit; legumes; whole grains where tolerated; lean proteins or diet-appropriate alternatives; healthy fats; calcium/iron/B12 sources where relevant,ultra-processed foods; excessive added sugar; alcohol; stimulant-heavy drinks; foods blocked by allergy/medical/religious preference,milk;egg;fish;shellfish;tree_nuts;peanuts;wheat;soy;sesame;sulfites,Use body-weight/goal-based protein targets only after profile setup; prioritize whole foods first.,"After hard training, pair carbohydrate + protein + fluids; for vegan/vegetarian, combine legumes/grains/soy/nuts/seeds and check B12/iron/calcium planning.","Pregnancy, baby, child, diabetes, kidney disease, eating disorders, allergies and medication interactions require qualified review. Carnivore/very restrictive diets need extra review for fiber/micronutrients.",Use USDA FoodData Central for nutrient values; use Open Food Facts for packaged barcode data with license/attribution handling.,v0.1-safe-seed-2026-06-11
NT0118,Carnivore Weight Loss - 3 Meals,general_adult,carnivore,weight_loss,3_meals,"calculate TDEE/BMR then adjust gently; no aggressive deficit for pregnancy, children or medical users","protein, carbohydrates and fats balanced around training/recovery; personalize by body size, goal, activity and medical review",water first; add electrolytes for long heat/sweat sessions where suitable,vegetables; fruit; legumes; whole grains where tolerated; lean proteins or diet-appropriate alternatives; healthy fats; calcium/iron/B12 sources where relevant,ultra-processed foods; excessive added sugar; alcohol; stimulant-heavy drinks; foods blocked by allergy/medical/religious preference,milk;egg;fish;shellfish;tree_nuts;peanuts;wheat;soy;sesame;sulfites,Use body-weight/goal-based protein targets only after profile setup; prioritize whole foods first.,"After hard training, pair carbohydrate + protein + fluids; for vegan/vegetarian, combine legumes/grains/soy/nuts/seeds and check B12/iron/calcium planning.","Pregnancy, baby, child, diabetes, kidney disease, eating disorders, allergies and medication interactions require qualified review. Carnivore/very restrictive diets need extra review for fiber/micronutrients.",Use USDA FoodData Central for nutrient values; use Open Food Facts for packaged barcode data with license/attribution handling.,v0.1-safe-seed-2026-06-11
NT0119,Carnivore Weight Loss - 3 Meals 1 Snack,general_adult,carnivore,weight_loss,3_meals_1_snack,"calculate TDEE/BMR then adjust gently; no aggressive deficit for pregnancy, children or medical users","protein, carbohydrates and fats balanced around training/recovery; personalize by body size, goal, activity and medical review",water first; add electrolytes for long heat/sweat sessions where suitable,vegetables; fruit; legumes; whole grains where tolerated; lean proteins or diet-appropriate alternatives; healthy fats; calcium/iron/B12 sources where relevant,ultra-processed foods; excessive added sugar; alcohol; stimulant-heavy drinks; foods blocked by allergy/medical/religious preference,milk;egg;fish;shellfish;tree_nuts;peanuts;wheat;soy;sesame;sulfites,Use body-weight/goal-based protein targets only after profile setup; prioritize whole foods first.,"After hard training, pair carbohydrate + protein + fluids; for vegan/vegetarian, combine legumes/grains/soy/nuts/seeds and check B12/iron/calcium planning.","Pregnancy, baby, child, diabetes, kidney disease, eating disorders, allergies and medication interactions require qualified review. Carnivore/very restrictive diets need extra review for fiber/micronutrients.",Use USDA FoodData Central for nutrient values; use Open Food Facts for packaged barcode data with license/attribution handling.,v0.1-safe-seed-2026-06-11
NT0120,Carnivore Weight Loss - 3 Meals 2 Snacks,general_adult,carnivore,weight_loss,3_meals_2_snacks,"calculate TDEE/BMR then adjust gently; no aggressive deficit for pregnancy, children or medical users","protein, carbohydrates and fats balanced around training/recovery; personalize by body size, goal, activity and medical review",water first; add electrolytes for long heat/sweat sessions where suitable,vegetables; fruit; legumes; whole grains where tolerated; lean proteins or diet-appropriate alternatives; healthy fats; calcium/iron/B12 sources where relevant,ultra-processed foods; excessive added sugar; alcohol; stimulant-heavy drinks; foods blocked by allergy/medical/religious preference,milk;egg;fish;shellfish;tree_nuts;peanuts;wheat;soy;sesame;sulfites,Use body-weight/goal-based protein targets only after profile setup; prioritize whole foods first.,"After hard training, pair carbohydrate + protein + fluids; for vegan/vegetarian, combine legumes/grains/soy/nuts/seeds and check B12/iron/calcium planning.","Pregnancy, baby, child, diabetes, kidney disease, eating disorders, allergies and medication interactions require qualified review. Carnivore/very restrictive diets need extra review for fiber/micronutrients.",Use USDA FoodData Central for nutrient values; use Open Food Facts for packaged barcode data with license/attribution handling.,v0.1-safe-seed-2026-06-11
NT0121,Carnivore Weight Loss - Time Restricted 12 Hour Window Adult Only,general_adult,carnivore,weight_loss,time_restricted_12_hour_window_adult_only,"calculate TDEE/BMR then adjust gently; no aggressive deficit for pregnancy, children or medical users","protein, carbohydrates and fats balanced around training/recovery; personalize by body size, goal, activity and medical review",water first; add electrolytes for long heat/sweat sessions where suitable,vegetables; fruit; legumes; whole grains where tolerated; lean proteins or diet-appropriate alternatives; healthy fats; calcium/iron/B12 sources where relevant,ultra-processed foods; excessive added sugar; alcohol; stimulant-heavy drinks; foods blocked by allergy/medical/religious preference,milk;egg;fish;shellfish;tree_nuts;peanuts;wheat;soy;sesame;sulfites,Use body-weight/goal-based protein targets only after profile setup; prioritize whole foods first.,"After hard training, pair carbohydrate + protein + fluids; for vegan/vegetarian, combine legumes/grains/soy/nuts/seeds and check B12/iron/calcium planning.","Pregnancy, baby, child, diabetes, kidney disease, eating disorders, allergies and medication interactions require qualified review. Carnivore/very restrictive diets need extra review for fiber/micronutrients.",Use USDA FoodData Central for nutrient values; use Open Food Facts for packaged barcode data with license/attribution handling.,v0.1-safe-seed-2026-06-11
NT0122,Carnivore Weight Loss - Shift Worker Flexible,general_adult,carnivore,weight_loss,shift_worker_flexible,"calculate TDEE/BMR then adjust gently; no aggressive deficit for pregnancy, children or medical users","protein, carbohydrates and fats balanced around training/recovery; personalize by body size, goal, activity and medical review",water first; add electrolytes for long heat/sweat sessions where suitable,vegetables; fruit; legumes; whole grains where tolerated; lean proteins or diet-appropriate alternatives; healthy fats; calcium/iron/B12 sources where relevant,ultra-processed foods; excessive added sugar; alcohol; stimulant-heavy drinks; foods blocked by allergy/medical/religious preference,milk;egg;fish;shellfish;tree_nuts;peanuts;wheat;soy;sesame;sulfites,Use body-weight/goal-based protein targets only after profile setup; prioritize whole foods first.,"After hard training, pair carbohydrate + protein + fluids; for vegan/vegetarian, combine legumes/grains/soy/nuts/seeds and check B12/iron/calcium planning.","Pregnancy, baby, child, diabetes, kidney disease, eating disorders, allergies and medication interactions require qualified review. Carnivore/very restrictive diets need extra review for fiber/micronutrients.",Use USDA FoodData Central for nutrient values; use Open Food Facts for packaged barcode data with license/attribution handling.,v0.1-safe-seed-2026-06-11
NT0123,Carnivore Muscle Gain - 3 Meals,general_adult,carnivore,muscle_gain,3_meals,"calculate TDEE/BMR then adjust gently; no aggressive deficit for pregnancy, children or medical users","protein, carbohydrates and fats balanced around training/recovery; personalize by body size, goal, activity and medical review",water first; add electrolytes for long heat/sweat sessions where suitable,vegetables; fruit; legumes; whole grains where tolerated; lean proteins or diet-appropriate alternatives; healthy fats; calcium/iron/B12 sources where relevant,ultra-processed foods; excessive added sugar; alcohol; stimulant-heavy drinks; foods blocked by allergy/medical/religious preference,milk;egg;fish;shellfish;tree_nuts;peanuts;wheat;soy;sesame;sulfites,Use body-weight/goal-based protein targets only after profile setup; prioritize whole foods first.,"After hard training, pair carbohydrate + protein + fluids; for vegan/vegetarian, combine legumes/grains/soy/nuts/seeds and check B12/iron/calcium planning.","Pregnancy, baby, child, diabetes, kidney disease, eating disorders, allergies and medication interactions require qualified review. Carnivore/very restrictive diets need extra review for fiber/micronutrients.",Use USDA FoodData Central for nutrient values; use Open Food Facts for packaged barcode data with license/attribution handling.,v0.1-safe-seed-2026-06-11
NT0124,Carnivore Muscle Gain - 3 Meals 1 Snack,general_adult,carnivore,muscle_gain,3_meals_1_snack,"calculate TDEE/BMR then adjust gently; no aggressive deficit for pregnancy, children or medical users","protein, carbohydrates and fats balanced around training/recovery; personalize by body size, goal, activity and medical review",water first; add electrolytes for long heat/sweat sessions where suitable,vegetables; fruit; legumes; whole grains where tolerated; lean proteins or diet-appropriate alternatives; healthy fats; calcium/iron/B12 sources where relevant,ultra-processed foods; excessive added sugar; alcohol; stimulant-heavy drinks; foods blocked by allergy/medical/religious preference,milk;egg;fish;shellfish;tree_nuts;peanuts;wheat;soy;sesame;sulfites,Use body-weight/goal-based protein targets only after profile setup; prioritize whole foods first.,"After hard training, pair carbohydrate + protein + fluids; for vegan/vegetarian, combine legumes/grains/soy/nuts/seeds and check B12/iron/calcium planning.","Pregnancy, baby, child, diabetes, kidney disease, eating disorders, allergies and medication interactions require qualified review. Carnivore/very restrictive diets need extra review for fiber/micronutrients.",Use USDA FoodData Central for nutrient values; use Open Food Facts for packaged barcode data with license/attribution handling.,v0.1-safe-seed-2026-06-11
NT0125,Carnivore Muscle Gain - 3 Meals 2 Snacks,general_adult,carnivore,muscle_gain,3_meals_2_snacks,"calculate TDEE/BMR then adjust gently; no aggressive deficit for pregnancy, children or medical users","protein, carbohydrates and fats balanced around training/recovery; personalize by body size, goal, activity and medical review",water first; add electrolytes for long heat/sweat sessions where suitable,vegetables; fruit; legumes; whole grains where tolerated; lean proteins or diet-appropriate alternatives; healthy fats; calcium/iron/B12 sources where relevant,ultra-processed foods; excessive added sugar; alcohol; stimulant-heavy drinks; foods blocked by allergy/medical/religious preference,milk;egg;fish;shellfish;tree_nuts;peanuts;wheat;soy;sesame;sulfites,Use body-weight/goal-based protein targets only after profile setup; prioritize whole foods first.,"After hard training, pair carbohydrate + protein + fluids; for vegan/vegetarian, combine legumes/grains/soy/nuts/seeds and check B12/iron/calcium planning.","Pregnancy, baby, child, diabetes, kidney disease, eating disorders, allergies and medication interactions require qualified review. Carnivore/very restrictive diets need extra review for fiber/micronutrients.",Use USDA FoodData Central for nutrient values; use Open Food Facts for packaged barcode data with license/attribution handling.,v0.1-safe-seed-2026-06-11
NT0126,Carnivore Muscle Gain - Time Restricted 12 Hour Window Adult Only,general_adult,carnivore,muscle_gain,time_restricted_12_hour_window_adult_only,"calculate TDEE/BMR then adjust gently; no aggressive deficit for pregnancy, children or medical users","protein, carbohydrates and fats balanced around training/recovery; personalize by body size, goal, activity and medical review",water first; add electrolytes for long heat/sweat sessions where suitable,vegetables; fruit; legumes; whole grains where tolerated; lean proteins or diet-appropriate alternatives; healthy fats; calcium/iron/B12 sources where relevant,ultra-processed foods; excessive added sugar; alcohol; stimulant-heavy drinks; foods blocked by allergy/medical/religious preference,milk;egg;fish;shellfish;tree_nuts;peanuts;wheat;soy;sesame;sulfites,Use body-weight/goal-based protein targets only after profile setup; prioritize whole foods first.,"After hard training, pair carbohydrate + protein + fluids; for vegan/vegetarian, combine legumes/grains/soy/nuts/seeds and check B12/iron/calcium planning.","Pregnancy, baby, child, diabetes, kidney disease, eating disorders, allergies and medication interactions require qualified review. Carnivore/very restrictive diets need extra review for fiber/micronutrients.",Use USDA FoodData Central for nutrient values; use Open Food Facts for packaged barcode data with license/attribution handling.,v0.1-safe-seed-2026-06-11
NT0127,Carnivore Muscle Gain - Shift Worker Flexible,general_adult,carnivore,muscle_gain,shift_worker_flexible,"calculate TDEE/BMR then adjust gently; no aggressive deficit for pregnancy, children or medical users","protein, carbohydrates and fats balanced around training/recovery; personalize by body size, goal, activity and medical review",water first; add electrolytes for long heat/sweat sessions where suitable,vegetables; fruit; legumes; whole grains where tolerated; lean proteins or diet-appropriate alternatives; healthy fats; calcium/iron/B12 sources where relevant,ultra-processed foods; excessive added sugar; alcohol; stimulant-heavy drinks; foods blocked by allergy/medical/religious preference,milk;egg;fish;shellfish;tree_nuts;peanuts;wheat;soy;sesame;sulfites,Use body-weight/goal-based protein targets only after profile setup; prioritize whole foods first.,"After hard training, pair carbohydrate + protein + fluids; for vegan/vegetarian, combine legumes/grains/soy/nuts/seeds and check B12/iron/calcium planning.","Pregnancy, baby, child, diabetes, kidney disease, eating disorders, allergies and medication interactions require qualified review. Carnivore/very restrictive diets need extra review for fiber/micronutrients.",Use USDA FoodData Central for nutrient values; use Open Food Facts for packaged barcode data with license/attribution handling.,v0.1-safe-seed-2026-06-11
NT0128,Carnivore Maintenance - 3 Meals,general_adult,carnivore,maintenance,3_meals,"calculate TDEE/BMR then adjust gently; no aggressive deficit for pregnancy, children or medical users","protein, carbohydrates and fats balanced around training/recovery; personalize by body size, goal, activity and medical review",water first; add electrolytes for long heat/sweat sessions where suitable,vegetables; fruit; legumes; whole grains where tolerated; lean proteins or diet-appropriate alternatives; healthy fats; calcium/iron/B12 sources where relevant,ultra-processed foods; excessive added sugar; alcohol; stimulant-heavy drinks; foods blocked by allergy/medical/religious preference,milk;egg;fish;shellfish;tree_nuts;peanuts;wheat;soy;sesame;sulfites,Use body-weight/goal-based protein targets only after profile setup; prioritize whole foods first.,"After hard training, pair carbohydrate + protein + fluids; for vegan/vegetarian, combine legumes/grains/soy/nuts/seeds and check B12/iron/calcium planning.","Pregnancy, baby, child, diabetes, kidney disease, eating disorders, allergies and medication interactions require qualified review. Carnivore/very restrictive diets need extra review for fiber/micronutrients.",Use USDA FoodData Central for nutrient values; use Open Food Facts for packaged barcode data with license/attribution handling.,v0.1-safe-seed-2026-06-11
NT0129,Carnivore Maintenance - 3 Meals 1 Snack,general_adult,carnivore,maintenance,3_meals_1_snack,"calculate TDEE/BMR then adjust gently; no aggressive deficit for pregnancy, children or medical users","protein, carbohydrates and fats balanced around training/recovery; personalize by body size, goal, activity and medical review",water first; add electrolytes for long heat/sweat sessions where suitable,vegetables; fruit; legumes; whole grains where tolerated; lean proteins or diet-appropriate alternatives; healthy fats; calcium/iron/B12 sources where relevant,ultra-processed foods; excessive added sugar; alcohol; stimulant-heavy drinks; foods blocked by allergy/medical/religious preference,milk;egg;fish;shellfish;tree_nuts;peanuts;wheat;soy;sesame;sulfites,Use body-weight/goal-based protein targets only after profile setup; prioritize whole foods first.,"After hard training, pair carbohydrate + protein + fluids; for vegan/vegetarian, combine legumes/grains/soy/nuts/seeds and check B12/iron/calcium planning.","Pregnancy, baby, child, diabetes, kidney disease, eating disorders, allergies and medication interactions require qualified review. Carnivore/very restrictive diets need extra review for fiber/micronutrients.",Use USDA FoodData Central for nutrient values; use Open Food Facts for packaged barcode data with license/attribution handling.,v0.1-safe-seed-2026-06-11
NT0130,Carnivore Maintenance - 3 Meals 2 Snacks,general_adult,carnivore,maintenance,3_meals_2_snacks,"calculate TDEE/BMR then adjust gently; no aggressive deficit for pregnancy, children or medical users","protein, carbohydrates and fats balanced around training/recovery; personalize by body size, goal, activity and medical review",water first; add electrolytes for long heat/sweat sessions where suitable,vegetables; fruit; legumes; whole grains where tolerated; lean proteins or diet-appropriate alternatives; healthy fats; calcium/iron/B12 sources where relevant,ultra-processed foods; excessive added sugar; alcohol; stimulant-heavy drinks; foods blocked by allergy/medical/religious preference,milk;egg;fish;shellfish;tree_nuts;peanuts;wheat;soy;sesame;sulfites,Use body-weight/goal-based protein targets only after profile setup; prioritize whole foods first.,"After hard training, pair carbohydrate + protein + fluids; for vegan/vegetarian, combine legumes/grains/soy/nuts/seeds and check B12/iron/calcium planning.","Pregnancy, baby, child, diabetes, kidney disease, eating disorders, allergies and medication interactions require qualified review. Carnivore/very restrictive diets need extra review for fiber/micronutrients.",Use USDA FoodData Central for nutrient values; use Open Food Facts for packaged barcode data with license/attribution handling.,v0.1-safe-seed-2026-06-11
NT0131,Carnivore Maintenance - Time Restricted 12 Hour Window Adult Only,general_adult,carnivore,maintenance,time_restricted_12_hour_window_adult_only,"calculate TDEE/BMR then adjust gently; no aggressive deficit for pregnancy, children or medical users","protein, carbohydrates and fats balanced around training/recovery; personalize by body size, goal, activity and medical review",water first; add electrolytes for long heat/sweat sessions where suitable,vegetables; fruit; legumes; whole grains where tolerated; lean proteins or diet-appropriate alternatives; healthy fats; calcium/iron/B12 sources where relevant,ultra-processed foods; excessive added sugar; alcohol; stimulant-heavy drinks; foods blocked by allergy/medical/religious preference,milk;egg;fish;shellfish;tree_nuts;peanuts;wheat;soy;sesame;sulfites,Use body-weight/goal-based protein targets only after profile setup; prioritize whole foods first.,"After hard training, pair carbohydrate + protein + fluids; for vegan/vegetarian, combine legumes/grains/soy/nuts/seeds and check B12/iron/calcium planning.","Pregnancy, baby, child, diabetes, kidney disease, eating disorders, allergies and medication interactions require qualified review. Carnivore/very restrictive diets need extra review for fiber/micronutrients.",Use USDA FoodData Central for nutrient values; use Open Food Facts for packaged barcode data with license/attribution handling.,v0.1-safe-seed-2026-06-11
NT0132,Carnivore Maintenance - Shift Worker Flexible,general_adult,carnivore,maintenance,shift_worker_flexible,"calculate TDEE/BMR then adjust gently; no aggressive deficit for pregnancy, children or medical users","protein, carbohydrates and fats balanced around training/recovery; personalize by body size, goal, activity and medical review",water first; add electrolytes for long heat/sweat sessions where suitable,vegetables; fruit; legumes; whole grains where tolerated; lean proteins or diet-appropriate alternatives; healthy fats; calcium/iron/B12 sources where relevant,ultra-processed foods; excessive added sugar; alcohol; stimulant-heavy drinks; foods blocked by allergy/medical/religious preference,milk;egg;fish;shellfish;tree_nuts;peanuts;wheat;soy;sesame;sulfites,Use body-weight/goal-based protein targets only after profile setup; prioritize whole foods first.,"After hard training, pair carbohydrate + protein + fluids; for vegan/vegetarian, combine legumes/grains/soy/nuts/seeds and check B12/iron/calcium planning.","Pregnancy, baby, child, diabetes, kidney disease, eating disorders, allergies and medication interactions require qualified review. Carnivore/very restrictive diets need extra review for fiber/micronutrients.",Use USDA FoodData Central for nutrient values; use Open Food Facts for packaged barcode data with license/attribution handling.,v0.1-safe-seed-2026-06-11
NT0133,Carnivore Endurance - 3 Meals,general_adult,carnivore,endurance,3_meals,"calculate TDEE/BMR then adjust gently; no aggressive deficit for pregnancy, children or medical users","protein, carbohydrates and fats balanced around training/recovery; personalize by body size, goal, activity and medical review",water first; add electrolytes for long heat/sweat sessions where suitable,vegetables; fruit; legumes; whole grains where tolerated; lean proteins or diet-appropriate alternatives; healthy fats; calcium/iron/B12 sources where relevant,ultra-processed foods; excessive added sugar; alcohol; stimulant-heavy drinks; foods blocked by allergy/medical/religious preference,milk;egg;fish;shellfish;tree_nuts;peanuts;wheat;soy;sesame;sulfites,Use body-weight/goal-based protein targets only after profile setup; prioritize whole foods first.,"After hard training, pair carbohydrate + protein + fluids; for vegan/vegetarian, combine legumes/grains/soy/nuts/seeds and check B12/iron/calcium planning.","Pregnancy, baby, child, diabetes, kidney disease, eating disorders, allergies and medication interactions require qualified review. Carnivore/very restrictive diets need extra review for fiber/micronutrients.",Use USDA FoodData Central for nutrient values; use Open Food Facts for packaged barcode data with license/attribution handling.,v0.1-safe-seed-2026-06-11
NT0134,Carnivore Endurance - 3 Meals 1 Snack,general_adult,carnivore,endurance,3_meals_1_snack,"calculate TDEE/BMR then adjust gently; no aggressive deficit for pregnancy, children or medical users","protein, carbohydrates and fats balanced around training/recovery; personalize by body size, goal, activity and medical review",water first; add electrolytes for long heat/sweat sessions where suitable,vegetables; fruit; legumes; whole grains where tolerated; lean proteins or diet-appropriate alternatives; healthy fats; calcium/iron/B12 sources where relevant,ultra-processed foods; excessive added sugar; alcohol; stimulant-heavy drinks; foods blocked by allergy/medical/religious preference,milk;egg;fish;shellfish;tree_nuts;peanuts;wheat;soy;sesame;sulfites,Use body-weight/goal-based protein targets only after profile setup; prioritize whole foods first.,"After hard training, pair carbohydrate + protein + fluids; for vegan/vegetarian, combine legumes/grains/soy/nuts/seeds and check B12/iron/calcium planning.","Pregnancy, baby, child, diabetes, kidney disease, eating disorders, allergies and medication interactions require qualified review. Carnivore/very restrictive diets need extra review for fiber/micronutrients.",Use USDA FoodData Central for nutrient values; use Open Food Facts for packaged barcode data with license/attribution handling.,v0.1-safe-seed-2026-06-11
NT0135,Carnivore Endurance - 3 Meals 2 Snacks,general_adult,carnivore,endurance,3_meals_2_snacks,"calculate TDEE/BMR then adjust gently; no aggressive deficit for pregnancy, children or medical users","protein, carbohydrates and fats balanced around training/recovery; personalize by body size, goal, activity and medical review",water first; add electrolytes for long heat/sweat sessions where suitable,vegetables; fruit; legumes; whole grains where tolerated; lean proteins or diet-appropriate alternatives; healthy fats; calcium/iron/B12 sources where relevant,ultra-processed foods; excessive added sugar; alcohol; stimulant-heavy drinks; foods blocked by allergy/medical/religious preference,milk;egg;fish;shellfish;tree_nuts;peanuts;wheat;soy;sesame;sulfites,Use body-weight/goal-based protein targets only after profile setup; prioritize whole foods first.,"After hard training, pair carbohydrate + protein + fluids; for vegan/vegetarian, combine legumes/grains/soy/nuts/seeds and check B12/iron/calcium planning.","Pregnancy, baby, child, diabetes, kidney disease, eating disorders, allergies and medication interactions require qualified review. Carnivore/very restrictive diets need extra review for fiber/micronutrients.",Use USDA FoodData Central for nutrient values; use Open Food Facts for packaged barcode data with license/attribution handling.,v0.1-safe-seed-2026-06-11
NT0136,Carnivore Endurance - Time Restricted 12 Hour Window Adult Only,general_adult,carnivore,endurance,time_restricted_12_hour_window_adult_only,"calculate TDEE/BMR then adjust gently; no aggressive deficit for pregnancy, children or medical users","protein, carbohydrates and fats balanced around training/recovery; personalize by body size, goal, activity and medical review",water first; add electrolytes for long heat/sweat sessions where suitable,vegetables; fruit; legumes; whole grains where tolerated; lean proteins or diet-appropriate alternatives; healthy fats; calcium/iron/B12 sources where relevant,ultra-processed foods; excessive added sugar; alcohol; stimulant-heavy drinks; foods blocked by allergy/medical/religious preference,milk;egg;fish;shellfish;tree_nuts;peanuts;wheat;soy;sesame;sulfites,Use body-weight/goal-based protein targets only after profile setup; prioritize whole foods first.,"After hard training, pair carbohydrate + protein + fluids; for vegan/vegetarian, combine legumes/grains/soy/nuts/seeds and check B12/iron/calcium planning.","Pregnancy, baby, child, diabetes, kidney disease, eating disorders, allergies and medication interactions require qualified review. Carnivore/very restrictive diets need extra review for fiber/micronutrients.",Use USDA FoodData Central for nutrient values; use Open Food Facts for packaged barcode data with license/attribution handling.,v0.1-safe-seed-2026-06-11
NT0137,Carnivore Endurance - Shift Worker Flexible,general_adult,carnivore,endurance,shift_worker_flexible,"calculate TDEE/BMR then adjust gently; no aggressive deficit for pregnancy, children or medical users","protein, carbohydrates and fats balanced around training/recovery; personalize by body size, goal, activity and medical review",water first; add electrolytes for long heat/sweat sessions where suitable,vegetables; fruit; legumes; whole grains where tolerated; lean proteins or diet-appropriate alternatives; healthy fats; calcium/iron/B12 sources where relevant,ultra-processed foods; excessive added sugar; alcohol; stimulant-heavy drinks; foods blocked by allergy/medical/religious preference,milk;egg;fish;shellfish;tree_nuts;peanuts;wheat;soy;sesame;sulfites,Use body-weight/goal-based protein targets only after profile setup; prioritize whole foods first.,"After hard training, pair carbohydrate + protein + fluids; for vegan/vegetarian, combine legumes/grains/soy/nuts/seeds and check B12/iron/calcium planning.","Pregnancy, baby, child, diabetes, kidney disease, eating disorders, allergies and medication interactions require qualified review. Carnivore/very restrictive diets need extra review for fiber/micronutrients.",Use USDA FoodData Central for nutrient values; use Open Food Facts for packaged barcode data with license/attribution handling.,v0.1-safe-seed-2026-06-11
NT0138,Carnivore Pregnancy Support - 3 Meals,pregnant_woman,carnivore,pregnancy_support,3_meals,"calculate TDEE/BMR then adjust gently; no aggressive deficit for pregnancy, children or medical users","protein, carbohydrates and fats balanced around training/recovery; personalize by body size, goal, activity and medical review",water first; add electrolytes for long heat/sweat sessions where suitable,vegetables; fruit; legumes; whole grains where tolerated; lean proteins or diet-appropriate alternatives; healthy fats; calcium/iron/B12 sources where relevant,ultra-processed foods; excessive added sugar; alcohol; stimulant-heavy drinks; foods blocked by allergy/medical/religious preference,milk;egg;fish;shellfish;tree_nuts;peanuts;wheat;soy;sesame;sulfites,Use body-weight/goal-based protein targets only after profile setup; prioritize whole foods first.,"After hard training, pair carbohydrate + protein + fluids; for vegan/vegetarian, combine legumes/grains/soy/nuts/seeds and check B12/iron/calcium planning.","Pregnancy, baby, child, diabetes, kidney disease, eating disorders, allergies and medication interactions require qualified review. Carnivore/very restrictive diets need extra review for fiber/micronutrients.",Use USDA FoodData Central for nutrient values; use Open Food Facts for packaged barcode data with license/attribution handling.,v0.1-safe-seed-2026-06-11
NT0139,Carnivore Pregnancy Support - 3 Meals 1 Snack,pregnant_woman,carnivore,pregnancy_support,3_meals_1_snack,"calculate TDEE/BMR then adjust gently; no aggressive deficit for pregnancy, children or medical users","protein, carbohydrates and fats balanced around training/recovery; personalize by body size, goal, activity and medical review",water first; add electrolytes for long heat/sweat sessions where suitable,vegetables; fruit; legumes; whole grains where tolerated; lean proteins or diet-appropriate alternatives; healthy fats; calcium/iron/B12 sources where relevant,ultra-processed foods; excessive added sugar; alcohol; stimulant-heavy drinks; foods blocked by allergy/medical/religious preference,milk;egg;fish;shellfish;tree_nuts;peanuts;wheat;soy;sesame;sulfites,Use body-weight/goal-based protein targets only after profile setup; prioritize whole foods first.,"After hard training, pair carbohydrate + protein + fluids; for vegan/vegetarian, combine legumes/grains/soy/nuts/seeds and check B12/iron/calcium planning.","Pregnancy, baby, child, diabetes, kidney disease, eating disorders, allergies and medication interactions require qualified review. Carnivore/very restrictive diets need extra review for fiber/micronutrients.",Use USDA FoodData Central for nutrient values; use Open Food Facts for packaged barcode data with license/attribution handling.,v0.1-safe-seed-2026-06-11
NT0140,Carnivore Pregnancy Support - 3 Meals 2 Snacks,pregnant_woman,carnivore,pregnancy_support,3_meals_2_snacks,"calculate TDEE/BMR then adjust gently; no aggressive deficit for pregnancy, children or medical users","protein, carbohydrates and fats balanced around training/recovery; personalize by body size, goal, activity and medical review",water first; add electrolytes for long heat/sweat sessions where suitable,vegetables; fruit; legumes; whole grains where tolerated; lean proteins or diet-appropriate alternatives; healthy fats; calcium/iron/B12 sources where relevant,ultra-processed foods; excessive added sugar; alcohol; stimulant-heavy drinks; foods blocked by allergy/medical/religious preference,milk;egg;fish;shellfish;tree_nuts;peanuts;wheat;soy;sesame;sulfites,Use body-weight/goal-based protein targets only after profile setup; prioritize whole foods first.,"After hard training, pair carbohydrate + protein + fluids; for vegan/vegetarian, combine legumes/grains/soy/nuts/seeds and check B12/iron/calcium planning.","Pregnancy, baby, child, diabetes, kidney disease, eating disorders, allergies and medication interactions require qualified review. Carnivore/very restrictive diets need extra review for fiber/micronutrients.",Use USDA FoodData Central for nutrient values; use Open Food Facts for packaged barcode data with license/attribution handling.,v0.1-safe-seed-2026-06-11
NT0141,Carnivore Postpartum Recovery - 3 Meals,postpartum_parent,carnivore,postpartum_recovery,3_meals,"calculate TDEE/BMR then adjust gently; no aggressive deficit for pregnancy, children or medical users","protein, carbohydrates and fats balanced around training/recovery; personalize by body size, goal, activity and medical review",water first; add electrolytes for long heat/sweat sessions where suitable,vegetables; fruit; legumes; whole grains where tolerated; lean proteins or diet-appropriate alternatives; healthy fats; calcium/iron/B12 sources where relevant,ultra-processed foods; excessive added sugar; alcohol; stimulant-heavy drinks; foods blocked by allergy/medical/religious preference,milk;egg;fish;shellfish;tree_nuts;peanuts;wheat;soy;sesame;sulfites,Use body-weight/goal-based protein targets only after profile setup; prioritize whole foods first.,"After hard training, pair carbohydrate + protein + fluids; for vegan/vegetarian, combine legumes/grains/soy/nuts/seeds and check B12/iron/calcium planning.","Pregnancy, baby, child, diabetes, kidney disease, eating disorders, allergies and medication interactions require qualified review. Carnivore/very restrictive diets need extra review for fiber/micronutrients.",Use USDA FoodData Central for nutrient values; use Open Food Facts for packaged barcode data with license/attribution handling.,v0.1-safe-seed-2026-06-11
NT0142,Carnivore Postpartum Recovery - 3 Meals 1 Snack,postpartum_parent,carnivore,postpartum_recovery,3_meals_1_snack,"calculate TDEE/BMR then adjust gently; no aggressive deficit for pregnancy, children or medical users","protein, carbohydrates and fats balanced around training/recovery; personalize by body size, goal, activity and medical review",water first; add electrolytes for long heat/sweat sessions where suitable,vegetables; fruit; legumes; whole grains where tolerated; lean proteins or diet-appropriate alternatives; healthy fats; calcium/iron/B12 sources where relevant,ultra-processed foods; excessive added sugar; alcohol; stimulant-heavy drinks; foods blocked by allergy/medical/religious preference,milk;egg;fish;shellfish;tree_nuts;peanuts;wheat;soy;sesame;sulfites,Use body-weight/goal-based protein targets only after profile setup; prioritize whole foods first.,"After hard training, pair carbohydrate + protein + fluids; for vegan/vegetarian, combine legumes/grains/soy/nuts/seeds and check B12/iron/calcium planning.","Pregnancy, baby, child, diabetes, kidney disease, eating disorders, allergies and medication interactions require qualified review. Carnivore/very restrictive diets need extra review for fiber/micronutrients.",Use USDA FoodData Central for nutrient values; use Open Food Facts for packaged barcode data with license/attribution handling.,v0.1-safe-seed-2026-06-11
NT0143,Carnivore Postpartum Recovery - 3 Meals 2 Snacks,postpartum_parent,carnivore,postpartum_recovery,3_meals_2_snacks,"calculate TDEE/BMR then adjust gently; no aggressive deficit for pregnancy, children or medical users","protein, carbohydrates and fats balanced around training/recovery; personalize by body size, goal, activity and medical review",water first; add electrolytes for long heat/sweat sessions where suitable,vegetables; fruit; legumes; whole grains where tolerated; lean proteins or diet-appropriate alternatives; healthy fats; calcium/iron/B12 sources where relevant,ultra-processed foods; excessive added sugar; alcohol; stimulant-heavy drinks; foods blocked by allergy/medical/religious preference,milk;egg;fish;shellfish;tree_nuts;peanuts;wheat;soy;sesame;sulfites,Use body-weight/goal-based protein targets only after profile setup; prioritize whole foods first.,"After hard training, pair carbohydrate + protein + fluids; for vegan/vegetarian, combine legumes/grains/soy/nuts/seeds and check B12/iron/calcium planning.","Pregnancy, baby, child, diabetes, kidney disease, eating disorders, allergies and medication interactions require qualified review. Carnivore/very restrictive diets need extra review for fiber/micronutrients.",Use USDA FoodData Central for nutrient values; use Open Food Facts for packaged barcode data with license/attribution handling.,v0.1-safe-seed-2026-06-11
NT0144,Carnivore Postpartum Recovery - Time Restricted 12 Hour Window Adult Only,postpartum_parent,carnivore,postpartum_recovery,time_restricted_12_hour_window_adult_only,"calculate TDEE/BMR then adjust gently; no aggressive deficit for pregnancy, children or medical users","protein, carbohydrates and fats balanced around training/recovery; personalize by body size, goal, activity and medical review",water first; add electrolytes for long heat/sweat sessions where suitable,vegetables; fruit; legumes; whole grains where tolerated; lean proteins or diet-appropriate alternatives; healthy fats; calcium/iron/B12 sources where relevant,ultra-processed foods; excessive added sugar; alcohol; stimulant-heavy drinks; foods blocked by allergy/medical/religious preference,milk;egg;fish;shellfish;tree_nuts;peanuts;wheat;soy;sesame;sulfites,Use body-weight/goal-based protein targets only after profile setup; prioritize whole foods first.,"After hard training, pair carbohydrate + protein + fluids; for vegan/vegetarian, combine legumes/grains/soy/nuts/seeds and check B12/iron/calcium planning.","Pregnancy, baby, child, diabetes, kidney disease, eating disorders, allergies and medication interactions require qualified review. Carnivore/very restrictive diets need extra review for fiber/micronutrients.",Use USDA FoodData Central for nutrient values; use Open Food Facts for packaged barcode data with license/attribution handling.,v0.1-safe-seed-2026-06-11
NT0145,Carnivore Postpartum Recovery - Shift Worker Flexible,postpartum_parent,carnivore,postpartum_recovery,shift_worker_flexible,"calculate TDEE/BMR then adjust gently; no aggressive deficit for pregnancy, children or medical users","protein, carbohydrates and fats balanced around training/recovery; personalize by body size, goal, activity and medical review",water first; add electrolytes for long heat/sweat sessions where suitable,vegetables; fruit; legumes; whole grains where tolerated; lean proteins or diet-appropriate alternatives; healthy fats; calcium/iron/B12 sources where relevant,ultra-processed foods; excessive added sugar; alcohol; stimulant-heavy drinks; foods blocked by allergy/medical/religious preference,milk;egg;fish;shellfish;tree_nuts;peanuts;wheat;soy;sesame;sulfites,Use body-weight/goal-based protein targets only after profile setup; prioritize whole foods first.,"After hard training, pair carbohydrate + protein + fluids; for vegan/vegetarian, combine legumes/grains/soy/nuts/seeds and check B12/iron/calcium planning.","Pregnancy, baby, child, diabetes, kidney disease, eating disorders, allergies and medication interactions require qualified review. Carnivore/very restrictive diets need extra review for fiber/micronutrients.",Use USDA FoodData Central for nutrient values; use Open Food Facts for packaged barcode data with license/attribution handling.,v0.1-safe-seed-2026-06-11
NT0146,Carnivore Child Growth - 3 Meals,child_6_12,carnivore,child_growth,3_meals,"calculate TDEE/BMR then adjust gently; no aggressive deficit for pregnancy, children or medical users","protein, carbohydrates and fats balanced around training/recovery; personalize by body size, goal, activity and medical review",water first; add electrolytes for long heat/sweat sessions where suitable,vegetables; fruit; legumes; whole grains where tolerated; lean proteins or diet-appropriate alternatives; healthy fats; calcium/iron/B12 sources where relevant,ultra-processed foods; excessive added sugar; alcohol; stimulant-heavy drinks; foods blocked by allergy/medical/religious preference,milk;egg;fish;shellfish;tree_nuts;peanuts;wheat;soy;sesame;sulfites,Prioritize whole-food protein. Children/teens should not be prompted to use protein powders; use caregiver and clinician/dietitian review for special diets.,"After hard training, pair carbohydrate + protein + fluids; for vegan/vegetarian, combine legumes/grains/soy/nuts/seeds and check B12/iron/calcium planning.","Pregnancy, baby, child, diabetes, kidney disease, eating disorders, allergies and medication interactions require qualified review. Carnivore/very restrictive diets need extra review for fiber/micronutrients.",Use USDA FoodData Central for nutrient values; use Open Food Facts for packaged barcode data with license/attribution handling.,v0.1-safe-seed-2026-06-11
NT0147,Carnivore Child Growth - 3 Meals 1 Snack,child_6_12,carnivore,child_growth,3_meals_1_snack,"calculate TDEE/BMR then adjust gently; no aggressive deficit for pregnancy, children or medical users","protein, carbohydrates and fats balanced around training/recovery; personalize by body size, goal, activity and medical review",water first; add electrolytes for long heat/sweat sessions where suitable,vegetables; fruit; legumes; whole grains where tolerated; lean proteins or diet-appropriate alternatives; healthy fats; calcium/iron/B12 sources where relevant,ultra-processed foods; excessive added sugar; alcohol; stimulant-heavy drinks; foods blocked by allergy/medical/religious preference,milk;egg;fish;shellfish;tree_nuts;peanuts;wheat;soy;sesame;sulfites,Prioritize whole-food protein. Children/teens should not be prompted to use protein powders; use caregiver and clinician/dietitian review for special diets.,"After hard training, pair carbohydrate + protein + fluids; for vegan/vegetarian, combine legumes/grains/soy/nuts/seeds and check B12/iron/calcium planning.","Pregnancy, baby, child, diabetes, kidney disease, eating disorders, allergies and medication interactions require qualified review. Carnivore/very restrictive diets need extra review for fiber/micronutrients.",Use USDA FoodData Central for nutrient values; use Open Food Facts for packaged barcode data with license/attribution handling.,v0.1-safe-seed-2026-06-11
NT0148,Carnivore Child Growth - 3 Meals 2 Snacks,child_6_12,carnivore,child_growth,3_meals_2_snacks,"calculate TDEE/BMR then adjust gently; no aggressive deficit for pregnancy, children or medical users","protein, carbohydrates and fats balanced around training/recovery; personalize by body size, goal, activity and medical review",water first; add electrolytes for long heat/sweat sessions where suitable,vegetables; fruit; legumes; whole grains where tolerated; lean proteins or diet-appropriate alternatives; healthy fats; calcium/iron/B12 sources where relevant,ultra-processed foods; excessive added sugar; alcohol; stimulant-heavy drinks; foods blocked by allergy/medical/religious preference,milk;egg;fish;shellfish;tree_nuts;peanuts;wheat;soy;sesame;sulfites,Prioritize whole-food protein. Children/teens should not be prompted to use protein powders; use caregiver and clinician/dietitian review for special diets.,"After hard training, pair carbohydrate + protein + fluids; for vegan/vegetarian, combine legumes/grains/soy/nuts/seeds and check B12/iron/calcium planning.","Pregnancy, baby, child, diabetes, kidney disease, eating disorders, allergies and medication interactions require qualified review. Carnivore/very restrictive diets need extra review for fiber/micronutrients.",Use USDA FoodData Central for nutrient values; use Open Food Facts for packaged barcode data with license/attribution handling.,v0.1-safe-seed-2026-06-11
NT0149,Carnivore Teen Sport - 3 Meals,teen_13_17,carnivore,teen_sport,3_meals,"calculate TDEE/BMR then adjust gently; no aggressive deficit for pregnancy, children or medical users","protein, carbohydrates and fats balanced around training/recovery; personalize by body size, goal, activity and medical review",water first; add electrolytes for long heat/sweat sessions where suitable,vegetables; fruit; legumes; whole grains where tolerated; lean proteins or diet-appropriate alternatives; healthy fats; calcium/iron/B12 sources where relevant,ultra-processed foods; excessive added sugar; alcohol; stimulant-heavy drinks; foods blocked by allergy/medical/religious preference,milk;egg;fish;shellfish;tree_nuts;peanuts;wheat;soy;sesame;sulfites,Prioritize whole-food protein. Children/teens should not be prompted to use protein powders; use caregiver and clinician/dietitian review for special diets.,"After hard training, pair carbohydrate + protein + fluids; for vegan/vegetarian, combine legumes/grains/soy/nuts/seeds and check B12/iron/calcium planning.","Pregnancy, baby, child, diabetes, kidney disease, eating disorders, allergies and medication interactions require qualified review. Carnivore/very restrictive diets need extra review for fiber/micronutrients.",Use USDA FoodData Central for nutrient values; use Open Food Facts for packaged barcode data with license/attribution handling.,v0.1-safe-seed-2026-06-11
NT0150,Carnivore Teen Sport - 3 Meals 1 Snack,teen_13_17,carnivore,teen_sport,3_meals_1_snack,"calculate TDEE/BMR then adjust gently; no aggressive deficit for pregnancy, children or medical users","protein, carbohydrates and fats balanced around training/recovery; personalize by body size, goal, activity and medical review",water first; add electrolytes for long heat/sweat sessions where suitable,vegetables; fruit; legumes; whole grains where tolerated; lean proteins or diet-appropriate alternatives; healthy fats; calcium/iron/B12 sources where relevant,ultra-processed foods; excessive added sugar; alcohol; stimulant-heavy drinks; foods blocked by allergy/medical/religious preference,milk;egg;fish;shellfish;tree_nuts;peanuts;wheat;soy;sesame;sulfites,Prioritize whole-food protein. Children/teens should not be prompted to use protein powders; use caregiver and clinician/dietitian review for special diets.,"After hard training, pair carbohydrate + protein + fluids; for vegan/vegetarian, combine legumes/grains/soy/nuts/seeds and check B12/iron/calcium planning.","Pregnancy, baby, child, diabetes, kidney disease, eating disorders, allergies and medication interactions require qualified review. Carnivore/very restrictive diets need extra review for fiber/micronutrients.",Use USDA FoodData Central for nutrient values; use Open Food Facts for packaged barcode data with license/attribution handling.,v0.1-safe-seed-2026-06-11
NT0151,Carnivore Teen Sport - 3 Meals 2 Snacks,teen_13_17,carnivore,teen_sport,3_meals_2_snacks,"calculate TDEE/BMR then adjust gently; no aggressive deficit for pregnancy, children or medical users","protein, carbohydrates and fats balanced around training/recovery; personalize by body size, goal, activity and medical review",water first; add electrolytes for long heat/sweat sessions where suitable,vegetables; fruit; legumes; whole grains where tolerated; lean proteins or diet-appropriate alternatives; healthy fats; calcium/iron/B12 sources where relevant,ultra-processed foods; excessive added sugar; alcohol; stimulant-heavy drinks; foods blocked by allergy/medical/religious preference,milk;egg;fish;shellfish;tree_nuts;peanuts;wheat;soy;sesame;sulfites,Prioritize whole-food protein. Children/teens should not be prompted to use protein powders; use caregiver and clinician/dietitian review for special diets.,"After hard training, pair carbohydrate + protein + fluids; for vegan/vegetarian, combine legumes/grains/soy/nuts/seeds and check B12/iron/calcium planning.","Pregnancy, baby, child, diabetes, kidney disease, eating disorders, allergies and medication interactions require qualified review. Carnivore/very restrictive diets need extra review for fiber/micronutrients.",Use USDA FoodData Central for nutrient values; use Open Food Facts for packaged barcode data with license/attribution handling.,v0.1-safe-seed-2026-06-11
NT0152,Carnivore Recovery Day - 3 Meals,general_adult,carnivore,recovery_day,3_meals,"calculate TDEE/BMR then adjust gently; no aggressive deficit for pregnancy, children or medical users","protein, carbohydrates and fats balanced around training/recovery; personalize by body size, goal, activity and medical review",water first; add electrolytes for long heat/sweat sessions where suitable,vegetables; fruit; legumes; whole grains where tolerated; lean proteins or diet-appropriate alternatives; healthy fats; calcium/iron/B12 sources where relevant,ultra-processed foods; excessive added sugar; alcohol; stimulant-heavy drinks; foods blocked by allergy/medical/religious preference,milk;egg;fish;shellfish;tree_nuts;peanuts;wheat;soy;sesame;sulfites,Use body-weight/goal-based protein targets only after profile setup; prioritize whole foods first.,"After hard training, pair carbohydrate + protein + fluids; for vegan/vegetarian, combine legumes/grains/soy/nuts/seeds and check B12/iron/calcium planning.","Pregnancy, baby, child, diabetes, kidney disease, eating disorders, allergies and medication interactions require qualified review. Carnivore/very restrictive diets need extra review for fiber/micronutrients.",Use USDA FoodData Central for nutrient values; use Open Food Facts for packaged barcode data with license/attribution handling.,v0.1-safe-seed-2026-06-11
NT0153,Carnivore Recovery Day - 3 Meals 1 Snack,general_adult,carnivore,recovery_day,3_meals_1_snack,"calculate TDEE/BMR then adjust gently; no aggressive deficit for pregnancy, children or medical users","protein, carbohydrates and fats balanced around training/recovery; personalize by body size, goal, activity and medical review",water first; add electrolytes for long heat/sweat sessions where suitable,vegetables; fruit; legumes; whole grains where tolerated; lean proteins or diet-appropriate alternatives; healthy fats; calcium/iron/B12 sources where relevant,ultra-processed foods; excessive added sugar; alcohol; stimulant-heavy drinks; foods blocked by allergy/medical/religious preference,milk;egg;fish;shellfish;tree_nuts;peanuts;wheat;soy;sesame;sulfites,Use body-weight/goal-based protein targets only after profile setup; prioritize whole foods first.,"After hard training, pair carbohydrate + protein + fluids; for vegan/vegetarian, combine legumes/grains/soy/nuts/seeds and check B12/iron/calcium planning.","Pregnancy, baby, child, diabetes, kidney disease, eating disorders, allergies and medication interactions require qualified review. Carnivore/very restrictive diets need extra review for fiber/micronutrients.",Use USDA FoodData Central for nutrient values; use Open Food Facts for packaged barcode data with license/attribution handling.,v0.1-safe-seed-2026-06-11
NT0154,Carnivore Recovery Day - 3 Meals 2 Snacks,general_adult,carnivore,recovery_day,3_meals_2_snacks,"calculate TDEE/BMR then adjust gently; no aggressive deficit for pregnancy, children or medical users","protein, carbohydrates and fats balanced around training/recovery; personalize by body size, goal, activity and medical review",water first; add electrolytes for long heat/sweat sessions where suitable,vegetables; fruit; legumes; whole grains where tolerated; lean proteins or diet-appropriate alternatives; healthy fats; calcium/iron/B12 sources where relevant,ultra-processed foods; excessive added sugar; alcohol; stimulant-heavy drinks; foods blocked by allergy/medical/religious preference,milk;egg;fish;shellfish;tree_nuts;peanuts;wheat;soy;sesame;sulfites,Use body-weight/goal-based protein targets only after profile setup; prioritize whole foods first.,"After hard training, pair carbohydrate + protein + fluids; for vegan/vegetarian, combine legumes/grains/soy/nuts/seeds and check B12/iron/calcium planning.","Pregnancy, baby, child, diabetes, kidney disease, eating disorders, allergies and medication interactions require qualified review. Carnivore/very restrictive diets need extra review for fiber/micronutrients.",Use USDA FoodData Central for nutrient values; use Open Food Facts for packaged barcode data with license/attribution handling.,v0.1-safe-seed-2026-06-11
NT0155,Carnivore Recovery Day - Time Restricted 12 Hour Window Adult Only,general_adult,carnivore,recovery_day,time_restricted_12_hour_window_adult_only,"calculate TDEE/BMR then adjust gently; no aggressive deficit for pregnancy, children or medical users","protein, carbohydrates and fats balanced around training/recovery; personalize by body size, goal, activity and medical review",water first; add electrolytes for long heat/sweat sessions where suitable,vegetables; fruit; legumes; whole grains where tolerated; lean proteins or diet-appropriate alternatives; healthy fats; calcium/iron/B12 sources where relevant,ultra-processed foods; excessive added sugar; alcohol; stimulant-heavy drinks; foods blocked by allergy/medical/religious preference,milk;egg;fish;shellfish;tree_nuts;peanuts;wheat;soy;sesame;sulfites,Use body-weight/goal-based protein targets only after profile setup; prioritize whole foods first.,"After hard training, pair carbohydrate + protein + fluids; for vegan/vegetarian, combine legumes/grains/soy/nuts/seeds and check B12/iron/calcium planning.","Pregnancy, baby, child, diabetes, kidney disease, eating disorders, allergies and medication interactions require qualified review. Carnivore/very restrictive diets need extra review for fiber/micronutrients.",Use USDA FoodData Central for nutrient values; use Open Food Facts for packaged barcode data with license/attribution handling.,v0.1-safe-seed-2026-06-11
NT0156,Carnivore Recovery Day - Shift Worker Flexible,general_adult,carnivore,recovery_day,shift_worker_flexible,"calculate TDEE/BMR then adjust gently; no aggressive deficit for pregnancy, children or medical users","protein, carbohydrates and fats balanced around training/recovery; personalize by body size, goal, activity and medical review",water first; add electrolytes for long heat/sweat sessions where suitable,vegetables; fruit; legumes; whole grains where tolerated; lean proteins or diet-appropriate alternatives; healthy fats; calcium/iron/B12 sources where relevant,ultra-processed foods; excessive added sugar; alcohol; stimulant-heavy drinks; foods blocked by allergy/medical/religious preference,milk;egg;fish;shellfish;tree_nuts;peanuts;wheat;soy;sesame;sulfites,Use body-weight/goal-based protein targets only after profile setup; prioritize whole foods first.,"After hard training, pair carbohydrate + protein + fluids; for vegan/vegetarian, combine legumes/grains/soy/nuts/seeds and check B12/iron/calcium planning.","Pregnancy, baby, child, diabetes, kidney disease, eating disorders, allergies and medication interactions require qualified review. Carnivore/very restrictive diets need extra review for fiber/micronutrients.",Use USDA FoodData Central for nutrient values; use Open Food Facts for packaged barcode data with license/attribution handling.,v0.1-safe-seed-2026-06-11
NT0157,Pescatarian Weight Loss - 3 Meals,general_adult,pescatarian,weight_loss,3_meals,"calculate TDEE/BMR then adjust gently; no aggressive deficit for pregnancy, children or medical users","protein, carbohydrates and fats balanced around training/recovery; personalize by body size, goal, activity and medical review",water first; add electrolytes for long heat/sweat sessions where suitable,vegetables; fruit; legumes; whole grains where tolerated; lean proteins or diet-appropriate alternatives; healthy fats; calcium/iron/B12 sources where relevant,ultra-processed foods; excessive added sugar; alcohol; stimulant-heavy drinks; foods blocked by allergy/medical/religious preference,milk;egg;fish;shellfish;tree_nuts;peanuts;wheat;soy;sesame;sulfites,Use body-weight/goal-based protein targets only after profile setup; prioritize whole foods first.,"After hard training, pair carbohydrate + protein + fluids; for vegan/vegetarian, combine legumes/grains/soy/nuts/seeds and check B12/iron/calcium planning.","Pregnancy, baby, child, diabetes, kidney disease, eating disorders, allergies and medication interactions require qualified review. Carnivore/very restrictive diets need extra review for fiber/micronutrients.",Use USDA FoodData Central for nutrient values; use Open Food Facts for packaged barcode data with license/attribution handling.,v0.1-safe-seed-2026-06-11
NT0158,Pescatarian Weight Loss - 3 Meals 1 Snack,general_adult,pescatarian,weight_loss,3_meals_1_snack,"calculate TDEE/BMR then adjust gently; no aggressive deficit for pregnancy, children or medical users","protein, carbohydrates and fats balanced around training/recovery; personalize by body size, goal, activity and medical review",water first; add electrolytes for long heat/sweat sessions where suitable,vegetables; fruit; legumes; whole grains where tolerated; lean proteins or diet-appropriate alternatives; healthy fats; calcium/iron/B12 sources where relevant,ultra-processed foods; excessive added sugar; alcohol; stimulant-heavy drinks; foods blocked by allergy/medical/religious preference,milk;egg;fish;shellfish;tree_nuts;peanuts;wheat;soy;sesame;sulfites,Use body-weight/goal-based protein targets only after profile setup; prioritize whole foods first.,"After hard training, pair carbohydrate + protein + fluids; for vegan/vegetarian, combine legumes/grains/soy/nuts/seeds and check B12/iron/calcium planning.","Pregnancy, baby, child, diabetes, kidney disease, eating disorders, allergies and medication interactions require qualified review. Carnivore/very restrictive diets need extra review for fiber/micronutrients.",Use USDA FoodData Central for nutrient values; use Open Food Facts for packaged barcode data with license/attribution handling.,v0.1-safe-seed-2026-06-11
NT0159,Pescatarian Weight Loss - 3 Meals 2 Snacks,general_adult,pescatarian,weight_loss,3_meals_2_snacks,"calculate TDEE/BMR then adjust gently; no aggressive deficit for pregnancy, children or medical users","protein, carbohydrates and fats balanced around training/recovery; personalize by body size, goal, activity and medical review",water first; add electrolytes for long heat/sweat sessions where suitable,vegetables; fruit; legumes; whole grains where tolerated; lean proteins or diet-appropriate alternatives; healthy fats; calcium/iron/B12 sources where relevant,ultra-processed foods; excessive added sugar; alcohol; stimulant-heavy drinks; foods blocked by allergy/medical/religious preference,milk;egg;fish;shellfish;tree_nuts;peanuts;wheat;soy;sesame;sulfites,Use body-weight/goal-based protein targets only after profile setup; prioritize whole foods first.,"After hard training, pair carbohydrate + protein + fluids; for vegan/vegetarian, combine legumes/grains/soy/nuts/seeds and check B12/iron/calcium planning.","Pregnancy, baby, child, diabetes, kidney disease, eating disorders, allergies and medication interactions require qualified review. Carnivore/very restrictive diets need extra review for fiber/micronutrients.",Use USDA FoodData Central for nutrient values; use Open Food Facts for packaged barcode data with license/attribution handling.,v0.1-safe-seed-2026-06-11
NT0160,Pescatarian Weight Loss - Time Restricted 12 Hour Window Adult Only,general_adult,pescatarian,weight_loss,time_restricted_12_hour_window_adult_only,"calculate TDEE/BMR then adjust gently; no aggressive deficit for pregnancy, children or medical users","protein, carbohydrates and fats balanced around training/recovery; personalize by body size, goal, activity and medical review",water first; add electrolytes for long heat/sweat sessions where suitable,vegetables; fruit; legumes; whole grains where tolerated; lean proteins or diet-appropriate alternatives; healthy fats; calcium/iron/B12 sources where relevant,ultra-processed foods; excessive added sugar; alcohol; stimulant-heavy drinks; foods blocked by allergy/medical/religious preference,milk;egg;fish;shellfish;tree_nuts;peanuts;wheat;soy;sesame;sulfites,Use body-weight/goal-based protein targets only after profile setup; prioritize whole foods first.,"After hard training, pair carbohydrate + protein + fluids; for vegan/vegetarian, combine legumes/grains/soy/nuts/seeds and check B12/iron/calcium planning.","Pregnancy, baby, child, diabetes, kidney disease, eating disorders, allergies and medication interactions require qualified review. Carnivore/very restrictive diets need extra review for fiber/micronutrients.",Use USDA FoodData Central for nutrient values; use Open Food Facts for packaged barcode data with license/attribution handling.,v0.1-safe-seed-2026-06-11
NT0161,Pescatarian Weight Loss - Shift Worker Flexible,general_adult,pescatarian,weight_loss,shift_worker_flexible,"calculate TDEE/BMR then adjust gently; no aggressive deficit for pregnancy, children or medical users","protein, carbohydrates and fats balanced around training/recovery; personalize by body size, goal, activity and medical review",water first; add electrolytes for long heat/sweat sessions where suitable,vegetables; fruit; legumes; whole grains where tolerated; lean proteins or diet-appropriate alternatives; healthy fats; calcium/iron/B12 sources where relevant,ultra-processed foods; excessive added sugar; alcohol; stimulant-heavy drinks; foods blocked by allergy/medical/religious preference,milk;egg;fish;shellfish;tree_nuts;peanuts;wheat;soy;sesame;sulfites,Use body-weight/goal-based protein targets only after profile setup; prioritize whole foods first.,"After hard training, pair carbohydrate + protein + fluids; for vegan/vegetarian, combine legumes/grains/soy/nuts/seeds and check B12/iron/calcium planning.","Pregnancy, baby, child, diabetes, kidney disease, eating disorders, allergies and medication interactions require qualified review. Carnivore/very restrictive diets need extra review for fiber/micronutrients.",Use USDA FoodData Central for nutrient values; use Open Food Facts for packaged barcode data with license/attribution handling.,v0.1-safe-seed-2026-06-11
NT0162,Pescatarian Muscle Gain - 3 Meals,general_adult,pescatarian,muscle_gain,3_meals,"calculate TDEE/BMR then adjust gently; no aggressive deficit for pregnancy, children or medical users","protein, carbohydrates and fats balanced around training/recovery; personalize by body size, goal, activity and medical review",water first; add electrolytes for long heat/sweat sessions where suitable,vegetables; fruit; legumes; whole grains where tolerated; lean proteins or diet-appropriate alternatives; healthy fats; calcium/iron/B12 sources where relevant,ultra-processed foods; excessive added sugar; alcohol; stimulant-heavy drinks; foods blocked by allergy/medical/religious preference,milk;egg;fish;shellfish;tree_nuts;peanuts;wheat;soy;sesame;sulfites,Use body-weight/goal-based protein targets only after profile setup; prioritize whole foods first.,"After hard training, pair carbohydrate + protein + fluids; for vegan/vegetarian, combine legumes/grains/soy/nuts/seeds and check B12/iron/calcium planning.","Pregnancy, baby, child, diabetes, kidney disease, eating disorders, allergies and medication interactions require qualified review. Carnivore/very restrictive diets need extra review for fiber/micronutrients.",Use USDA FoodData Central for nutrient values; use Open Food Facts for packaged barcode data with license/attribution handling.,v0.1-safe-seed-2026-06-11
NT0163,Pescatarian Muscle Gain - 3 Meals 1 Snack,general_adult,pescatarian,muscle_gain,3_meals_1_snack,"calculate TDEE/BMR then adjust gently; no aggressive deficit for pregnancy, children or medical users","protein, carbohydrates and fats balanced around training/recovery; personalize by body size, goal, activity and medical review",water first; add electrolytes for long heat/sweat sessions where suitable,vegetables; fruit; legumes; whole grains where tolerated; lean proteins or diet-appropriate alternatives; healthy fats; calcium/iron/B12 sources where relevant,ultra-processed foods; excessive added sugar; alcohol; stimulant-heavy drinks; foods blocked by allergy/medical/religious preference,milk;egg;fish;shellfish;tree_nuts;peanuts;wheat;soy;sesame;sulfites,Use body-weight/goal-based protein targets only after profile setup; prioritize whole foods first.,"After hard training, pair carbohydrate + protein + fluids; for vegan/vegetarian, combine legumes/grains/soy/nuts/seeds and check B12/iron/calcium planning.","Pregnancy, baby, child, diabetes, kidney disease, eating disorders, allergies and medication interactions require qualified review. Carnivore/very restrictive diets need extra review for fiber/micronutrients.",Use USDA FoodData Central for nutrient values; use Open Food Facts for packaged barcode data with license/attribution handling.,v0.1-safe-seed-2026-06-11
NT0164,Pescatarian Muscle Gain - 3 Meals 2 Snacks,general_adult,pescatarian,muscle_gain,3_meals_2_snacks,"calculate TDEE/BMR then adjust gently; no aggressive deficit for pregnancy, children or medical users","protein, carbohydrates and fats balanced around training/recovery; personalize by body size, goal, activity and medical review",water first; add electrolytes for long heat/sweat sessions where suitable,vegetables; fruit; legumes; whole grains where tolerated; lean proteins or diet-appropriate alternatives; healthy fats; calcium/iron/B12 sources where relevant,ultra-processed foods; excessive added sugar; alcohol; stimulant-heavy drinks; foods blocked by allergy/medical/religious preference,milk;egg;fish;shellfish;tree_nuts;peanuts;wheat;soy;sesame;sulfites,Use body-weight/goal-based protein targets only after profile setup; prioritize whole foods first.,"After hard training, pair carbohydrate + protein + fluids; for vegan/vegetarian, combine legumes/grains/soy/nuts/seeds and check B12/iron/calcium planning.","Pregnancy, baby, child, diabetes, kidney disease, eating disorders, allergies and medication interactions require qualified review. Carnivore/very restrictive diets need extra review for fiber/micronutrients.",Use USDA FoodData Central for nutrient values; use Open Food Facts for packaged barcode data with license/attribution handling.,v0.1-safe-seed-2026-06-11
NT0165,Pescatarian Muscle Gain - Time Restricted 12 Hour Window Adult Only,general_adult,pescatarian,muscle_gain,time_restricted_12_hour_window_adult_only,"calculate TDEE/BMR then adjust gently; no aggressive deficit for pregnancy, children or medical users","protein, carbohydrates and fats balanced around training/recovery; personalize by body size, goal, activity and medical review",water first; add electrolytes for long heat/sweat sessions where suitable,vegetables; fruit; legumes; whole grains where tolerated; lean proteins or diet-appropriate alternatives; healthy fats; calcium/iron/B12 sources where relevant,ultra-processed foods; excessive added sugar; alcohol; stimulant-heavy drinks; foods blocked by allergy/medical/religious preference,milk;egg;fish;shellfish;tree_nuts;peanuts;wheat;soy;sesame;sulfites,Use body-weight/goal-based protein targets only after profile setup; prioritize whole foods first.,"After hard training, pair carbohydrate + protein + fluids; for vegan/vegetarian, combine legumes/grains/soy/nuts/seeds and check B12/iron/calcium planning.","Pregnancy, baby, child, diabetes, kidney disease, eating disorders, allergies and medication interactions require qualified review. Carnivore/very restrictive diets need extra review for fiber/micronutrients.",Use USDA FoodData Central for nutrient values; use Open Food Facts for packaged barcode data with license/attribution handling.,v0.1-safe-seed-2026-06-11
NT0166,Pescatarian Muscle Gain - Shift Worker Flexible,general_adult,pescatarian,muscle_gain,shift_worker_flexible,"calculate TDEE/BMR then adjust gently; no aggressive deficit for pregnancy, children or medical users","protein, carbohydrates and fats balanced around training/recovery; personalize by body size, goal, activity and medical review",water first; add electrolytes for long heat/sweat sessions where suitable,vegetables; fruit; legumes; whole grains where tolerated; lean proteins or diet-appropriate alternatives; healthy fats; calcium/iron/B12 sources where relevant,ultra-processed foods; excessive added sugar; alcohol; stimulant-heavy drinks; foods blocked by allergy/medical/religious preference,milk;egg;fish;shellfish;tree_nuts;peanuts;wheat;soy;sesame;sulfites,Use body-weight/goal-based protein targets only after profile setup; prioritize whole foods first.,"After hard training, pair carbohydrate + protein + fluids; for vegan/vegetarian, combine legumes/grains/soy/nuts/seeds and check B12/iron/calcium planning.","Pregnancy, baby, child, diabetes, kidney disease, eating disorders, allergies and medication interactions require qualified review. Carnivore/very restrictive diets need extra review for fiber/micronutrients.",Use USDA FoodData Central for nutrient values; use Open Food Facts for packaged barcode data with license/attribution handling.,v0.1-safe-seed-2026-06-11
NT0167,Pescatarian Maintenance - 3 Meals,general_adult,pescatarian,maintenance,3_meals,"calculate TDEE/BMR then adjust gently; no aggressive deficit for pregnancy, children or medical users","protein, carbohydrates and fats balanced around training/recovery; personalize by body size, goal, activity and medical review",water first; add electrolytes for long heat/sweat sessions where suitable,vegetables; fruit; legumes; whole grains where tolerated; lean proteins or diet-appropriate alternatives; healthy fats; calcium/iron/B12 sources where relevant,ultra-processed foods; excessive added sugar; alcohol; stimulant-heavy drinks; foods blocked by allergy/medical/religious preference,milk;egg;fish;shellfish;tree_nuts;peanuts;wheat;soy;sesame;sulfites,Use body-weight/goal-based protein targets only after profile setup; prioritize whole foods first.,"After hard training, pair carbohydrate + protein + fluids; for vegan/vegetarian, combine legumes/grains/soy/nuts/seeds and check B12/iron/calcium planning.","Pregnancy, baby, child, diabetes, kidney disease, eating disorders, allergies and medication interactions require qualified review. Carnivore/very restrictive diets need extra review for fiber/micronutrients.",Use USDA FoodData Central for nutrient values; use Open Food Facts for packaged barcode data with license/attribution handling.,v0.1-safe-seed-2026-06-11
NT0168,Pescatarian Maintenance - 3 Meals 1 Snack,general_adult,pescatarian,maintenance,3_meals_1_snack,"calculate TDEE/BMR then adjust gently; no aggressive deficit for pregnancy, children or medical users","protein, carbohydrates and fats balanced around training/recovery; personalize by body size, goal, activity and medical review",water first; add electrolytes for long heat/sweat sessions where suitable,vegetables; fruit; legumes; whole grains where tolerated; lean proteins or diet-appropriate alternatives; healthy fats; calcium/iron/B12 sources where relevant,ultra-processed foods; excessive added sugar; alcohol; stimulant-heavy drinks; foods blocked by allergy/medical/religious preference,milk;egg;fish;shellfish;tree_nuts;peanuts;wheat;soy;sesame;sulfites,Use body-weight/goal-based protein targets only after profile setup; prioritize whole foods first.,"After hard training, pair carbohydrate + protein + fluids; for vegan/vegetarian, combine legumes/grains/soy/nuts/seeds and check B12/iron/calcium planning.","Pregnancy, baby, child, diabetes, kidney disease, eating disorders, allergies and medication interactions require qualified review. Carnivore/very restrictive diets need extra review for fiber/micronutrients.",Use USDA FoodData Central for nutrient values; use Open Food Facts for packaged barcode data with license/attribution handling.,v0.1-safe-seed-2026-06-11
NT0169,Pescatarian Maintenance - 3 Meals 2 Snacks,general_adult,pescatarian,maintenance,3_meals_2_snacks,"calculate TDEE/BMR then adjust gently; no aggressive deficit for pregnancy, children or medical users","protein, carbohydrates and fats balanced around training/recovery; personalize by body size, goal, activity and medical review",water first; add electrolytes for long heat/sweat sessions where suitable,vegetables; fruit; legumes; whole grains where tolerated; lean proteins or diet-appropriate alternatives; healthy fats; calcium/iron/B12 sources where relevant,ultra-processed foods; excessive added sugar; alcohol; stimulant-heavy drinks; foods blocked by allergy/medical/religious preference,milk;egg;fish;shellfish;tree_nuts;peanuts;wheat;soy;sesame;sulfites,Use body-weight/goal-based protein targets only after profile setup; prioritize whole foods first.,"After hard training, pair carbohydrate + protein + fluids; for vegan/vegetarian, combine legumes/grains/soy/nuts/seeds and check B12/iron/calcium planning.","Pregnancy, baby, child, diabetes, kidney disease, eating disorders, allergies and medication interactions require qualified review. Carnivore/very restrictive diets need extra review for fiber/micronutrients.",Use USDA FoodData Central for nutrient values; use Open Food Facts for packaged barcode data with license/attribution handling.,v0.1-safe-seed-2026-06-11
NT0170,Pescatarian Maintenance - Time Restricted 12 Hour Window Adult Only,general_adult,pescatarian,maintenance,time_restricted_12_hour_window_adult_only,"calculate TDEE/BMR then adjust gently; no aggressive deficit for pregnancy, children or medical users","protein, carbohydrates and fats balanced around training/recovery; personalize by body size, goal, activity and medical review",water first; add electrolytes for long heat/sweat sessions where suitable,vegetables; fruit; legumes; whole grains where tolerated; lean proteins or diet-appropriate alternatives; healthy fats; calcium/iron/B12 sources where relevant,ultra-processed foods; excessive added sugar; alcohol; stimulant-heavy drinks; foods blocked by allergy/medical/religious preference,milk;egg;fish;shellfish;tree_nuts;peanuts;wheat;soy;sesame;sulfites,Use body-weight/goal-based protein targets only after profile setup; prioritize whole foods first.,"After hard training, pair carbohydrate + protein + fluids; for vegan/vegetarian, combine legumes/grains/soy/nuts/seeds and check B12/iron/calcium planning.","Pregnancy, baby, child, diabetes, kidney disease, eating disorders, allergies and medication interactions require qualified review. Carnivore/very restrictive diets need extra review for fiber/micronutrients.",Use USDA FoodData Central for nutrient values; use Open Food Facts for packaged barcode data with license/attribution handling.,v0.1-safe-seed-2026-06-11
NT0171,Pescatarian Maintenance - Shift Worker Flexible,general_adult,pescatarian,maintenance,shift_worker_flexible,"calculate TDEE/BMR then adjust gently; no aggressive deficit for pregnancy, children or medical users","protein, carbohydrates and fats balanced around training/recovery; personalize by body size, goal, activity and medical review",water first; add electrolytes for long heat/sweat sessions where suitable,vegetables; fruit; legumes; whole grains where tolerated; lean proteins or diet-appropriate alternatives; healthy fats; calcium/iron/B12 sources where relevant,ultra-processed foods; excessive added sugar; alcohol; stimulant-heavy drinks; foods blocked by allergy/medical/religious preference,milk;egg;fish;shellfish;tree_nuts;peanuts;wheat;soy;sesame;sulfites,Use body-weight/goal-based protein targets only after profile setup; prioritize whole foods first.,"After hard training, pair carbohydrate + protein + fluids; for vegan/vegetarian, combine legumes/grains/soy/nuts/seeds and check B12/iron/calcium planning.","Pregnancy, baby, child, diabetes, kidney disease, eating disorders, allergies and medication interactions require qualified review. Carnivore/very restrictive diets need extra review for fiber/micronutrients.",Use USDA FoodData Central for nutrient values; use Open Food Facts for packaged barcode data with license/attribution handling.,v0.1-safe-seed-2026-06-11
NT0172,Pescatarian Endurance - 3 Meals,general_adult,pescatarian,endurance,3_meals,"calculate TDEE/BMR then adjust gently; no aggressive deficit for pregnancy, children or medical users","protein, carbohydrates and fats balanced around training/recovery; personalize by body size, goal, activity and medical review",water first; add electrolytes for long heat/sweat sessions where suitable,vegetables; fruit; legumes; whole grains where tolerated; lean proteins or diet-appropriate alternatives; healthy fats; calcium/iron/B12 sources where relevant,ultra-processed foods; excessive added sugar; alcohol; stimulant-heavy drinks; foods blocked by allergy/medical/religious preference,milk;egg;fish;shellfish;tree_nuts;peanuts;wheat;soy;sesame;sulfites,Use body-weight/goal-based protein targets only after profile setup; prioritize whole foods first.,"After hard training, pair carbohydrate + protein + fluids; for vegan/vegetarian, combine legumes/grains/soy/nuts/seeds and check B12/iron/calcium planning.","Pregnancy, baby, child, diabetes, kidney disease, eating disorders, allergies and medication interactions require qualified review. Carnivore/very restrictive diets need extra review for fiber/micronutrients.",Use USDA FoodData Central for nutrient values; use Open Food Facts for packaged barcode data with license/attribution handling.,v0.1-safe-seed-2026-06-11
NT0173,Pescatarian Endurance - 3 Meals 1 Snack,general_adult,pescatarian,endurance,3_meals_1_snack,"calculate TDEE/BMR then adjust gently; no aggressive deficit for pregnancy, children or medical users","protein, carbohydrates and fats balanced around training/recovery; personalize by body size, goal, activity and medical review",water first; add electrolytes for long heat/sweat sessions where suitable,vegetables; fruit; legumes; whole grains where tolerated; lean proteins or diet-appropriate alternatives; healthy fats; calcium/iron/B12 sources where relevant,ultra-processed foods; excessive added sugar; alcohol; stimulant-heavy drinks; foods blocked by allergy/medical/religious preference,milk;egg;fish;shellfish;tree_nuts;peanuts;wheat;soy;sesame;sulfites,Use body-weight/goal-based protein targets only after profile setup; prioritize whole foods first.,"After hard training, pair carbohydrate + protein + fluids; for vegan/vegetarian, combine legumes/grains/soy/nuts/seeds and check B12/iron/calcium planning.","Pregnancy, baby, child, diabetes, kidney disease, eating disorders, allergies and medication interactions require qualified review. Carnivore/very restrictive diets need extra review for fiber/micronutrients.",Use USDA FoodData Central for nutrient values; use Open Food Facts for packaged barcode data with license/attribution handling.,v0.1-safe-seed-2026-06-11
NT0174,Pescatarian Endurance - 3 Meals 2 Snacks,general_adult,pescatarian,endurance,3_meals_2_snacks,"calculate TDEE/BMR then adjust gently; no aggressive deficit for pregnancy, children or medical users","protein, carbohydrates and fats balanced around training/recovery; personalize by body size, goal, activity and medical review",water first; add electrolytes for long heat/sweat sessions where suitable,vegetables; fruit; legumes; whole grains where tolerated; lean proteins or diet-appropriate alternatives; healthy fats; calcium/iron/B12 sources where relevant,ultra-processed foods; excessive added sugar; alcohol; stimulant-heavy drinks; foods blocked by allergy/medical/religious preference,milk;egg;fish;shellfish;tree_nuts;peanuts;wheat;soy;sesame;sulfites,Use body-weight/goal-based protein targets only after profile setup; prioritize whole foods first.,"After hard training, pair carbohydrate + protein + fluids; for vegan/vegetarian, combine legumes/grains/soy/nuts/seeds and check B12/iron/calcium planning.","Pregnancy, baby, child, diabetes, kidney disease, eating disorders, allergies and medication interactions require qualified review. Carnivore/very restrictive diets need extra review for fiber/micronutrients.",Use USDA FoodData Central for nutrient values; use Open Food Facts for packaged barcode data with license/attribution handling.,v0.1-safe-seed-2026-06-11
NT0175,Pescatarian Endurance - Time Restricted 12 Hour Window Adult Only,general_adult,pescatarian,endurance,time_restricted_12_hour_window_adult_only,"calculate TDEE/BMR then adjust gently; no aggressive deficit for pregnancy, children or medical users","protein, carbohydrates and fats balanced around training/recovery; personalize by body size, goal, activity and medical review",water first; add electrolytes for long heat/sweat sessions where suitable,vegetables; fruit; legumes; whole grains where tolerated; lean proteins or diet-appropriate alternatives; healthy fats; calcium/iron/B12 sources where relevant,ultra-processed foods; excessive added sugar; alcohol; stimulant-heavy drinks; foods blocked by allergy/medical/religious preference,milk;egg;fish;shellfish;tree_nuts;peanuts;wheat;soy;sesame;sulfites,Use body-weight/goal-based protein targets only after profile setup; prioritize whole foods first.,"After hard training, pair carbohydrate + protein + fluids; for vegan/vegetarian, combine legumes/grains/soy/nuts/seeds and check B12/iron/calcium planning.","Pregnancy, baby, child, diabetes, kidney disease, eating disorders, allergies and medication interactions require qualified review. Carnivore/very restrictive diets need extra review for fiber/micronutrients.",Use USDA FoodData Central for nutrient values; use Open Food Facts for packaged barcode data with license/attribution handling.,v0.1-safe-seed-2026-06-11
NT0176,Pescatarian Endurance - Shift Worker Flexible,general_adult,pescatarian,endurance,shift_worker_flexible,"calculate TDEE/BMR then adjust gently; no aggressive deficit for pregnancy, children or medical users","protein, carbohydrates and fats balanced around training/recovery; personalize by body size, goal, activity and medical review",water first; add electrolytes for long heat/sweat sessions where suitable,vegetables; fruit; legumes; whole grains where tolerated; lean proteins or diet-appropriate alternatives; healthy fats; calcium/iron/B12 sources where relevant,ultra-processed foods; excessive added sugar; alcohol; stimulant-heavy drinks; foods blocked by allergy/medical/religious preference,milk;egg;fish;shellfish;tree_nuts;peanuts;wheat;soy;sesame;sulfites,Use body-weight/goal-based protein targets only after profile setup; prioritize whole foods first.,"After hard training, pair carbohydrate + protein + fluids; for vegan/vegetarian, combine legumes/grains/soy/nuts/seeds and check B12/iron/calcium planning.","Pregnancy, baby, child, diabetes, kidney disease, eating disorders, allergies and medication interactions require qualified review. Carnivore/very restrictive diets need extra review for fiber/micronutrients.",Use USDA FoodData Central for nutrient values; use Open Food Facts for packaged barcode data with license/attribution handling.,v0.1-safe-seed-2026-06-11
NT0177,Pescatarian Pregnancy Support - 3 Meals,pregnant_woman,pescatarian,pregnancy_support,3_meals,"calculate TDEE/BMR then adjust gently; no aggressive deficit for pregnancy, children or medical users","protein, carbohydrates and fats balanced around training/recovery; personalize by body size, goal, activity and medical review",water first; add electrolytes for long heat/sweat sessions where suitable,vegetables; fruit; legumes; whole grains where tolerated; lean proteins or diet-appropriate alternatives; healthy fats; calcium/iron/B12 sources where relevant,ultra-processed foods; excessive added sugar; alcohol; stimulant-heavy drinks; foods blocked by allergy/medical/religious preference,milk;egg;fish;shellfish;tree_nuts;peanuts;wheat;soy;sesame;sulfites,Use body-weight/goal-based protein targets only after profile setup; prioritize whole foods first.,"After hard training, pair carbohydrate + protein + fluids; for vegan/vegetarian, combine legumes/grains/soy/nuts/seeds and check B12/iron/calcium planning.","Pregnancy, baby, child, diabetes, kidney disease, eating disorders, allergies and medication interactions require qualified review. Carnivore/very restrictive diets need extra review for fiber/micronutrients.",Use USDA FoodData Central for nutrient values; use Open Food Facts for packaged barcode data with license/attribution handling.,v0.1-safe-seed-2026-06-11
NT0178,Pescatarian Pregnancy Support - 3 Meals 1 Snack,pregnant_woman,pescatarian,pregnancy_support,3_meals_1_snack,"calculate TDEE/BMR then adjust gently; no aggressive deficit for pregnancy, children or medical users","protein, carbohydrates and fats balanced around training/recovery; personalize by body size, goal, activity and medical review",water first; add electrolytes for long heat/sweat sessions where suitable,vegetables; fruit; legumes; whole grains where tolerated; lean proteins or diet-appropriate alternatives; healthy fats; calcium/iron/B12 sources where relevant,ultra-processed foods; excessive added sugar; alcohol; stimulant-heavy drinks; foods blocked by allergy/medical/religious preference,milk;egg;fish;shellfish;tree_nuts;peanuts;wheat;soy;sesame;sulfites,Use body-weight/goal-based protein targets only after profile setup; prioritize whole foods first.,"After hard training, pair carbohydrate + protein + fluids; for vegan/vegetarian, combine legumes/grains/soy/nuts/seeds and check B12/iron/calcium planning.","Pregnancy, baby, child, diabetes, kidney disease, eating disorders, allergies and medication interactions require qualified review. Carnivore/very restrictive diets need extra review for fiber/micronutrients.",Use USDA FoodData Central for nutrient values; use Open Food Facts for packaged barcode data with license/attribution handling.,v0.1-safe-seed-2026-06-11
NT0179,Pescatarian Pregnancy Support - 3 Meals 2 Snacks,pregnant_woman,pescatarian,pregnancy_support,3_meals_2_snacks,"calculate TDEE/BMR then adjust gently; no aggressive deficit for pregnancy, children or medical users","protein, carbohydrates and fats balanced around training/recovery; personalize by body size, goal, activity and medical review",water first; add electrolytes for long heat/sweat sessions where suitable,vegetables; fruit; legumes; whole grains where tolerated; lean proteins or diet-appropriate alternatives; healthy fats; calcium/iron/B12 sources where relevant,ultra-processed foods; excessive added sugar; alcohol; stimulant-heavy drinks; foods blocked by allergy/medical/religious preference,milk;egg;fish;shellfish;tree_nuts;peanuts;wheat;soy;sesame;sulfites,Use body-weight/goal-based protein targets only after profile setup; prioritize whole foods first.,"After hard training, pair carbohydrate + protein + fluids; for vegan/vegetarian, combine legumes/grains/soy/nuts/seeds and check B12/iron/calcium planning.","Pregnancy, baby, child, diabetes, kidney disease, eating disorders, allergies and medication interactions require qualified review. Carnivore/very restrictive diets need extra review for fiber/micronutrients.",Use USDA FoodData Central for nutrient values; use Open Food Facts for packaged barcode data with license/attribution handling.,v0.1-safe-seed-2026-06-11
NT0180,Pescatarian Postpartum Recovery - 3 Meals,postpartum_parent,pescatarian,postpartum_recovery,3_meals,"calculate TDEE/BMR then adjust gently; no aggressive deficit for pregnancy, children or medical users","protein, carbohydrates and fats balanced around training/recovery; personalize by body size, goal, activity and medical review",water first; add electrolytes for long heat/sweat sessions where suitable,vegetables; fruit; legumes; whole grains where tolerated; lean proteins or diet-appropriate alternatives; healthy fats; calcium/iron/B12 sources where relevant,ultra-processed foods; excessive added sugar; alcohol; stimulant-heavy drinks; foods blocked by allergy/medical/religious preference,milk;egg;fish;shellfish;tree_nuts;peanuts;wheat;soy;sesame;sulfites,Use body-weight/goal-based protein targets only after profile setup; prioritize whole foods first.,"After hard training, pair carbohydrate + protein + fluids; for vegan/vegetarian, combine legumes/grains/soy/nuts/seeds and check B12/iron/calcium planning.","Pregnancy, baby, child, diabetes, kidney disease, eating disorders, allergies and medication interactions require qualified review. Carnivore/very restrictive diets need extra review for fiber/micronutrients.",Use USDA FoodData Central for nutrient values; use Open Food Facts for packaged barcode data with license/attribution handling.,v0.1-safe-seed-2026-06-11
NT0181,Pescatarian Postpartum Recovery - 3 Meals 1 Snack,postpartum_parent,pescatarian,postpartum_recovery,3_meals_1_snack,"calculate TDEE/BMR then adjust gently; no aggressive deficit for pregnancy, children or medical users","protein, carbohydrates and fats balanced around training/recovery; personalize by body size, goal, activity and medical review",water first; add electrolytes for long heat/sweat sessions where suitable,vegetables; fruit; legumes; whole grains where tolerated; lean proteins or diet-appropriate alternatives; healthy fats; calcium/iron/B12 sources where relevant,ultra-processed foods; excessive added sugar; alcohol; stimulant-heavy drinks; foods blocked by allergy/medical/religious preference,milk;egg;fish;shellfish;tree_nuts;peanuts;wheat;soy;sesame;sulfites,Use body-weight/goal-based protein targets only after profile setup; prioritize whole foods first.,"After hard training, pair carbohydrate + protein + fluids; for vegan/vegetarian, combine legumes/grains/soy/nuts/seeds and check B12/iron/calcium planning.","Pregnancy, baby, child, diabetes, kidney disease, eating disorders, allergies and medication interactions require qualified review. Carnivore/very restrictive diets need extra review for fiber/micronutrients.",Use USDA FoodData Central for nutrient values; use Open Food Facts for packaged barcode data with license/attribution handling.,v0.1-safe-seed-2026-06-11
NT0182,Pescatarian Postpartum Recovery - 3 Meals 2 Snacks,postpartum_parent,pescatarian,postpartum_recovery,3_meals_2_snacks,"calculate TDEE/BMR then adjust gently; no aggressive deficit for pregnancy, children or medical users","protein, carbohydrates and fats balanced around training/recovery; personalize by body size, goal, activity and medical review",water first; add electrolytes for long heat/sweat sessions where suitable,vegetables; fruit; legumes; whole grains where tolerated; lean proteins or diet-appropriate alternatives; healthy fats; calcium/iron/B12 sources where relevant,ultra-processed foods; excessive added sugar; alcohol; stimulant-heavy drinks; foods blocked by allergy/medical/religious preference,milk;egg;fish;shellfish;tree_nuts;peanuts;wheat;soy;sesame;sulfites,Use body-weight/goal-based protein targets only after profile setup; prioritize whole foods first.,"After hard training, pair carbohydrate + protein + fluids; for vegan/vegetarian, combine legumes/grains/soy/nuts/seeds and check B12/iron/calcium planning.","Pregnancy, baby, child, diabetes, kidney disease, eating disorders, allergies and medication interactions require qualified review. Carnivore/very restrictive diets need extra review for fiber/micronutrients.",Use USDA FoodData Central for nutrient values; use Open Food Facts for packaged barcode data with license/attribution handling.,v0.1-safe-seed-2026-06-11
NT0183,Pescatarian Postpartum Recovery - Time Restricted 12 Hour Window Adult Only,postpartum_parent,pescatarian,postpartum_recovery,time_restricted_12_hour_window_adult_only,"calculate TDEE/BMR then adjust gently; no aggressive deficit for pregnancy, children or medical users","protein, carbohydrates and fats balanced around training/recovery; personalize by body size, goal, activity and medical review",water first; add electrolytes for long heat/sweat sessions where suitable,vegetables; fruit; legumes; whole grains where tolerated; lean proteins or diet-appropriate alternatives; healthy fats; calcium/iron/B12 sources where relevant,ultra-processed foods; excessive added sugar; alcohol; stimulant-heavy drinks; foods blocked by allergy/medical/religious preference,milk;egg;fish;shellfish;tree_nuts;peanuts;wheat;soy;sesame;sulfites,Use body-weight/goal-based protein targets only after profile setup; prioritize whole foods first.,"After hard training, pair carbohydrate + protein + fluids; for vegan/vegetarian, combine legumes/grains/soy/nuts/seeds and check B12/iron/calcium planning.","Pregnancy, baby, child, diabetes, kidney disease, eating disorders, allergies and medication interactions require qualified review. Carnivore/very restrictive diets need extra review for fiber/micronutrients.",Use USDA FoodData Central for nutrient values; use Open Food Facts for packaged barcode data with license/attribution handling.,v0.1-safe-seed-2026-06-11
NT0184,Pescatarian Postpartum Recovery - Shift Worker Flexible,postpartum_parent,pescatarian,postpartum_recovery,shift_worker_flexible,"calculate TDEE/BMR then adjust gently; no aggressive deficit for pregnancy, children or medical users","protein, carbohydrates and fats balanced around training/recovery; personalize by body size, goal, activity and medical review",water first; add electrolytes for long heat/sweat sessions where suitable,vegetables; fruit; legumes; whole grains where tolerated; lean proteins or diet-appropriate alternatives; healthy fats; calcium/iron/B12 sources where relevant,ultra-processed foods; excessive added sugar; alcohol; stimulant-heavy drinks; foods blocked by allergy/medical/religious preference,milk;egg;fish;shellfish;tree_nuts;peanuts;wheat;soy;sesame;sulfites,Use body-weight/goal-based protein targets only after profile setup; prioritize whole foods first.,"After hard training, pair carbohydrate + protein + fluids; for vegan/vegetarian, combine legumes/grains/soy/nuts/seeds and check B12/iron/calcium planning.","Pregnancy, baby, child, diabetes, kidney disease, eating disorders, allergies and medication interactions require qualified review. Carnivore/very restrictive diets need extra review for fiber/micronutrients.",Use USDA FoodData Central for nutrient values; use Open Food Facts for packaged barcode data with license/attribution handling.,v0.1-safe-seed-2026-06-11
NT0185,Pescatarian Child Growth - 3 Meals,child_6_12,pescatarian,child_growth,3_meals,"calculate TDEE/BMR then adjust gently; no aggressive deficit for pregnancy, children or medical users","protein, carbohydrates and fats balanced around training/recovery; personalize by body size, goal, activity and medical review",water first; add electrolytes for long heat/sweat sessions where suitable,vegetables; fruit; legumes; whole grains where tolerated; lean proteins or diet-appropriate alternatives; healthy fats; calcium/iron/B12 sources where relevant,ultra-processed foods; excessive added sugar; alcohol; stimulant-heavy drinks; foods blocked by allergy/medical/religious preference,milk;egg;fish;shellfish;tree_nuts;peanuts;wheat;soy;sesame;sulfites,Prioritize whole-food protein. Children/teens should not be prompted to use protein powders; use caregiver and clinician/dietitian review for special diets.,"After hard training, pair carbohydrate + protein + fluids; for vegan/vegetarian, combine legumes/grains/soy/nuts/seeds and check B12/iron/calcium planning.","Pregnancy, baby, child, diabetes, kidney disease, eating disorders, allergies and medication interactions require qualified review. Carnivore/very restrictive diets need extra review for fiber/micronutrients.",Use USDA FoodData Central for nutrient values; use Open Food Facts for packaged barcode data with license/attribution handling.,v0.1-safe-seed-2026-06-11
NT0186,Pescatarian Child Growth - 3 Meals 1 Snack,child_6_12,pescatarian,child_growth,3_meals_1_snack,"calculate TDEE/BMR then adjust gently; no aggressive deficit for pregnancy, children or medical users","protein, carbohydrates and fats balanced around training/recovery; personalize by body size, goal, activity and medical review",water first; add electrolytes for long heat/sweat sessions where suitable,vegetables; fruit; legumes; whole grains where tolerated; lean proteins or diet-appropriate alternatives; healthy fats; calcium/iron/B12 sources where relevant,ultra-processed foods; excessive added sugar; alcohol; stimulant-heavy drinks; foods blocked by allergy/medical/religious preference,milk;egg;fish;shellfish;tree_nuts;peanuts;wheat;soy;sesame;sulfites,Prioritize whole-food protein. Children/teens should not be prompted to use protein powders; use caregiver and clinician/dietitian review for special diets.,"After hard training, pair carbohydrate + protein + fluids; for vegan/vegetarian, combine legumes/grains/soy/nuts/seeds and check B12/iron/calcium planning.","Pregnancy, baby, child, diabetes, kidney disease, eating disorders, allergies and medication interactions require qualified review. Carnivore/very restrictive diets need extra review for fiber/micronutrients.",Use USDA FoodData Central for nutrient values; use Open Food Facts for packaged barcode data with license/attribution handling.,v0.1-safe-seed-2026-06-11
NT0187,Pescatarian Child Growth - 3 Meals 2 Snacks,child_6_12,pescatarian,child_growth,3_meals_2_snacks,"calculate TDEE/BMR then adjust gently; no aggressive deficit for pregnancy, children or medical users","protein, carbohydrates and fats balanced around training/recovery; personalize by body size, goal, activity and medical review",water first; add electrolytes for long heat/sweat sessions where suitable,vegetables; fruit; legumes; whole grains where tolerated; lean proteins or diet-appropriate alternatives; healthy fats; calcium/iron/B12 sources where relevant,ultra-processed foods; excessive added sugar; alcohol; stimulant-heavy drinks; foods blocked by allergy/medical/religious preference,milk;egg;fish;shellfish;tree_nuts;peanuts;wheat;soy;sesame;sulfites,Prioritize whole-food protein. Children/teens should not be prompted to use protein powders; use caregiver and clinician/dietitian review for special diets.,"After hard training, pair carbohydrate + protein + fluids; for vegan/vegetarian, combine legumes/grains/soy/nuts/seeds and check B12/iron/calcium planning.","Pregnancy, baby, child, diabetes, kidney disease, eating disorders, allergies and medication interactions require qualified review. Carnivore/very restrictive diets need extra review for fiber/micronutrients.",Use USDA FoodData Central for nutrient values; use Open Food Facts for packaged barcode data with license/attribution handling.,v0.1-safe-seed-2026-06-11
NT0188,Pescatarian Teen Sport - 3 Meals,teen_13_17,pescatarian,teen_sport,3_meals,"calculate TDEE/BMR then adjust gently; no aggressive deficit for pregnancy, children or medical users","protein, carbohydrates and fats balanced around training/recovery; personalize by body size, goal, activity and medical review",water first; add electrolytes for long heat/sweat sessions where suitable,vegetables; fruit; legumes; whole grains where tolerated; lean proteins or diet-appropriate alternatives; healthy fats; calcium/iron/B12 sources where relevant,ultra-processed foods; excessive added sugar; alcohol; stimulant-heavy drinks; foods blocked by allergy/medical/religious preference,milk;egg;fish;shellfish;tree_nuts;peanuts;wheat;soy;sesame;sulfites,Prioritize whole-food protein. Children/teens should not be prompted to use protein powders; use caregiver and clinician/dietitian review for special diets.,"After hard training, pair carbohydrate + protein + fluids; for vegan/vegetarian, combine legumes/grains/soy/nuts/seeds and check B12/iron/calcium planning.","Pregnancy, baby, child, diabetes, kidney disease, eating disorders, allergies and medication interactions require qualified review. Carnivore/very restrictive diets need extra review for fiber/micronutrients.",Use USDA FoodData Central for nutrient values; use Open Food Facts for packaged barcode data with license/attribution handling.,v0.1-safe-seed-2026-06-11
NT0189,Pescatarian Teen Sport - 3 Meals 1 Snack,teen_13_17,pescatarian,teen_sport,3_meals_1_snack,"calculate TDEE/BMR then adjust gently; no aggressive deficit for pregnancy, children or medical users","protein, carbohydrates and fats balanced around training/recovery; personalize by body size, goal, activity and medical review",water first; add electrolytes for long heat/sweat sessions where suitable,vegetables; fruit; legumes; whole grains where tolerated; lean proteins or diet-appropriate alternatives; healthy fats; calcium/iron/B12 sources where relevant,ultra-processed foods; excessive added sugar; alcohol; stimulant-heavy drinks; foods blocked by allergy/medical/religious preference,milk;egg;fish;shellfish;tree_nuts;peanuts;wheat;soy;sesame;sulfites,Prioritize whole-food protein. Children/teens should not be prompted to use protein powders; use caregiver and clinician/dietitian review for special diets.,"After hard training, pair carbohydrate + protein + fluids; for vegan/vegetarian, combine legumes/grains/soy/nuts/seeds and check B12/iron/calcium planning.","Pregnancy, baby, child, diabetes, kidney disease, eating disorders, allergies and medication interactions require qualified review. Carnivore/very restrictive diets need extra review for fiber/micronutrients.",Use USDA FoodData Central for nutrient values; use Open Food Facts for packaged barcode data with license/attribution handling.,v0.1-safe-seed-2026-06-11
NT0190,Pescatarian Teen Sport - 3 Meals 2 Snacks,teen_13_17,pescatarian,teen_sport,3_meals_2_snacks,"calculate TDEE/BMR then adjust gently; no aggressive deficit for pregnancy, children or medical users","protein, carbohydrates and fats balanced around training/recovery; personalize by body size, goal, activity and medical review",water first; add electrolytes for long heat/sweat sessions where suitable,vegetables; fruit; legumes; whole grains where tolerated; lean proteins or diet-appropriate alternatives; healthy fats; calcium/iron/B12 sources where relevant,ultra-processed foods; excessive added sugar; alcohol; stimulant-heavy drinks; foods blocked by allergy/medical/religious preference,milk;egg;fish;shellfish;tree_nuts;peanuts;wheat;soy;sesame;sulfites,Prioritize whole-food protein. Children/teens should not be prompted to use protein powders; use caregiver and clinician/dietitian review for special diets.,"After hard training, pair carbohydrate + protein + fluids; for vegan/vegetarian, combine legumes/grains/soy/nuts/seeds and check B12/iron/calcium planning.","Pregnancy, baby, child, diabetes, kidney disease, eating disorders, allergies and medication interactions require qualified review. Carnivore/very restrictive diets need extra review for fiber/micronutrients.",Use USDA FoodData Central for nutrient values; use Open Food Facts for packaged barcode data with license/attribution handling.,v0.1-safe-seed-2026-06-11
NT0191,Pescatarian Recovery Day - 3 Meals,general_adult,pescatarian,recovery_day,3_meals,"calculate TDEE/BMR then adjust gently; no aggressive deficit for pregnancy, children or medical users","protein, carbohydrates and fats balanced around training/recovery; personalize by body size, goal, activity and medical review",water first; add electrolytes for long heat/sweat sessions where suitable,vegetables; fruit; legumes; whole grains where tolerated; lean proteins or diet-appropriate alternatives; healthy fats; calcium/iron/B12 sources where relevant,ultra-processed foods; excessive added sugar; alcohol; stimulant-heavy drinks; foods blocked by allergy/medical/religious preference,milk;egg;fish;shellfish;tree_nuts;peanuts;wheat;soy;sesame;sulfites,Use body-weight/goal-based protein targets only after profile setup; prioritize whole foods first.,"After hard training, pair carbohydrate + protein + fluids; for vegan/vegetarian, combine legumes/grains/soy/nuts/seeds and check B12/iron/calcium planning.","Pregnancy, baby, child, diabetes, kidney disease, eating disorders, allergies and medication interactions require qualified review. Carnivore/very restrictive diets need extra review for fiber/micronutrients.",Use USDA FoodData Central for nutrient values; use Open Food Facts for packaged barcode data with license/attribution handling.,v0.1-safe-seed-2026-06-11
NT0192,Pescatarian Recovery Day - 3 Meals 1 Snack,general_adult,pescatarian,recovery_day,3_meals_1_snack,"calculate TDEE/BMR then adjust gently; no aggressive deficit for pregnancy, children or medical users","protein, carbohydrates and fats balanced around training/recovery; personalize by body size, goal, activity and medical review",water first; add electrolytes for long heat/sweat sessions where suitable,vegetables; fruit; legumes; whole grains where tolerated; lean proteins or diet-appropriate alternatives; healthy fats; calcium/iron/B12 sources where relevant,ultra-processed foods; excessive added sugar; alcohol; stimulant-heavy drinks; foods blocked by allergy/medical/religious preference,milk;egg;fish;shellfish;tree_nuts;peanuts;wheat;soy;sesame;sulfites,Use body-weight/goal-based protein targets only after profile setup; prioritize whole foods first.,"After hard training, pair carbohydrate + protein + fluids; for vegan/vegetarian, combine legumes/grains/soy/nuts/seeds and check B12/iron/calcium planning.","Pregnancy, baby, child, diabetes, kidney disease, eating disorders, allergies and medication interactions require qualified review. Carnivore/very restrictive diets need extra review for fiber/micronutrients.",Use USDA FoodData Central for nutrient values; use Open Food Facts for packaged barcode data with license/attribution handling.,v0.1-safe-seed-2026-06-11
NT0193,Pescatarian Recovery Day - 3 Meals 2 Snacks,general_adult,pescatarian,recovery_day,3_meals_2_snacks,"calculate TDEE/BMR then adjust gently; no aggressive deficit for pregnancy, children or medical users","protein, carbohydrates and fats balanced around training/recovery; personalize by body size, goal, activity and medical review",water first; add electrolytes for long heat/sweat sessions where suitable,vegetables; fruit; legumes; whole grains where tolerated; lean proteins or diet-appropriate alternatives; healthy fats; calcium/iron/B12 sources where relevant,ultra-processed foods; excessive added sugar; alcohol; stimulant-heavy drinks; foods blocked by allergy/medical/religious preference,milk;egg;fish;shellfish;tree_nuts;peanuts;wheat;soy;sesame;sulfites,Use body-weight/goal-based protein targets only after profile setup; prioritize whole foods first.,"After hard training, pair carbohydrate + protein + fluids; for vegan/vegetarian, combine legumes/grains/soy/nuts/seeds and check B12/iron/calcium planning.","Pregnancy, baby, child, diabetes, kidney disease, eating disorders, allergies and medication interactions require qualified review. Carnivore/very restrictive diets need extra review for fiber/micronutrients.",Use USDA FoodData Central for nutrient values; use Open Food Facts for packaged barcode data with license/attribution handling.,v0.1-safe-seed-2026-06-11
NT0194,Pescatarian Recovery Day - Time Restricted 12 Hour Window Adult Only,general_adult,pescatarian,recovery_day,time_restricted_12_hour_window_adult_only,"calculate TDEE/BMR then adjust gently; no aggressive deficit for pregnancy, children or medical users","protein, carbohydrates and fats balanced around training/recovery; personalize by body size, goal, activity and medical review",water first; add electrolytes for long heat/sweat sessions where suitable,vegetables; fruit; legumes; whole grains where tolerated; lean proteins or diet-appropriate alternatives; healthy fats; calcium/iron/B12 sources where relevant,ultra-processed foods; excessive added sugar; alcohol; stimulant-heavy drinks; foods blocked by allergy/medical/religious preference,milk;egg;fish;shellfish;tree_nuts;peanuts;wheat;soy;sesame;sulfites,Use body-weight/goal-based protein targets only after profile setup; prioritize whole foods first.,"After hard training, pair carbohydrate + protein + fluids; for vegan/vegetarian, combine legumes/grains/soy/nuts/seeds and check B12/iron/calcium planning.","Pregnancy, baby, child, diabetes, kidney disease, eating disorders, allergies and medication interactions require qualified review. Carnivore/very restrictive diets need extra review for fiber/micronutrients.",Use USDA FoodData Central for nutrient values; use Open Food Facts for packaged barcode data with license/attribution handling.,v0.1-safe-seed-2026-06-11
NT0195,Pescatarian Recovery Day - Shift Worker Flexible,general_adult,pescatarian,recovery_day,shift_worker_flexible,"calculate TDEE/BMR then adjust gently; no aggressive deficit for pregnancy, children or medical users","protein, carbohydrates and fats balanced around training/recovery; personalize by body size, goal, activity and medical review",water first; add electrolytes for long heat/sweat sessions where suitable,vegetables; fruit; legumes; whole grains where tolerated; lean proteins or diet-appropriate alternatives; healthy fats; calcium/iron/B12 sources where relevant,ultra-processed foods; excessive added sugar; alcohol; stimulant-heavy drinks; foods blocked by allergy/medical/religious preference,milk;egg;fish;shellfish;tree_nuts;peanuts;wheat;soy;sesame;sulfites,Use body-weight/goal-based protein targets only after profile setup; prioritize whole foods first.,"After hard training, pair carbohydrate + protein + fluids; for vegan/vegetarian, combine legumes/grains/soy/nuts/seeds and check B12/iron/calcium planning.","Pregnancy, baby, child, diabetes, kidney disease, eating disorders, allergies and medication interactions require qualified review. Carnivore/very restrictive diets need extra review for fiber/micronutrients.",Use USDA FoodData Central for nutrient values; use Open Food Facts for packaged barcode data with license/attribution handling.,v0.1-safe-seed-2026-06-11
NT0196,Halal Friendly Weight Loss - 3 Meals,general_adult,halal_friendly,weight_loss,3_meals,"calculate TDEE/BMR then adjust gently; no aggressive deficit for pregnancy, children or medical users","protein, carbohydrates and fats balanced around training/recovery; personalize by body size, goal, activity and medical review",water first; add electrolytes for long heat/sweat sessions where suitable,vegetables; fruit; legumes; whole grains where tolerated; lean proteins or diet-appropriate alternatives; healthy fats; calcium/iron/B12 sources where relevant,ultra-processed foods; excessive added sugar; alcohol; stimulant-heavy drinks; foods blocked by allergy/medical/religious preference,milk;egg;fish;shellfish;tree_nuts;peanuts;wheat;soy;sesame;sulfites,Use body-weight/goal-based protein targets only after profile setup; prioritize whole foods first.,"After hard training, pair carbohydrate + protein + fluids; for vegan/vegetarian, combine legumes/grains/soy/nuts/seeds and check B12/iron/calcium planning.","Pregnancy, baby, child, diabetes, kidney disease, eating disorders, allergies and medication interactions require qualified review. Carnivore/very restrictive diets need extra review for fiber/micronutrients.",Use USDA FoodData Central for nutrient values; use Open Food Facts for packaged barcode data with license/attribution handling.,v0.1-safe-seed-2026-06-11
NT0197,Halal Friendly Weight Loss - 3 Meals 1 Snack,general_adult,halal_friendly,weight_loss,3_meals_1_snack,"calculate TDEE/BMR then adjust gently; no aggressive deficit for pregnancy, children or medical users","protein, carbohydrates and fats balanced around training/recovery; personalize by body size, goal, activity and medical review",water first; add electrolytes for long heat/sweat sessions where suitable,vegetables; fruit; legumes; whole grains where tolerated; lean proteins or diet-appropriate alternatives; healthy fats; calcium/iron/B12 sources where relevant,ultra-processed foods; excessive added sugar; alcohol; stimulant-heavy drinks; foods blocked by allergy/medical/religious preference,milk;egg;fish;shellfish;tree_nuts;peanuts;wheat;soy;sesame;sulfites,Use body-weight/goal-based protein targets only after profile setup; prioritize whole foods first.,"After hard training, pair carbohydrate + protein + fluids; for vegan/vegetarian, combine legumes/grains/soy/nuts/seeds and check B12/iron/calcium planning.","Pregnancy, baby, child, diabetes, kidney disease, eating disorders, allergies and medication interactions require qualified review. Carnivore/very restrictive diets need extra review for fiber/micronutrients.",Use USDA FoodData Central for nutrient values; use Open Food Facts for packaged barcode data with license/attribution handling.,v0.1-safe-seed-2026-06-11
NT0198,Halal Friendly Weight Loss - 3 Meals 2 Snacks,general_adult,halal_friendly,weight_loss,3_meals_2_snacks,"calculate TDEE/BMR then adjust gently; no aggressive deficit for pregnancy, children or medical users","protein, carbohydrates and fats balanced around training/recovery; personalize by body size, goal, activity and medical review",water first; add electrolytes for long heat/sweat sessions where suitable,vegetables; fruit; legumes; whole grains where tolerated; lean proteins or diet-appropriate alternatives; healthy fats; calcium/iron/B12 sources where relevant,ultra-processed foods; excessive added sugar; alcohol; stimulant-heavy drinks; foods blocked by allergy/medical/religious preference,milk;egg;fish;shellfish;tree_nuts;peanuts;wheat;soy;sesame;sulfites,Use body-weight/goal-based protein targets only after profile setup; prioritize whole foods first.,"After hard training, pair carbohydrate + protein + fluids; for vegan/vegetarian, combine legumes/grains/soy/nuts/seeds and check B12/iron/calcium planning.","Pregnancy, baby, child, diabetes, kidney disease, eating disorders, allergies and medication interactions require qualified review. Carnivore/very restrictive diets need extra review for fiber/micronutrients.",Use USDA FoodData Central for nutrient values; use Open Food Facts for packaged barcode data with license/attribution handling.,v0.1-safe-seed-2026-06-11
NT0199,Halal Friendly Weight Loss - Time Restricted 12 Hour Window Adult Only,general_adult,halal_friendly,weight_loss,time_restricted_12_hour_window_adult_only,"calculate TDEE/BMR then adjust gently; no aggressive deficit for pregnancy, children or medical users","protein, carbohydrates and fats balanced around training/recovery; personalize by body size, goal, activity and medical review",water first; add electrolytes for long heat/sweat sessions where suitable,vegetables; fruit; legumes; whole grains where tolerated; lean proteins or diet-appropriate alternatives; healthy fats; calcium/iron/B12 sources where relevant,ultra-processed foods; excessive added sugar; alcohol; stimulant-heavy drinks; foods blocked by allergy/medical/religious preference,milk;egg;fish;shellfish;tree_nuts;peanuts;wheat;soy;sesame;sulfites,Use body-weight/goal-based protein targets only after profile setup; prioritize whole foods first.,"After hard training, pair carbohydrate + protein + fluids; for vegan/vegetarian, combine legumes/grains/soy/nuts/seeds and check B12/iron/calcium planning.","Pregnancy, baby, child, diabetes, kidney disease, eating disorders, allergies and medication interactions require qualified review. Carnivore/very restrictive diets need extra review for fiber/micronutrients.",Use USDA FoodData Central for nutrient values; use Open Food Facts for packaged barcode data with license/attribution handling.,v0.1-safe-seed-2026-06-11
NT0200,Halal Friendly Weight Loss - Shift Worker Flexible,general_adult,halal_friendly,weight_loss,shift_worker_flexible,"calculate TDEE/BMR then adjust gently; no aggressive deficit for pregnancy, children or medical users","protein, carbohydrates and fats balanced around training/recovery; personalize by body size, goal, activity and medical review",water first; add electrolytes for long heat/sweat sessions where suitable,vegetables; fruit; legumes; whole grains where tolerated; lean proteins or diet-appropriate alternatives; healthy fats; calcium/iron/B12 sources where relevant,ultra-processed foods; excessive added sugar; alcohol; stimulant-heavy drinks; foods blocked by allergy/medical/religious preference,milk;egg;fish;shellfish;tree_nuts;peanuts;wheat;soy;sesame;sulfites,Use body-weight/goal-based protein targets only after profile setup; prioritize whole foods first.,"After hard training, pair carbohydrate + protein + fluids; for vegan/vegetarian, combine legumes/grains/soy/nuts/seeds and check B12/iron/calcium planning.","Pregnancy, baby, child, diabetes, kidney disease, eating disorders, allergies and medication interactions require qualified review. Carnivore/very restrictive diets need extra review for fiber/micronutrients.",Use USDA FoodData Central for nutrient values; use Open Food Facts for packaged barcode data with license/attribution handling.,v0.1-safe-seed-2026-06-11
NT0201,Halal Friendly Muscle Gain - 3 Meals,general_adult,halal_friendly,muscle_gain,3_meals,"calculate TDEE/BMR then adjust gently; no aggressive deficit for pregnancy, children or medical users","protein, carbohydrates and fats balanced around training/recovery; personalize by body size, goal, activity and medical review",water first; add electrolytes for long heat/sweat sessions where suitable,vegetables; fruit; legumes; whole grains where tolerated; lean proteins or diet-appropriate alternatives; healthy fats; calcium/iron/B12 sources where relevant,ultra-processed foods; excessive added sugar; alcohol; stimulant-heavy drinks; foods blocked by allergy/medical/religious preference,milk;egg;fish;shellfish;tree_nuts;peanuts;wheat;soy;sesame;sulfites,Use body-weight/goal-based protein targets only after profile setup; prioritize whole foods first.,"After hard training, pair carbohydrate + protein + fluids; for vegan/vegetarian, combine legumes/grains/soy/nuts/seeds and check B12/iron/calcium planning.","Pregnancy, baby, child, diabetes, kidney disease, eating disorders, allergies and medication interactions require qualified review. Carnivore/very restrictive diets need extra review for fiber/micronutrients.",Use USDA FoodData Central for nutrient values; use Open Food Facts for packaged barcode data with license/attribution handling.,v0.1-safe-seed-2026-06-11
NT0202,Halal Friendly Muscle Gain - 3 Meals 1 Snack,general_adult,halal_friendly,muscle_gain,3_meals_1_snack,"calculate TDEE/BMR then adjust gently; no aggressive deficit for pregnancy, children or medical users","protein, carbohydrates and fats balanced around training/recovery; personalize by body size, goal, activity and medical review",water first; add electrolytes for long heat/sweat sessions where suitable,vegetables; fruit; legumes; whole grains where tolerated; lean proteins or diet-appropriate alternatives; healthy fats; calcium/iron/B12 sources where relevant,ultra-processed foods; excessive added sugar; alcohol; stimulant-heavy drinks; foods blocked by allergy/medical/religious preference,milk;egg;fish;shellfish;tree_nuts;peanuts;wheat;soy;sesame;sulfites,Use body-weight/goal-based protein targets only after profile setup; prioritize whole foods first.,"After hard training, pair carbohydrate + protein + fluids; for vegan/vegetarian, combine legumes/grains/soy/nuts/seeds and check B12/iron/calcium planning.","Pregnancy, baby, child, diabetes, kidney disease, eating disorders, allergies and medication interactions require qualified review. Carnivore/very restrictive diets need extra review for fiber/micronutrients.",Use USDA FoodData Central for nutrient values; use Open Food Facts for packaged barcode data with license/attribution handling.,v0.1-safe-seed-2026-06-11
NT0203,Halal Friendly Muscle Gain - 3 Meals 2 Snacks,general_adult,halal_friendly,muscle_gain,3_meals_2_snacks,"calculate TDEE/BMR then adjust gently; no aggressive deficit for pregnancy, children or medical users","protein, carbohydrates and fats balanced around training/recovery; personalize by body size, goal, activity and medical review",water first; add electrolytes for long heat/sweat sessions where suitable,vegetables; fruit; legumes; whole grains where tolerated; lean proteins or diet-appropriate alternatives; healthy fats; calcium/iron/B12 sources where relevant,ultra-processed foods; excessive added sugar; alcohol; stimulant-heavy drinks; foods blocked by allergy/medical/religious preference,milk;egg;fish;shellfish;tree_nuts;peanuts;wheat;soy;sesame;sulfites,Use body-weight/goal-based protein targets only after profile setup; prioritize whole foods first.,"After hard training, pair carbohydrate + protein + fluids; for vegan/vegetarian, combine legumes/grains/soy/nuts/seeds and check B12/iron/calcium planning.","Pregnancy, baby, child, diabetes, kidney disease, eating disorders, allergies and medication interactions require qualified review. Carnivore/very restrictive diets need extra review for fiber/micronutrients.",Use USDA FoodData Central for nutrient values; use Open Food Facts for packaged barcode data with license/attribution handling.,v0.1-safe-seed-2026-06-11
NT0204,Halal Friendly Muscle Gain - Time Restricted 12 Hour Window Adult Only,general_adult,halal_friendly,muscle_gain,time_restricted_12_hour_window_adult_only,"calculate TDEE/BMR then adjust gently; no aggressive deficit for pregnancy, children or medical users","protein, carbohydrates and fats balanced around training/recovery; personalize by body size, goal, activity and medical review",water first; add electrolytes for long heat/sweat sessions where suitable,vegetables; fruit; legumes; whole grains where tolerated; lean proteins or diet-appropriate alternatives; healthy fats; calcium/iron/B12 sources where relevant,ultra-processed foods; excessive added sugar; alcohol; stimulant-heavy drinks; foods blocked by allergy/medical/religious preference,milk;egg;fish;shellfish;tree_nuts;peanuts;wheat;soy;sesame;sulfites,Use body-weight/goal-based protein targets only after profile setup; prioritize whole foods first.,"After hard training, pair carbohydrate + protein + fluids; for vegan/vegetarian, combine legumes/grains/soy/nuts/seeds and check B12/iron/calcium planning.","Pregnancy, baby, child, diabetes, kidney disease, eating disorders, allergies and medication interactions require qualified review. Carnivore/very restrictive diets need extra review for fiber/micronutrients.",Use USDA FoodData Central for nutrient values; use Open Food Facts for packaged barcode data with license/attribution handling.,v0.1-safe-seed-2026-06-11
NT0205,Halal Friendly Muscle Gain - Shift Worker Flexible,general_adult,halal_friendly,muscle_gain,shift_worker_flexible,"calculate TDEE/BMR then adjust gently; no aggressive deficit for pregnancy, children or medical users","protein, carbohydrates and fats balanced around training/recovery; personalize by body size, goal, activity and medical review",water first; add electrolytes for long heat/sweat sessions where suitable,vegetables; fruit; legumes; whole grains where tolerated; lean proteins or diet-appropriate alternatives; healthy fats; calcium/iron/B12 sources where relevant,ultra-processed foods; excessive added sugar; alcohol; stimulant-heavy drinks; foods blocked by allergy/medical/religious preference,milk;egg;fish;shellfish;tree_nuts;peanuts;wheat;soy;sesame;sulfites,Use body-weight/goal-based protein targets only after profile setup; prioritize whole foods first.,"After hard training, pair carbohydrate + protein + fluids; for vegan/vegetarian, combine legumes/grains/soy/nuts/seeds and check B12/iron/calcium planning.","Pregnancy, baby, child, diabetes, kidney disease, eating disorders, allergies and medication interactions require qualified review. Carnivore/very restrictive diets need extra review for fiber/micronutrients.",Use USDA FoodData Central for nutrient values; use Open Food Facts for packaged barcode data with license/attribution handling.,v0.1-safe-seed-2026-06-11
NT0206,Halal Friendly Maintenance - 3 Meals,general_adult,halal_friendly,maintenance,3_meals,"calculate TDEE/BMR then adjust gently; no aggressive deficit for pregnancy, children or medical users","protein, carbohydrates and fats balanced around training/recovery; personalize by body size, goal, activity and medical review",water first; add electrolytes for long heat/sweat sessions where suitable,vegetables; fruit; legumes; whole grains where tolerated; lean proteins or diet-appropriate alternatives; healthy fats; calcium/iron/B12 sources where relevant,ultra-processed foods; excessive added sugar; alcohol; stimulant-heavy drinks; foods blocked by allergy/medical/religious preference,milk;egg;fish;shellfish;tree_nuts;peanuts;wheat;soy;sesame;sulfites,Use body-weight/goal-based protein targets only after profile setup; prioritize whole foods first.,"After hard training, pair carbohydrate + protein + fluids; for vegan/vegetarian, combine legumes/grains/soy/nuts/seeds and check B12/iron/calcium planning.","Pregnancy, baby, child, diabetes, kidney disease, eating disorders, allergies and medication interactions require qualified review. Carnivore/very restrictive diets need extra review for fiber/micronutrients.",Use USDA FoodData Central for nutrient values; use Open Food Facts for packaged barcode data with license/attribution handling.,v0.1-safe-seed-2026-06-11
NT0207,Halal Friendly Maintenance - 3 Meals 1 Snack,general_adult,halal_friendly,maintenance,3_meals_1_snack,"calculate TDEE/BMR then adjust gently; no aggressive deficit for pregnancy, children or medical users","protein, carbohydrates and fats balanced around training/recovery; personalize by body size, goal, activity and medical review",water first; add electrolytes for long heat/sweat sessions where suitable,vegetables; fruit; legumes; whole grains where tolerated; lean proteins or diet-appropriate alternatives; healthy fats; calcium/iron/B12 sources where relevant,ultra-processed foods; excessive added sugar; alcohol; stimulant-heavy drinks; foods blocked by allergy/medical/religious preference,milk;egg;fish;shellfish;tree_nuts;peanuts;wheat;soy;sesame;sulfites,Use body-weight/goal-based protein targets only after profile setup; prioritize whole foods first.,"After hard training, pair carbohydrate + protein + fluids; for vegan/vegetarian, combine legumes/grains/soy/nuts/seeds and check B12/iron/calcium planning.","Pregnancy, baby, child, diabetes, kidney disease, eating disorders, allergies and medication interactions require qualified review. Carnivore/very restrictive diets need extra review for fiber/micronutrients.",Use USDA FoodData Central for nutrient values; use Open Food Facts for packaged barcode data with license/attribution handling.,v0.1-safe-seed-2026-06-11
NT0208,Halal Friendly Maintenance - 3 Meals 2 Snacks,general_adult,halal_friendly,maintenance,3_meals_2_snacks,"calculate TDEE/BMR then adjust gently; no aggressive deficit for pregnancy, children or medical users","protein, carbohydrates and fats balanced around training/recovery; personalize by body size, goal, activity and medical review",water first; add electrolytes for long heat/sweat sessions where suitable,vegetables; fruit; legumes; whole grains where tolerated; lean proteins or diet-appropriate alternatives; healthy fats; calcium/iron/B12 sources where relevant,ultra-processed foods; excessive added sugar; alcohol; stimulant-heavy drinks; foods blocked by allergy/medical/religious preference,milk;egg;fish;shellfish;tree_nuts;peanuts;wheat;soy;sesame;sulfites,Use body-weight/goal-based protein targets only after profile setup; prioritize whole foods first.,"After hard training, pair carbohydrate + protein + fluids; for vegan/vegetarian, combine legumes/grains/soy/nuts/seeds and check B12/iron/calcium planning.","Pregnancy, baby, child, diabetes, kidney disease, eating disorders, allergies and medication interactions require qualified review. Carnivore/very restrictive diets need extra review for fiber/micronutrients.",Use USDA FoodData Central for nutrient values; use Open Food Facts for packaged barcode data with license/attribution handling.,v0.1-safe-seed-2026-06-11
NT0209,Halal Friendly Maintenance - Time Restricted 12 Hour Window Adult Only,general_adult,halal_friendly,maintenance,time_restricted_12_hour_window_adult_only,"calculate TDEE/BMR then adjust gently; no aggressive deficit for pregnancy, children or medical users","protein, carbohydrates and fats balanced around training/recovery; personalize by body size, goal, activity and medical review",water first; add electrolytes for long heat/sweat sessions where suitable,vegetables; fruit; legumes; whole grains where tolerated; lean proteins or diet-appropriate alternatives; healthy fats; calcium/iron/B12 sources where relevant,ultra-processed foods; excessive added sugar; alcohol; stimulant-heavy drinks; foods blocked by allergy/medical/religious preference,milk;egg;fish;shellfish;tree_nuts;peanuts;wheat;soy;sesame;sulfites,Use body-weight/goal-based protein targets only after profile setup; prioritize whole foods first.,"After hard training, pair carbohydrate + protein + fluids; for vegan/vegetarian, combine legumes/grains/soy/nuts/seeds and check B12/iron/calcium planning.","Pregnancy, baby, child, diabetes, kidney disease, eating disorders, allergies and medication interactions require qualified review. Carnivore/very restrictive diets need extra review for fiber/micronutrients.",Use USDA FoodData Central for nutrient values; use Open Food Facts for packaged barcode data with license/attribution handling.,v0.1-safe-seed-2026-06-11
NT0210,Halal Friendly Maintenance - Shift Worker Flexible,general_adult,halal_friendly,maintenance,shift_worker_flexible,"calculate TDEE/BMR then adjust gently; no aggressive deficit for pregnancy, children or medical users","protein, carbohydrates and fats balanced around training/recovery; personalize by body size, goal, activity and medical review",water first; add electrolytes for long heat/sweat sessions where suitable,vegetables; fruit; legumes; whole grains where tolerated; lean proteins or diet-appropriate alternatives; healthy fats; calcium/iron/B12 sources where relevant,ultra-processed foods; excessive added sugar; alcohol; stimulant-heavy drinks; foods blocked by allergy/medical/religious preference,milk;egg;fish;shellfish;tree_nuts;peanuts;wheat;soy;sesame;sulfites,Use body-weight/goal-based protein targets only after profile setup; prioritize whole foods first.,"After hard training, pair carbohydrate + protein + fluids; for vegan/vegetarian, combine legumes/grains/soy/nuts/seeds and check B12/iron/calcium planning.","Pregnancy, baby, child, diabetes, kidney disease, eating disorders, allergies and medication interactions require qualified review. Carnivore/very restrictive diets need extra review for fiber/micronutrients.",Use USDA FoodData Central for nutrient values; use Open Food Facts for packaged barcode data with license/attribution handling.,v0.1-safe-seed-2026-06-11
NT0211,Halal Friendly Endurance - 3 Meals,general_adult,halal_friendly,endurance,3_meals,"calculate TDEE/BMR then adjust gently; no aggressive deficit for pregnancy, children or medical users","protein, carbohydrates and fats balanced around training/recovery; personalize by body size, goal, activity and medical review",water first; add electrolytes for long heat/sweat sessions where suitable,vegetables; fruit; legumes; whole grains where tolerated; lean proteins or diet-appropriate alternatives; healthy fats; calcium/iron/B12 sources where relevant,ultra-processed foods; excessive added sugar; alcohol; stimulant-heavy drinks; foods blocked by allergy/medical/religious preference,milk;egg;fish;shellfish;tree_nuts;peanuts;wheat;soy;sesame;sulfites,Use body-weight/goal-based protein targets only after profile setup; prioritize whole foods first.,"After hard training, pair carbohydrate + protein + fluids; for vegan/vegetarian, combine legumes/grains/soy/nuts/seeds and check B12/iron/calcium planning.","Pregnancy, baby, child, diabetes, kidney disease, eating disorders, allergies and medication interactions require qualified review. Carnivore/very restrictive diets need extra review for fiber/micronutrients.",Use USDA FoodData Central for nutrient values; use Open Food Facts for packaged barcode data with license/attribution handling.,v0.1-safe-seed-2026-06-11
NT0212,Halal Friendly Endurance - 3 Meals 1 Snack,general_adult,halal_friendly,endurance,3_meals_1_snack,"calculate TDEE/BMR then adjust gently; no aggressive deficit for pregnancy, children or medical users","protein, carbohydrates and fats balanced around training/recovery; personalize by body size, goal, activity and medical review",water first; add electrolytes for long heat/sweat sessions where suitable,vegetables; fruit; legumes; whole grains where tolerated; lean proteins or diet-appropriate alternatives; healthy fats; calcium/iron/B12 sources where relevant,ultra-processed foods; excessive added sugar; alcohol; stimulant-heavy drinks; foods blocked by allergy/medical/religious preference,milk;egg;fish;shellfish;tree_nuts;peanuts;wheat;soy;sesame;sulfites,Use body-weight/goal-based protein targets only after profile setup; prioritize whole foods first.,"After hard training, pair carbohydrate + protein + fluids; for vegan/vegetarian, combine legumes/grains/soy/nuts/seeds and check B12/iron/calcium planning.","Pregnancy, baby, child, diabetes, kidney disease, eating disorders, allergies and medication interactions require qualified review. Carnivore/very restrictive diets need extra review for fiber/micronutrients.",Use USDA FoodData Central for nutrient values; use Open Food Facts for packaged barcode data with license/attribution handling.,v0.1-safe-seed-2026-06-11
NT0213,Halal Friendly Endurance - 3 Meals 2 Snacks,general_adult,halal_friendly,endurance,3_meals_2_snacks,"calculate TDEE/BMR then adjust gently; no aggressive deficit for pregnancy, children or medical users","protein, carbohydrates and fats balanced around training/recovery; personalize by body size, goal, activity and medical review",water first; add electrolytes for long heat/sweat sessions where suitable,vegetables; fruit; legumes; whole grains where tolerated; lean proteins or diet-appropriate alternatives; healthy fats; calcium/iron/B12 sources where relevant,ultra-processed foods; excessive added sugar; alcohol; stimulant-heavy drinks; foods blocked by allergy/medical/religious preference,milk;egg;fish;shellfish;tree_nuts;peanuts;wheat;soy;sesame;sulfites,Use body-weight/goal-based protein targets only after profile setup; prioritize whole foods first.,"After hard training, pair carbohydrate + protein + fluids; for vegan/vegetarian, combine legumes/grains/soy/nuts/seeds and check B12/iron/calcium planning.","Pregnancy, baby, child, diabetes, kidney disease, eating disorders, allergies and medication interactions require qualified review. Carnivore/very restrictive diets need extra review for fiber/micronutrients.",Use USDA FoodData Central for nutrient values; use Open Food Facts for packaged barcode data with license/attribution handling.,v0.1-safe-seed-2026-06-11
NT0214,Halal Friendly Endurance - Time Restricted 12 Hour Window Adult Only,general_adult,halal_friendly,endurance,time_restricted_12_hour_window_adult_only,"calculate TDEE/BMR then adjust gently; no aggressive deficit for pregnancy, children or medical users","protein, carbohydrates and fats balanced around training/recovery; personalize by body size, goal, activity and medical review",water first; add electrolytes for long heat/sweat sessions where suitable,vegetables; fruit; legumes; whole grains where tolerated; lean proteins or diet-appropriate alternatives; healthy fats; calcium/iron/B12 sources where relevant,ultra-processed foods; excessive added sugar; alcohol; stimulant-heavy drinks; foods blocked by allergy/medical/religious preference,milk;egg;fish;shellfish;tree_nuts;peanuts;wheat;soy;sesame;sulfites,Use body-weight/goal-based protein targets only after profile setup; prioritize whole foods first.,"After hard training, pair carbohydrate + protein + fluids; for vegan/vegetarian, combine legumes/grains/soy/nuts/seeds and check B12/iron/calcium planning.","Pregnancy, baby, child, diabetes, kidney disease, eating disorders, allergies and medication interactions require qualified review. Carnivore/very restrictive diets need extra review for fiber/micronutrients.",Use USDA FoodData Central for nutrient values; use Open Food Facts for packaged barcode data with license/attribution handling.,v0.1-safe-seed-2026-06-11
NT0215,Halal Friendly Endurance - Shift Worker Flexible,general_adult,halal_friendly,endurance,shift_worker_flexible,"calculate TDEE/BMR then adjust gently; no aggressive deficit for pregnancy, children or medical users","protein, carbohydrates and fats balanced around training/recovery; personalize by body size, goal, activity and medical review",water first; add electrolytes for long heat/sweat sessions where suitable,vegetables; fruit; legumes; whole grains where tolerated; lean proteins or diet-appropriate alternatives; healthy fats; calcium/iron/B12 sources where relevant,ultra-processed foods; excessive added sugar; alcohol; stimulant-heavy drinks; foods blocked by allergy/medical/religious preference,milk;egg;fish;shellfish;tree_nuts;peanuts;wheat;soy;sesame;sulfites,Use body-weight/goal-based protein targets only after profile setup; prioritize whole foods first.,"After hard training, pair carbohydrate + protein + fluids; for vegan/vegetarian, combine legumes/grains/soy/nuts/seeds and check B12/iron/calcium planning.","Pregnancy, baby, child, diabetes, kidney disease, eating disorders, allergies and medication interactions require qualified review. Carnivore/very restrictive diets need extra review for fiber/micronutrients.",Use USDA FoodData Central for nutrient values; use Open Food Facts for packaged barcode data with license/attribution handling.,v0.1-safe-seed-2026-06-11
NT0216,Halal Friendly Pregnancy Support - 3 Meals,pregnant_woman,halal_friendly,pregnancy_support,3_meals,"calculate TDEE/BMR then adjust gently; no aggressive deficit for pregnancy, children or medical users","protein, carbohydrates and fats balanced around training/recovery; personalize by body size, goal, activity and medical review",water first; add electrolytes for long heat/sweat sessions where suitable,vegetables; fruit; legumes; whole grains where tolerated; lean proteins or diet-appropriate alternatives; healthy fats; calcium/iron/B12 sources where relevant,ultra-processed foods; excessive added sugar; alcohol; stimulant-heavy drinks; foods blocked by allergy/medical/religious preference,milk;egg;fish;shellfish;tree_nuts;peanuts;wheat;soy;sesame;sulfites,Use body-weight/goal-based protein targets only after profile setup; prioritize whole foods first.,"After hard training, pair carbohydrate + protein + fluids; for vegan/vegetarian, combine legumes/grains/soy/nuts/seeds and check B12/iron/calcium planning.","Pregnancy, baby, child, diabetes, kidney disease, eating disorders, allergies and medication interactions require qualified review. Carnivore/very restrictive diets need extra review for fiber/micronutrients.",Use USDA FoodData Central for nutrient values; use Open Food Facts for packaged barcode data with license/attribution handling.,v0.1-safe-seed-2026-06-11
NT0217,Halal Friendly Pregnancy Support - 3 Meals 1 Snack,pregnant_woman,halal_friendly,pregnancy_support,3_meals_1_snack,"calculate TDEE/BMR then adjust gently; no aggressive deficit for pregnancy, children or medical users","protein, carbohydrates and fats balanced around training/recovery; personalize by body size, goal, activity and medical review",water first; add electrolytes for long heat/sweat sessions where suitable,vegetables; fruit; legumes; whole grains where tolerated; lean proteins or diet-appropriate alternatives; healthy fats; calcium/iron/B12 sources where relevant,ultra-processed foods; excessive added sugar; alcohol; stimulant-heavy drinks; foods blocked by allergy/medical/religious preference,milk;egg;fish;shellfish;tree_nuts;peanuts;wheat;soy;sesame;sulfites,Use body-weight/goal-based protein targets only after profile setup; prioritize whole foods first.,"After hard training, pair carbohydrate + protein + fluids; for vegan/vegetarian, combine legumes/grains/soy/nuts/seeds and check B12/iron/calcium planning.","Pregnancy, baby, child, diabetes, kidney disease, eating disorders, allergies and medication interactions require qualified review. Carnivore/very restrictive diets need extra review for fiber/micronutrients.",Use USDA FoodData Central for nutrient values; use Open Food Facts for packaged barcode data with license/attribution handling.,v0.1-safe-seed-2026-06-11
NT0218,Halal Friendly Pregnancy Support - 3 Meals 2 Snacks,pregnant_woman,halal_friendly,pregnancy_support,3_meals_2_snacks,"calculate TDEE/BMR then adjust gently; no aggressive deficit for pregnancy, children or medical users","protein, carbohydrates and fats balanced around training/recovery; personalize by body size, goal, activity and medical review",water first; add electrolytes for long heat/sweat sessions where suitable,vegetables; fruit; legumes; whole grains where tolerated; lean proteins or diet-appropriate alternatives; healthy fats; calcium/iron/B12 sources where relevant,ultra-processed foods; excessive added sugar; alcohol; stimulant-heavy drinks; foods blocked by allergy/medical/religious preference,milk;egg;fish;shellfish;tree_nuts;peanuts;wheat;soy;sesame;sulfites,Use body-weight/goal-based protein targets only after profile setup; prioritize whole foods first.,"After hard training, pair carbohydrate + protein + fluids; for vegan/vegetarian, combine legumes/grains/soy/nuts/seeds and check B12/iron/calcium planning.","Pregnancy, baby, child, diabetes, kidney disease, eating disorders, allergies and medication interactions require qualified review. Carnivore/very restrictive diets need extra review for fiber/micronutrients.",Use USDA FoodData Central for nutrient values; use Open Food Facts for packaged barcode data with license/attribution handling.,v0.1-safe-seed-2026-06-11
NT0219,Halal Friendly Postpartum Recovery - 3 Meals,postpartum_parent,halal_friendly,postpartum_recovery,3_meals,"calculate TDEE/BMR then adjust gently; no aggressive deficit for pregnancy, children or medical users","protein, carbohydrates and fats balanced around training/recovery; personalize by body size, goal, activity and medical review",water first; add electrolytes for long heat/sweat sessions where suitable,vegetables; fruit; legumes; whole grains where tolerated; lean proteins or diet-appropriate alternatives; healthy fats; calcium/iron/B12 sources where relevant,ultra-processed foods; excessive added sugar; alcohol; stimulant-heavy drinks; foods blocked by allergy/medical/religious preference,milk;egg;fish;shellfish;tree_nuts;peanuts;wheat;soy;sesame;sulfites,Use body-weight/goal-based protein targets only after profile setup; prioritize whole foods first.,"After hard training, pair carbohydrate + protein + fluids; for vegan/vegetarian, combine legumes/grains/soy/nuts/seeds and check B12/iron/calcium planning.","Pregnancy, baby, child, diabetes, kidney disease, eating disorders, allergies and medication interactions require qualified review. Carnivore/very restrictive diets need extra review for fiber/micronutrients.",Use USDA FoodData Central for nutrient values; use Open Food Facts for packaged barcode data with license/attribution handling.,v0.1-safe-seed-2026-06-11
NT0220,Halal Friendly Postpartum Recovery - 3 Meals 1 Snack,postpartum_parent,halal_friendly,postpartum_recovery,3_meals_1_snack,"calculate TDEE/BMR then adjust gently; no aggressive deficit for pregnancy, children or medical users","protein, carbohydrates and fats balanced around training/recovery; personalize by body size, goal, activity and medical review",water first; add electrolytes for long heat/sweat sessions where suitable,vegetables; fruit; legumes; whole grains where tolerated; lean proteins or diet-appropriate alternatives; healthy fats; calcium/iron/B12 sources where relevant,ultra-processed foods; excessive added sugar; alcohol; stimulant-heavy drinks; foods blocked by allergy/medical/religious preference,milk;egg;fish;shellfish;tree_nuts;peanuts;wheat;soy;sesame;sulfites,Use body-weight/goal-based protein targets only after profile setup; prioritize whole foods first.,"After hard training, pair carbohydrate + protein + fluids; for vegan/vegetarian, combine legumes/grains/soy/nuts/seeds and check B12/iron/calcium planning.","Pregnancy, baby, child, diabetes, kidney disease, eating disorders, allergies and medication interactions require qualified review. Carnivore/very restrictive diets need extra review for fiber/micronutrients.",Use USDA FoodData Central for nutrient values; use Open Food Facts for packaged barcode data with license/attribution handling.,v0.1-safe-seed-2026-06-11
NT0221,Halal Friendly Postpartum Recovery - 3 Meals 2 Snacks,postpartum_parent,halal_friendly,postpartum_recovery,3_meals_2_snacks,"calculate TDEE/BMR then adjust gently; no aggressive deficit for pregnancy, children or medical users","protein, carbohydrates and fats balanced around training/recovery; personalize by body size, goal, activity and medical review",water first; add electrolytes for long heat/sweat sessions where suitable,vegetables; fruit; legumes; whole grains where tolerated; lean proteins or diet-appropriate alternatives; healthy fats; calcium/iron/B12 sources where relevant,ultra-processed foods; excessive added sugar; alcohol; stimulant-heavy drinks; foods blocked by allergy/medical/religious preference,milk;egg;fish;shellfish;tree_nuts;peanuts;wheat;soy;sesame;sulfites,Use body-weight/goal-based protein targets only after profile setup; prioritize whole foods first.,"After hard training, pair carbohydrate + protein + fluids; for vegan/vegetarian, combine legumes/grains/soy/nuts/seeds and check B12/iron/calcium planning.","Pregnancy, baby, child, diabetes, kidney disease, eating disorders, allergies and medication interactions require qualified review. Carnivore/very restrictive diets need extra review for fiber/micronutrients.",Use USDA FoodData Central for nutrient values; use Open Food Facts for packaged barcode data with license/attribution handling.,v0.1-safe-seed-2026-06-11
NT0222,Halal Friendly Postpartum Recovery - Time Restricted 12 Hour Window Adult Only,postpartum_parent,halal_friendly,postpartum_recovery,time_restricted_12_hour_window_adult_only,"calculate TDEE/BMR then adjust gently; no aggressive deficit for pregnancy, children or medical users","protein, carbohydrates and fats balanced around training/recovery; personalize by body size, goal, activity and medical review",water first; add electrolytes for long heat/sweat sessions where suitable,vegetables; fruit; legumes; whole grains where tolerated; lean proteins or diet-appropriate alternatives; healthy fats; calcium/iron/B12 sources where relevant,ultra-processed foods; excessive added sugar; alcohol; stimulant-heavy drinks; foods blocked by allergy/medical/religious preference,milk;egg;fish;shellfish;tree_nuts;peanuts;wheat;soy;sesame;sulfites,Use body-weight/goal-based protein targets only after profile setup; prioritize whole foods first.,"After hard training, pair carbohydrate + protein + fluids; for vegan/vegetarian, combine legumes/grains/soy/nuts/seeds and check B12/iron/calcium planning.","Pregnancy, baby, child, diabetes, kidney disease, eating disorders, allergies and medication interactions require qualified review. Carnivore/very restrictive diets need extra review for fiber/micronutrients.",Use USDA FoodData Central for nutrient values; use Open Food Facts for packaged barcode data with license/attribution handling.,v0.1-safe-seed-2026-06-11
NT0223,Halal Friendly Postpartum Recovery - Shift Worker Flexible,postpartum_parent,halal_friendly,postpartum_recovery,shift_worker_flexible,"calculate TDEE/BMR then adjust gently; no aggressive deficit for pregnancy, children or medical users","protein, carbohydrates and fats balanced around training/recovery; personalize by body size, goal, activity and medical review",water first; add electrolytes for long heat/sweat sessions where suitable,vegetables; fruit; legumes; whole grains where tolerated; lean proteins or diet-appropriate alternatives; healthy fats; calcium/iron/B12 sources where relevant,ultra-processed foods; excessive added sugar; alcohol; stimulant-heavy drinks; foods blocked by allergy/medical/religious preference,milk;egg;fish;shellfish;tree_nuts;peanuts;wheat;soy;sesame;sulfites,Use body-weight/goal-based protein targets only after profile setup; prioritize whole foods first.,"After hard training, pair carbohydrate + protein + fluids; for vegan/vegetarian, combine legumes/grains/soy/nuts/seeds and check B12/iron/calcium planning.","Pregnancy, baby, child, diabetes, kidney disease, eating disorders, allergies and medication interactions require qualified review. Carnivore/very restrictive diets need extra review for fiber/micronutrients.",Use USDA FoodData Central for nutrient values; use Open Food Facts for packaged barcode data with license/attribution handling.,v0.1-safe-seed-2026-06-11
NT0224,Halal Friendly Child Growth - 3 Meals,child_6_12,halal_friendly,child_growth,3_meals,"calculate TDEE/BMR then adjust gently; no aggressive deficit for pregnancy, children or medical users","protein, carbohydrates and fats balanced around training/recovery; personalize by body size, goal, activity and medical review",water first; add electrolytes for long heat/sweat sessions where suitable,vegetables; fruit; legumes; whole grains where tolerated; lean proteins or diet-appropriate alternatives; healthy fats; calcium/iron/B12 sources where relevant,ultra-processed foods; excessive added sugar; alcohol; stimulant-heavy drinks; foods blocked by allergy/medical/religious preference,milk;egg;fish;shellfish;tree_nuts;peanuts;wheat;soy;sesame;sulfites,Prioritize whole-food protein. Children/teens should not be prompted to use protein powders; use caregiver and clinician/dietitian review for special diets.,"After hard training, pair carbohydrate + protein + fluids; for vegan/vegetarian, combine legumes/grains/soy/nuts/seeds and check B12/iron/calcium planning.","Pregnancy, baby, child, diabetes, kidney disease, eating disorders, allergies and medication interactions require qualified review. Carnivore/very restrictive diets need extra review for fiber/micronutrients.",Use USDA FoodData Central for nutrient values; use Open Food Facts for packaged barcode data with license/attribution handling.,v0.1-safe-seed-2026-06-11
NT0225,Halal Friendly Child Growth - 3 Meals 1 Snack,child_6_12,halal_friendly,child_growth,3_meals_1_snack,"calculate TDEE/BMR then adjust gently; no aggressive deficit for pregnancy, children or medical users","protein, carbohydrates and fats balanced around training/recovery; personalize by body size, goal, activity and medical review",water first; add electrolytes for long heat/sweat sessions where suitable,vegetables; fruit; legumes; whole grains where tolerated; lean proteins or diet-appropriate alternatives; healthy fats; calcium/iron/B12 sources where relevant,ultra-processed foods; excessive added sugar; alcohol; stimulant-heavy drinks; foods blocked by allergy/medical/religious preference,milk;egg;fish;shellfish;tree_nuts;peanuts;wheat;soy;sesame;sulfites,Prioritize whole-food protein. Children/teens should not be prompted to use protein powders; use caregiver and clinician/dietitian review for special diets.,"After hard training, pair carbohydrate + protein + fluids; for vegan/vegetarian, combine legumes/grains/soy/nuts/seeds and check B12/iron/calcium planning.","Pregnancy, baby, child, diabetes, kidney disease, eating disorders, allergies and medication interactions require qualified review. Carnivore/very restrictive diets need extra review for fiber/micronutrients.",Use USDA FoodData Central for nutrient values; use Open Food Facts for packaged barcode data with license/attribution handling.,v0.1-safe-seed-2026-06-11
NT0226,Halal Friendly Child Growth - 3 Meals 2 Snacks,child_6_12,halal_friendly,child_growth,3_meals_2_snacks,"calculate TDEE/BMR then adjust gently; no aggressive deficit for pregnancy, children or medical users","protein, carbohydrates and fats balanced around training/recovery; personalize by body size, goal, activity and medical review",water first; add electrolytes for long heat/sweat sessions where suitable,vegetables; fruit; legumes; whole grains where tolerated; lean proteins or diet-appropriate alternatives; healthy fats; calcium/iron/B12 sources where relevant,ultra-processed foods; excessive added sugar; alcohol; stimulant-heavy drinks; foods blocked by allergy/medical/religious preference,milk;egg;fish;shellfish;tree_nuts;peanuts;wheat;soy;sesame;sulfites,Prioritize whole-food protein. Children/teens should not be prompted to use protein powders; use caregiver and clinician/dietitian review for special diets.,"After hard training, pair carbohydrate + protein + fluids; for vegan/vegetarian, combine legumes/grains/soy/nuts/seeds and check B12/iron/calcium planning.","Pregnancy, baby, child, diabetes, kidney disease, eating disorders, allergies and medication interactions require qualified review. Carnivore/very restrictive diets need extra review for fiber/micronutrients.",Use USDA FoodData Central for nutrient values; use Open Food Facts for packaged barcode data with license/attribution handling.,v0.1-safe-seed-2026-06-11
NT0227,Halal Friendly Teen Sport - 3 Meals,teen_13_17,halal_friendly,teen_sport,3_meals,"calculate TDEE/BMR then adjust gently; no aggressive deficit for pregnancy, children or medical users","protein, carbohydrates and fats balanced around training/recovery; personalize by body size, goal, activity and medical review",water first; add electrolytes for long heat/sweat sessions where suitable,vegetables; fruit; legumes; whole grains where tolerated; lean proteins or diet-appropriate alternatives; healthy fats; calcium/iron/B12 sources where relevant,ultra-processed foods; excessive added sugar; alcohol; stimulant-heavy drinks; foods blocked by allergy/medical/religious preference,milk;egg;fish;shellfish;tree_nuts;peanuts;wheat;soy;sesame;sulfites,Prioritize whole-food protein. Children/teens should not be prompted to use protein powders; use caregiver and clinician/dietitian review for special diets.,"After hard training, pair carbohydrate + protein + fluids; for vegan/vegetarian, combine legumes/grains/soy/nuts/seeds and check B12/iron/calcium planning.","Pregnancy, baby, child, diabetes, kidney disease, eating disorders, allergies and medication interactions require qualified review. Carnivore/very restrictive diets need extra review for fiber/micronutrients.",Use USDA FoodData Central for nutrient values; use Open Food Facts for packaged barcode data with license/attribution handling.,v0.1-safe-seed-2026-06-11
NT0228,Halal Friendly Teen Sport - 3 Meals 1 Snack,teen_13_17,halal_friendly,teen_sport,3_meals_1_snack,"calculate TDEE/BMR then adjust gently; no aggressive deficit for pregnancy, children or medical users","protein, carbohydrates and fats balanced around training/recovery; personalize by body size, goal, activity and medical review",water first; add electrolytes for long heat/sweat sessions where suitable,vegetables; fruit; legumes; whole grains where tolerated; lean proteins or diet-appropriate alternatives; healthy fats; calcium/iron/B12 sources where relevant,ultra-processed foods; excessive added sugar; alcohol; stimulant-heavy drinks; foods blocked by allergy/medical/religious preference,milk;egg;fish;shellfish;tree_nuts;peanuts;wheat;soy;sesame;sulfites,Prioritize whole-food protein. Children/teens should not be prompted to use protein powders; use caregiver and clinician/dietitian review for special diets.,"After hard training, pair carbohydrate + protein + fluids; for vegan/vegetarian, combine legumes/grains/soy/nuts/seeds and check B12/iron/calcium planning.","Pregnancy, baby, child, diabetes, kidney disease, eating disorders, allergies and medication interactions require qualified review. Carnivore/very restrictive diets need extra review for fiber/micronutrients.",Use USDA FoodData Central for nutrient values; use Open Food Facts for packaged barcode data with license/attribution handling.,v0.1-safe-seed-2026-06-11
NT0229,Halal Friendly Teen Sport - 3 Meals 2 Snacks,teen_13_17,halal_friendly,teen_sport,3_meals_2_snacks,"calculate TDEE/BMR then adjust gently; no aggressive deficit for pregnancy, children or medical users","protein, carbohydrates and fats balanced around training/recovery; personalize by body size, goal, activity and medical review",water first; add electrolytes for long heat/sweat sessions where suitable,vegetables; fruit; legumes; whole grains where tolerated; lean proteins or diet-appropriate alternatives; healthy fats; calcium/iron/B12 sources where relevant,ultra-processed foods; excessive added sugar; alcohol; stimulant-heavy drinks; foods blocked by allergy/medical/religious preference,milk;egg;fish;shellfish;tree_nuts;peanuts;wheat;soy;sesame;sulfites,Prioritize whole-food protein. Children/teens should not be prompted to use protein powders; use caregiver and clinician/dietitian review for special diets.,"After hard training, pair carbohydrate + protein + fluids; for vegan/vegetarian, combine legumes/grains/soy/nuts/seeds and check B12/iron/calcium planning.","Pregnancy, baby, child, diabetes, kidney disease, eating disorders, allergies and medication interactions require qualified review. Carnivore/very restrictive diets need extra review for fiber/micronutrients.",Use USDA FoodData Central for nutrient values; use Open Food Facts for packaged barcode data with license/attribution handling.,v0.1-safe-seed-2026-06-11
NT0230,Halal Friendly Recovery Day - 3 Meals,general_adult,halal_friendly,recovery_day,3_meals,"calculate TDEE/BMR then adjust gently; no aggressive deficit for pregnancy, children or medical users","protein, carbohydrates and fats balanced around training/recovery; personalize by body size, goal, activity and medical review",water first; add electrolytes for long heat/sweat sessions where suitable,vegetables; fruit; legumes; whole grains where tolerated; lean proteins or diet-appropriate alternatives; healthy fats; calcium/iron/B12 sources where relevant,ultra-processed foods; excessive added sugar; alcohol; stimulant-heavy drinks; foods blocked by allergy/medical/religious preference,milk;egg;fish;shellfish;tree_nuts;peanuts;wheat;soy;sesame;sulfites,Use body-weight/goal-based protein targets only after profile setup; prioritize whole foods first.,"After hard training, pair carbohydrate + protein + fluids; for vegan/vegetarian, combine legumes/grains/soy/nuts/seeds and check B12/iron/calcium planning.","Pregnancy, baby, child, diabetes, kidney disease, eating disorders, allergies and medication interactions require qualified review. Carnivore/very restrictive diets need extra review for fiber/micronutrients.",Use USDA FoodData Central for nutrient values; use Open Food Facts for packaged barcode data with license/attribution handling.,v0.1-safe-seed-2026-06-11
NT0231,Halal Friendly Recovery Day - 3 Meals 1 Snack,general_adult,halal_friendly,recovery_day,3_meals_1_snack,"calculate TDEE/BMR then adjust gently; no aggressive deficit for pregnancy, children or medical users","protein, carbohydrates and fats balanced around training/recovery; personalize by body size, goal, activity and medical review",water first; add electrolytes for long heat/sweat sessions where suitable,vegetables; fruit; legumes; whole grains where tolerated; lean proteins or diet-appropriate alternatives; healthy fats; calcium/iron/B12 sources where relevant,ultra-processed foods; excessive added sugar; alcohol; stimulant-heavy drinks; foods blocked by allergy/medical/religious preference,milk;egg;fish;shellfish;tree_nuts;peanuts;wheat;soy;sesame;sulfites,Use body-weight/goal-based protein targets only after profile setup; prioritize whole foods first.,"After hard training, pair carbohydrate + protein + fluids; for vegan/vegetarian, combine legumes/grains/soy/nuts/seeds and check B12/iron/calcium planning.","Pregnancy, baby, child, diabetes, kidney disease, eating disorders, allergies and medication interactions require qualified review. Carnivore/very restrictive diets need extra review for fiber/micronutrients.",Use USDA FoodData Central for nutrient values; use Open Food Facts for packaged barcode data with license/attribution handling.,v0.1-safe-seed-2026-06-11
NT0232,Halal Friendly Recovery Day - 3 Meals 2 Snacks,general_adult,halal_friendly,recovery_day,3_meals_2_snacks,"calculate TDEE/BMR then adjust gently; no aggressive deficit for pregnancy, children or medical users","protein, carbohydrates and fats balanced around training/recovery; personalize by body size, goal, activity and medical review",water first; add electrolytes for long heat/sweat sessions where suitable,vegetables; fruit; legumes; whole grains where tolerated; lean proteins or diet-appropriate alternatives; healthy fats; calcium/iron/B12 sources where relevant,ultra-processed foods; excessive added sugar; alcohol; stimulant-heavy drinks; foods blocked by allergy/medical/religious preference,milk;egg;fish;shellfish;tree_nuts;peanuts;wheat;soy;sesame;sulfites,Use body-weight/goal-based protein targets only after profile setup; prioritize whole foods first.,"After hard training, pair carbohydrate + protein + fluids; for vegan/vegetarian, combine legumes/grains/soy/nuts/seeds and check B12/iron/calcium planning.","Pregnancy, baby, child, diabetes, kidney disease, eating disorders, allergies and medication interactions require qualified review. Carnivore/very restrictive diets need extra review for fiber/micronutrients.",Use USDA FoodData Central for nutrient values; use Open Food Facts for packaged barcode data with license/attribution handling.,v0.1-safe-seed-2026-06-11
NT0233,Halal Friendly Recovery Day - Time Restricted 12 Hour Window Adult Only,general_adult,halal_friendly,recovery_day,time_restricted_12_hour_window_adult_only,"calculate TDEE/BMR then adjust gently; no aggressive deficit for pregnancy, children or medical users","protein, carbohydrates and fats balanced around training/recovery; personalize by body size, goal, activity and medical review",water first; add electrolytes for long heat/sweat sessions where suitable,vegetables; fruit; legumes; whole grains where tolerated; lean proteins or diet-appropriate alternatives; healthy fats; calcium/iron/B12 sources where relevant,ultra-processed foods; excessive added sugar; alcohol; stimulant-heavy drinks; foods blocked by allergy/medical/religious preference,milk;egg;fish;shellfish;tree_nuts;peanuts;wheat;soy;sesame;sulfites,Use body-weight/goal-based protein targets only after profile setup; prioritize whole foods first.,"After hard training, pair carbohydrate + protein + fluids; for vegan/vegetarian, combine legumes/grains/soy/nuts/seeds and check B12/iron/calcium planning.","Pregnancy, baby, child, diabetes, kidney disease, eating disorders, allergies and medication interactions require qualified review. Carnivore/very restrictive diets need extra review for fiber/micronutrients.",Use USDA FoodData Central for nutrient values; use Open Food Facts for packaged barcode data with license/attribution handling.,v0.1-safe-seed-2026-06-11
NT0234,Halal Friendly Recovery Day - Shift Worker Flexible,general_adult,halal_friendly,recovery_day,shift_worker_flexible,"calculate TDEE/BMR then adjust gently; no aggressive deficit for pregnancy, children or medical users","protein, carbohydrates and fats balanced around training/recovery; personalize by body size, goal, activity and medical review",water first; add electrolytes for long heat/sweat sessions where suitable,vegetables; fruit; legumes; whole grains where tolerated; lean proteins or diet-appropriate alternatives; healthy fats; calcium/iron/B12 sources where relevant,ultra-processed foods; excessive added sugar; alcohol; stimulant-heavy drinks; foods blocked by allergy/medical/religious preference,milk;egg;fish;shellfish;tree_nuts;peanuts;wheat;soy;sesame;sulfites,Use body-weight/goal-based protein targets only after profile setup; prioritize whole foods first.,"After hard training, pair carbohydrate + protein + fluids; for vegan/vegetarian, combine legumes/grains/soy/nuts/seeds and check B12/iron/calcium planning.","Pregnancy, baby, child, diabetes, kidney disease, eating disorders, allergies and medication interactions require qualified review. Carnivore/very restrictive diets need extra review for fiber/micronutrients.",Use USDA FoodData Central for nutrient values; use Open Food Facts for packaged barcode data with license/attribution handling.,v0.1-safe-seed-2026-06-11
NT0235,Low Lactose Weight Loss - 3 Meals,general_adult,low_lactose,weight_loss,3_meals,"calculate TDEE/BMR then adjust gently; no aggressive deficit for pregnancy, children or medical users","protein, carbohydrates and fats balanced around training/recovery; personalize by body size, goal, activity and medical review",water first; add electrolytes for long heat/sweat sessions where suitable,vegetables; fruit; legumes; whole grains where tolerated; lean proteins or diet-appropriate alternatives; healthy fats; calcium/iron/B12 sources where relevant,ultra-processed foods; excessive added sugar; alcohol; stimulant-heavy drinks; foods blocked by allergy/medical/religious preference,milk;egg;fish;shellfish;tree_nuts;peanuts;wheat;soy;sesame;sulfites,Use body-weight/goal-based protein targets only after profile setup; prioritize whole foods first.,"After hard training, pair carbohydrate + protein + fluids; for vegan/vegetarian, combine legumes/grains/soy/nuts/seeds and check B12/iron/calcium planning.","Pregnancy, baby, child, diabetes, kidney disease, eating disorders, allergies and medication interactions require qualified review. Carnivore/very restrictive diets need extra review for fiber/micronutrients.",Use USDA FoodData Central for nutrient values; use Open Food Facts for packaged barcode data with license/attribution handling.,v0.1-safe-seed-2026-06-11
NT0236,Low Lactose Weight Loss - 3 Meals 1 Snack,general_adult,low_lactose,weight_loss,3_meals_1_snack,"calculate TDEE/BMR then adjust gently; no aggressive deficit for pregnancy, children or medical users","protein, carbohydrates and fats balanced around training/recovery; personalize by body size, goal, activity and medical review",water first; add electrolytes for long heat/sweat sessions where suitable,vegetables; fruit; legumes; whole grains where tolerated; lean proteins or diet-appropriate alternatives; healthy fats; calcium/iron/B12 sources where relevant,ultra-processed foods; excessive added sugar; alcohol; stimulant-heavy drinks; foods blocked by allergy/medical/religious preference,milk;egg;fish;shellfish;tree_nuts;peanuts;wheat;soy;sesame;sulfites,Use body-weight/goal-based protein targets only after profile setup; prioritize whole foods first.,"After hard training, pair carbohydrate + protein + fluids; for vegan/vegetarian, combine legumes/grains/soy/nuts/seeds and check B12/iron/calcium planning.","Pregnancy, baby, child, diabetes, kidney disease, eating disorders, allergies and medication interactions require qualified review. Carnivore/very restrictive diets need extra review for fiber/micronutrients.",Use USDA FoodData Central for nutrient values; use Open Food Facts for packaged barcode data with license/attribution handling.,v0.1-safe-seed-2026-06-11
NT0237,Low Lactose Weight Loss - 3 Meals 2 Snacks,general_adult,low_lactose,weight_loss,3_meals_2_snacks,"calculate TDEE/BMR then adjust gently; no aggressive deficit for pregnancy, children or medical users","protein, carbohydrates and fats balanced around training/recovery; personalize by body size, goal, activity and medical review",water first; add electrolytes for long heat/sweat sessions where suitable,vegetables; fruit; legumes; whole grains where tolerated; lean proteins or diet-appropriate alternatives; healthy fats; calcium/iron/B12 sources where relevant,ultra-processed foods; excessive added sugar; alcohol; stimulant-heavy drinks; foods blocked by allergy/medical/religious preference,milk;egg;fish;shellfish;tree_nuts;peanuts;wheat;soy;sesame;sulfites,Use body-weight/goal-based protein targets only after profile setup; prioritize whole foods first.,"After hard training, pair carbohydrate + protein + fluids; for vegan/vegetarian, combine legumes/grains/soy/nuts/seeds and check B12/iron/calcium planning.","Pregnancy, baby, child, diabetes, kidney disease, eating disorders, allergies and medication interactions require qualified review. Carnivore/very restrictive diets need extra review for fiber/micronutrients.",Use USDA FoodData Central for nutrient values; use Open Food Facts for packaged barcode data with license/attribution handling.,v0.1-safe-seed-2026-06-11
NT0238,Low Lactose Weight Loss - Time Restricted 12 Hour Window Adult Only,general_adult,low_lactose,weight_loss,time_restricted_12_hour_window_adult_only,"calculate TDEE/BMR then adjust gently; no aggressive deficit for pregnancy, children or medical users","protein, carbohydrates and fats balanced around training/recovery; personalize by body size, goal, activity and medical review",water first; add electrolytes for long heat/sweat sessions where suitable,vegetables; fruit; legumes; whole grains where tolerated; lean proteins or diet-appropriate alternatives; healthy fats; calcium/iron/B12 sources where relevant,ultra-processed foods; excessive added sugar; alcohol; stimulant-heavy drinks; foods blocked by allergy/medical/religious preference,milk;egg;fish;shellfish;tree_nuts;peanuts;wheat;soy;sesame;sulfites,Use body-weight/goal-based protein targets only after profile setup; prioritize whole foods first.,"After hard training, pair carbohydrate + protein + fluids; for vegan/vegetarian, combine legumes/grains/soy/nuts/seeds and check B12/iron/calcium planning.","Pregnancy, baby, child, diabetes, kidney disease, eating disorders, allergies and medication interactions require qualified review. Carnivore/very restrictive diets need extra review for fiber/micronutrients.",Use USDA FoodData Central for nutrient values; use Open Food Facts for packaged barcode data with license/attribution handling.,v0.1-safe-seed-2026-06-11
NT0239,Low Lactose Weight Loss - Shift Worker Flexible,general_adult,low_lactose,weight_loss,shift_worker_flexible,"calculate TDEE/BMR then adjust gently; no aggressive deficit for pregnancy, children or medical users","protein, carbohydrates and fats balanced around training/recovery; personalize by body size, goal, activity and medical review",water first; add electrolytes for long heat/sweat sessions where suitable,vegetables; fruit; legumes; whole grains where tolerated; lean proteins or diet-appropriate alternatives; healthy fats; calcium/iron/B12 sources where relevant,ultra-processed foods; excessive added sugar; alcohol; stimulant-heavy drinks; foods blocked by allergy/medical/religious preference,milk;egg;fish;shellfish;tree_nuts;peanuts;wheat;soy;sesame;sulfites,Use body-weight/goal-based protein targets only after profile setup; prioritize whole foods first.,"After hard training, pair carbohydrate + protein + fluids; for vegan/vegetarian, combine legumes/grains/soy/nuts/seeds and check B12/iron/calcium planning.","Pregnancy, baby, child, diabetes, kidney disease, eating disorders, allergies and medication interactions require qualified review. Carnivore/very restrictive diets need extra review for fiber/micronutrients.",Use USDA FoodData Central for nutrient values; use Open Food Facts for packaged barcode data with license/attribution handling.,v0.1-safe-seed-2026-06-11
NT0240,Low Lactose Muscle Gain - 3 Meals,general_adult,low_lactose,muscle_gain,3_meals,"calculate TDEE/BMR then adjust gently; no aggressive deficit for pregnancy, children or medical users","protein, carbohydrates and fats balanced around training/recovery; personalize by body size, goal, activity and medical review",water first; add electrolytes for long heat/sweat sessions where suitable,vegetables; fruit; legumes; whole grains where tolerated; lean proteins or diet-appropriate alternatives; healthy fats; calcium/iron/B12 sources where relevant,ultra-processed foods; excessive added sugar; alcohol; stimulant-heavy drinks; foods blocked by allergy/medical/religious preference,milk;egg;fish;shellfish;tree_nuts;peanuts;wheat;soy;sesame;sulfites,Use body-weight/goal-based protein targets only after profile setup; prioritize whole foods first.,"After hard training, pair carbohydrate + protein + fluids; for vegan/vegetarian, combine legumes/grains/soy/nuts/seeds and check B12/iron/calcium planning.","Pregnancy, baby, child, diabetes, kidney disease, eating disorders, allergies and medication interactions require qualified review. Carnivore/very restrictive diets need extra review for fiber/micronutrients.",Use USDA FoodData Central for nutrient values; use Open Food Facts for packaged barcode data with license/attribution handling.,v0.1-safe-seed-2026-06-11
NT0241,Low Lactose Muscle Gain - 3 Meals 1 Snack,general_adult,low_lactose,muscle_gain,3_meals_1_snack,"calculate TDEE/BMR then adjust gently; no aggressive deficit for pregnancy, children or medical users","protein, carbohydrates and fats balanced around training/recovery; personalize by body size, goal, activity and medical review",water first; add electrolytes for long heat/sweat sessions where suitable,vegetables; fruit; legumes; whole grains where tolerated; lean proteins or diet-appropriate alternatives; healthy fats; calcium/iron/B12 sources where relevant,ultra-processed foods; excessive added sugar; alcohol; stimulant-heavy drinks; foods blocked by allergy/medical/religious preference,milk;egg;fish;shellfish;tree_nuts;peanuts;wheat;soy;sesame;sulfites,Use body-weight/goal-based protein targets only after profile setup; prioritize whole foods first.,"After hard training, pair carbohydrate + protein + fluids; for vegan/vegetarian, combine legumes/grains/soy/nuts/seeds and check B12/iron/calcium planning.","Pregnancy, baby, child, diabetes, kidney disease, eating disorders, allergies and medication interactions require qualified review. Carnivore/very restrictive diets need extra review for fiber/micronutrients.",Use USDA FoodData Central for nutrient values; use Open Food Facts for packaged barcode data with license/attribution handling.,v0.1-safe-seed-2026-06-11
NT0242,Low Lactose Muscle Gain - 3 Meals 2 Snacks,general_adult,low_lactose,muscle_gain,3_meals_2_snacks,"calculate TDEE/BMR then adjust gently; no aggressive deficit for pregnancy, children or medical users","protein, carbohydrates and fats balanced around training/recovery; personalize by body size, goal, activity and medical review",water first; add electrolytes for long heat/sweat sessions where suitable,vegetables; fruit; legumes; whole grains where tolerated; lean proteins or diet-appropriate alternatives; healthy fats; calcium/iron/B12 sources where relevant,ultra-processed foods; excessive added sugar; alcohol; stimulant-heavy drinks; foods blocked by allergy/medical/religious preference,milk;egg;fish;shellfish;tree_nuts;peanuts;wheat;soy;sesame;sulfites,Use body-weight/goal-based protein targets only after profile setup; prioritize whole foods first.,"After hard training, pair carbohydrate + protein + fluids; for vegan/vegetarian, combine legumes/grains/soy/nuts/seeds and check B12/iron/calcium planning.","Pregnancy, baby, child, diabetes, kidney disease, eating disorders, allergies and medication interactions require qualified review. Carnivore/very restrictive diets need extra review for fiber/micronutrients.",Use USDA FoodData Central for nutrient values; use Open Food Facts for packaged barcode data with license/attribution handling.,v0.1-safe-seed-2026-06-11
NT0243,Low Lactose Muscle Gain - Time Restricted 12 Hour Window Adult Only,general_adult,low_lactose,muscle_gain,time_restricted_12_hour_window_adult_only,"calculate TDEE/BMR then adjust gently; no aggressive deficit for pregnancy, children or medical users","protein, carbohydrates and fats balanced around training/recovery; personalize by body size, goal, activity and medical review",water first; add electrolytes for long heat/sweat sessions where suitable,vegetables; fruit; legumes; whole grains where tolerated; lean proteins or diet-appropriate alternatives; healthy fats; calcium/iron/B12 sources where relevant,ultra-processed foods; excessive added sugar; alcohol; stimulant-heavy drinks; foods blocked by allergy/medical/religious preference,milk;egg;fish;shellfish;tree_nuts;peanuts;wheat;soy;sesame;sulfites,Use body-weight/goal-based protein targets only after profile setup; prioritize whole foods first.,"After hard training, pair carbohydrate + protein + fluids; for vegan/vegetarian, combine legumes/grains/soy/nuts/seeds and check B12/iron/calcium planning.","Pregnancy, baby, child, diabetes, kidney disease, eating disorders, allergies and medication interactions require qualified review. Carnivore/very restrictive diets need extra review for fiber/micronutrients.",Use USDA FoodData Central for nutrient values; use Open Food Facts for packaged barcode data with license/attribution handling.,v0.1-safe-seed-2026-06-11
NT0244,Low Lactose Muscle Gain - Shift Worker Flexible,general_adult,low_lactose,muscle_gain,shift_worker_flexible,"calculate TDEE/BMR then adjust gently; no aggressive deficit for pregnancy, children or medical users","protein, carbohydrates and fats balanced around training/recovery; personalize by body size, goal, activity and medical review",water first; add electrolytes for long heat/sweat sessions where suitable,vegetables; fruit; legumes; whole grains where tolerated; lean proteins or diet-appropriate alternatives; healthy fats; calcium/iron/B12 sources where relevant,ultra-processed foods; excessive added sugar; alcohol; stimulant-heavy drinks; foods blocked by allergy/medical/religious preference,milk;egg;fish;shellfish;tree_nuts;peanuts;wheat;soy;sesame;sulfites,Use body-weight/goal-based protein targets only after profile setup; prioritize whole foods first.,"After hard training, pair carbohydrate + protein + fluids; for vegan/vegetarian, combine legumes/grains/soy/nuts/seeds and check B12/iron/calcium planning.","Pregnancy, baby, child, diabetes, kidney disease, eating disorders, allergies and medication interactions require qualified review. Carnivore/very restrictive diets need extra review for fiber/micronutrients.",Use USDA FoodData Central for nutrient values; use Open Food Facts for packaged barcode data with license/attribution handling.,v0.1-safe-seed-2026-06-11
NT0245,Low Lactose Maintenance - 3 Meals,general_adult,low_lactose,maintenance,3_meals,"calculate TDEE/BMR then adjust gently; no aggressive deficit for pregnancy, children or medical users","protein, carbohydrates and fats balanced around training/recovery; personalize by body size, goal, activity and medical review",water first; add electrolytes for long heat/sweat sessions where suitable,vegetables; fruit; legumes; whole grains where tolerated; lean proteins or diet-appropriate alternatives; healthy fats; calcium/iron/B12 sources where relevant,ultra-processed foods; excessive added sugar; alcohol; stimulant-heavy drinks; foods blocked by allergy/medical/religious preference,milk;egg;fish;shellfish;tree_nuts;peanuts;wheat;soy;sesame;sulfites,Use body-weight/goal-based protein targets only after profile setup; prioritize whole foods first.,"After hard training, pair carbohydrate + protein + fluids; for vegan/vegetarian, combine legumes/grains/soy/nuts/seeds and check B12/iron/calcium planning.","Pregnancy, baby, child, diabetes, kidney disease, eating disorders, allergies and medication interactions require qualified review. Carnivore/very restrictive diets need extra review for fiber/micronutrients.",Use USDA FoodData Central for nutrient values; use Open Food Facts for packaged barcode data with license/attribution handling.,v0.1-safe-seed-2026-06-11
NT0246,Low Lactose Maintenance - 3 Meals 1 Snack,general_adult,low_lactose,maintenance,3_meals_1_snack,"calculate TDEE/BMR then adjust gently; no aggressive deficit for pregnancy, children or medical users","protein, carbohydrates and fats balanced around training/recovery; personalize by body size, goal, activity and medical review",water first; add electrolytes for long heat/sweat sessions where suitable,vegetables; fruit; legumes; whole grains where tolerated; lean proteins or diet-appropriate alternatives; healthy fats; calcium/iron/B12 sources where relevant,ultra-processed foods; excessive added sugar; alcohol; stimulant-heavy drinks; foods blocked by allergy/medical/religious preference,milk;egg;fish;shellfish;tree_nuts;peanuts;wheat;soy;sesame;sulfites,Use body-weight/goal-based protein targets only after profile setup; prioritize whole foods first.,"After hard training, pair carbohydrate + protein + fluids; for vegan/vegetarian, combine legumes/grains/soy/nuts/seeds and check B12/iron/calcium planning.","Pregnancy, baby, child, diabetes, kidney disease, eating disorders, allergies and medication interactions require qualified review. Carnivore/very restrictive diets need extra review for fiber/micronutrients.",Use USDA FoodData Central for nutrient values; use Open Food Facts for packaged barcode data with license/attribution handling.,v0.1-safe-seed-2026-06-11
NT0247,Low Lactose Maintenance - 3 Meals 2 Snacks,general_adult,low_lactose,maintenance,3_meals_2_snacks,"calculate TDEE/BMR then adjust gently; no aggressive deficit for pregnancy, children or medical users","protein, carbohydrates and fats balanced around training/recovery; personalize by body size, goal, activity and medical review",water first; add electrolytes for long heat/sweat sessions where suitable,vegetables; fruit; legumes; whole grains where tolerated; lean proteins or diet-appropriate alternatives; healthy fats; calcium/iron/B12 sources where relevant,ultra-processed foods; excessive added sugar; alcohol; stimulant-heavy drinks; foods blocked by allergy/medical/religious preference,milk;egg;fish;shellfish;tree_nuts;peanuts;wheat;soy;sesame;sulfites,Use body-weight/goal-based protein targets only after profile setup; prioritize whole foods first.,"After hard training, pair carbohydrate + protein + fluids; for vegan/vegetarian, combine legumes/grains/soy/nuts/seeds and check B12/iron/calcium planning.","Pregnancy, baby, child, diabetes, kidney disease, eating disorders, allergies and medication interactions require qualified review. Carnivore/very restrictive diets need extra review for fiber/micronutrients.",Use USDA FoodData Central for nutrient values; use Open Food Facts for packaged barcode data with license/attribution handling.,v0.1-safe-seed-2026-06-11
NT0248,Low Lactose Maintenance - Time Restricted 12 Hour Window Adult Only,general_adult,low_lactose,maintenance,time_restricted_12_hour_window_adult_only,"calculate TDEE/BMR then adjust gently; no aggressive deficit for pregnancy, children or medical users","protein, carbohydrates and fats balanced around training/recovery; personalize by body size, goal, activity and medical review",water first; add electrolytes for long heat/sweat sessions where suitable,vegetables; fruit; legumes; whole grains where tolerated; lean proteins or diet-appropriate alternatives; healthy fats; calcium/iron/B12 sources where relevant,ultra-processed foods; excessive added sugar; alcohol; stimulant-heavy drinks; foods blocked by allergy/medical/religious preference,milk;egg;fish;shellfish;tree_nuts;peanuts;wheat;soy;sesame;sulfites,Use body-weight/goal-based protein targets only after profile setup; prioritize whole foods first.,"After hard training, pair carbohydrate + protein + fluids; for vegan/vegetarian, combine legumes/grains/soy/nuts/seeds and check B12/iron/calcium planning.","Pregnancy, baby, child, diabetes, kidney disease, eating disorders, allergies and medication interactions require qualified review. Carnivore/very restrictive diets need extra review for fiber/micronutrients.",Use USDA FoodData Central for nutrient values; use Open Food Facts for packaged barcode data with license/attribution handling.,v0.1-safe-seed-2026-06-11
NT0249,Low Lactose Maintenance - Shift Worker Flexible,general_adult,low_lactose,maintenance,shift_worker_flexible,"calculate TDEE/BMR then adjust gently; no aggressive deficit for pregnancy, children or medical users","protein, carbohydrates and fats balanced around training/recovery; personalize by body size, goal, activity and medical review",water first; add electrolytes for long heat/sweat sessions where suitable,vegetables; fruit; legumes; whole grains where tolerated; lean proteins or diet-appropriate alternatives; healthy fats; calcium/iron/B12 sources where relevant,ultra-processed foods; excessive added sugar; alcohol; stimulant-heavy drinks; foods blocked by allergy/medical/religious preference,milk;egg;fish;shellfish;tree_nuts;peanuts;wheat;soy;sesame;sulfites,Use body-weight/goal-based protein targets only after profile setup; prioritize whole foods first.,"After hard training, pair carbohydrate + protein + fluids; for vegan/vegetarian, combine legumes/grains/soy/nuts/seeds and check B12/iron/calcium planning.","Pregnancy, baby, child, diabetes, kidney disease, eating disorders, allergies and medication interactions require qualified review. Carnivore/very restrictive diets need extra review for fiber/micronutrients.",Use USDA FoodData Central for nutrient values; use Open Food Facts for packaged barcode data with license/attribution handling.,v0.1-safe-seed-2026-06-11
NT0250,Low Lactose Endurance - 3 Meals,general_adult,low_lactose,endurance,3_meals,"calculate TDEE/BMR then adjust gently; no aggressive deficit for pregnancy, children or medical users","protein, carbohydrates and fats balanced around training/recovery; personalize by body size, goal, activity and medical review",water first; add electrolytes for long heat/sweat sessions where suitable,vegetables; fruit; legumes; whole grains where tolerated; lean proteins or diet-appropriate alternatives; healthy fats; calcium/iron/B12 sources where relevant,ultra-processed foods; excessive added sugar; alcohol; stimulant-heavy drinks; foods blocked by allergy/medical/religious preference,milk;egg;fish;shellfish;tree_nuts;peanuts;wheat;soy;sesame;sulfites,Use body-weight/goal-based protein targets only after profile setup; prioritize whole foods first.,"After hard training, pair carbohydrate + protein + fluids; for vegan/vegetarian, combine legumes/grains/soy/nuts/seeds and check B12/iron/calcium planning.","Pregnancy, baby, child, diabetes, kidney disease, eating disorders, allergies and medication interactions require qualified review. Carnivore/very restrictive diets need extra review for fiber/micronutrients.",Use USDA FoodData Central for nutrient values; use Open Food Facts for packaged barcode data with license/attribution handling.,v0.1-safe-seed-2026-06-11
NT0251,Low Lactose Endurance - 3 Meals 1 Snack,general_adult,low_lactose,endurance,3_meals_1_snack,"calculate TDEE/BMR then adjust gently; no aggressive deficit for pregnancy, children or medical users","protein, carbohydrates and fats balanced around training/recovery; personalize by body size, goal, activity and medical review",water first; add electrolytes for long heat/sweat sessions where suitable,vegetables; fruit; legumes; whole grains where tolerated; lean proteins or diet-appropriate alternatives; healthy fats; calcium/iron/B12 sources where relevant,ultra-processed foods; excessive added sugar; alcohol; stimulant-heavy drinks; foods blocked by allergy/medical/religious preference,milk;egg;fish;shellfish;tree_nuts;peanuts;wheat;soy;sesame;sulfites,Use body-weight/goal-based protein targets only after profile setup; prioritize whole foods first.,"After hard training, pair carbohydrate + protein + fluids; for vegan/vegetarian, combine legumes/grains/soy/nuts/seeds and check B12/iron/calcium planning.","Pregnancy, baby, child, diabetes, kidney disease, eating disorders, allergies and medication interactions require qualified review. Carnivore/very restrictive diets need extra review for fiber/micronutrients.",Use USDA FoodData Central for nutrient values; use Open Food Facts for packaged barcode data with license/attribution handling.,v0.1-safe-seed-2026-06-11
NT0252,Low Lactose Endurance - 3 Meals 2 Snacks,general_adult,low_lactose,endurance,3_meals_2_snacks,"calculate TDEE/BMR then adjust gently; no aggressive deficit for pregnancy, children or medical users","protein, carbohydrates and fats balanced around training/recovery; personalize by body size, goal, activity and medical review",water first; add electrolytes for long heat/sweat sessions where suitable,vegetables; fruit; legumes; whole grains where tolerated; lean proteins or diet-appropriate alternatives; healthy fats; calcium/iron/B12 sources where relevant,ultra-processed foods; excessive added sugar; alcohol; stimulant-heavy drinks; foods blocked by allergy/medical/religious preference,milk;egg;fish;shellfish;tree_nuts;peanuts;wheat;soy;sesame;sulfites,Use body-weight/goal-based protein targets only after profile setup; prioritize whole foods first.,"After hard training, pair carbohydrate + protein + fluids; for vegan/vegetarian, combine legumes/grains/soy/nuts/seeds and check B12/iron/calcium planning.","Pregnancy, baby, child, diabetes, kidney disease, eating disorders, allergies and medication interactions require qualified review. Carnivore/very restrictive diets need extra review for fiber/micronutrients.",Use USDA FoodData Central for nutrient values; use Open Food Facts for packaged barcode data with license/attribution handling.,v0.1-safe-seed-2026-06-11
NT0253,Low Lactose Endurance - Time Restricted 12 Hour Window Adult Only,general_adult,low_lactose,endurance,time_restricted_12_hour_window_adult_only,"calculate TDEE/BMR then adjust gently; no aggressive deficit for pregnancy, children or medical users","protein, carbohydrates and fats balanced around training/recovery; personalize by body size, goal, activity and medical review",water first; add electrolytes for long heat/sweat sessions where suitable,vegetables; fruit; legumes; whole grains where tolerated; lean proteins or diet-appropriate alternatives; healthy fats; calcium/iron/B12 sources where relevant,ultra-processed foods; excessive added sugar; alcohol; stimulant-heavy drinks; foods blocked by allergy/medical/religious preference,milk;egg;fish;shellfish;tree_nuts;peanuts;wheat;soy;sesame;sulfites,Use body-weight/goal-based protein targets only after profile setup; prioritize whole foods first.,"After hard training, pair carbohydrate + protein + fluids; for vegan/vegetarian, combine legumes/grains/soy/nuts/seeds and check B12/iron/calcium planning.","Pregnancy, baby, child, diabetes, kidney disease, eating disorders, allergies and medication interactions require qualified review. Carnivore/very restrictive diets need extra review for fiber/micronutrients.",Use USDA FoodData Central for nutrient values; use Open Food Facts for packaged barcode data with license/attribution handling.,v0.1-safe-seed-2026-06-11
NT0254,Low Lactose Endurance - Shift Worker Flexible,general_adult,low_lactose,endurance,shift_worker_flexible,"calculate TDEE/BMR then adjust gently; no aggressive deficit for pregnancy, children or medical users","protein, carbohydrates and fats balanced around training/recovery; personalize by body size, goal, activity and medical review",water first; add electrolytes for long heat/sweat sessions where suitable,vegetables; fruit; legumes; whole grains where tolerated; lean proteins or diet-appropriate alternatives; healthy fats; calcium/iron/B12 sources where relevant,ultra-processed foods; excessive added sugar; alcohol; stimulant-heavy drinks; foods blocked by allergy/medical/religious preference,milk;egg;fish;shellfish;tree_nuts;peanuts;wheat;soy;sesame;sulfites,Use body-weight/goal-based protein targets only after profile setup; prioritize whole foods first.,"After hard training, pair carbohydrate + protein + fluids; for vegan/vegetarian, combine legumes/grains/soy/nuts/seeds and check B12/iron/calcium planning.","Pregnancy, baby, child, diabetes, kidney disease, eating disorders, allergies and medication interactions require qualified review. Carnivore/very restrictive diets need extra review for fiber/micronutrients.",Use USDA FoodData Central for nutrient values; use Open Food Facts for packaged barcode data with license/attribution handling.,v0.1-safe-seed-2026-06-11
NT0255,Low Lactose Pregnancy Support - 3 Meals,pregnant_woman,low_lactose,pregnancy_support,3_meals,"calculate TDEE/BMR then adjust gently; no aggressive deficit for pregnancy, children or medical users","protein, carbohydrates and fats balanced around training/recovery; personalize by body size, goal, activity and medical review",water first; add electrolytes for long heat/sweat sessions where suitable,vegetables; fruit; legumes; whole grains where tolerated; lean proteins or diet-appropriate alternatives; healthy fats; calcium/iron/B12 sources where relevant,ultra-processed foods; excessive added sugar; alcohol; stimulant-heavy drinks; foods blocked by allergy/medical/religious preference,milk;egg;fish;shellfish;tree_nuts;peanuts;wheat;soy;sesame;sulfites,Use body-weight/goal-based protein targets only after profile setup; prioritize whole foods first.,"After hard training, pair carbohydrate + protein + fluids; for vegan/vegetarian, combine legumes/grains/soy/nuts/seeds and check B12/iron/calcium planning.","Pregnancy, baby, child, diabetes, kidney disease, eating disorders, allergies and medication interactions require qualified review. Carnivore/very restrictive diets need extra review for fiber/micronutrients.",Use USDA FoodData Central for nutrient values; use Open Food Facts for packaged barcode data with license/attribution handling.,v0.1-safe-seed-2026-06-11
NT0256,Low Lactose Pregnancy Support - 3 Meals 1 Snack,pregnant_woman,low_lactose,pregnancy_support,3_meals_1_snack,"calculate TDEE/BMR then adjust gently; no aggressive deficit for pregnancy, children or medical users","protein, carbohydrates and fats balanced around training/recovery; personalize by body size, goal, activity and medical review",water first; add electrolytes for long heat/sweat sessions where suitable,vegetables; fruit; legumes; whole grains where tolerated; lean proteins or diet-appropriate alternatives; healthy fats; calcium/iron/B12 sources where relevant,ultra-processed foods; excessive added sugar; alcohol; stimulant-heavy drinks; foods blocked by allergy/medical/religious preference,milk;egg;fish;shellfish;tree_nuts;peanuts;wheat;soy;sesame;sulfites,Use body-weight/goal-based protein targets only after profile setup; prioritize whole foods first.,"After hard training, pair carbohydrate + protein + fluids; for vegan/vegetarian, combine legumes/grains/soy/nuts/seeds and check B12/iron/calcium planning.","Pregnancy, baby, child, diabetes, kidney disease, eating disorders, allergies and medication interactions require qualified review. Carnivore/very restrictive diets need extra review for fiber/micronutrients.",Use USDA FoodData Central for nutrient values; use Open Food Facts for packaged barcode data with license/attribution handling.,v0.1-safe-seed-2026-06-11
NT0257,Low Lactose Pregnancy Support - 3 Meals 2 Snacks,pregnant_woman,low_lactose,pregnancy_support,3_meals_2_snacks,"calculate TDEE/BMR then adjust gently; no aggressive deficit for pregnancy, children or medical users","protein, carbohydrates and fats balanced around training/recovery; personalize by body size, goal, activity and medical review",water first; add electrolytes for long heat/sweat sessions where suitable,vegetables; fruit; legumes; whole grains where tolerated; lean proteins or diet-appropriate alternatives; healthy fats; calcium/iron/B12 sources where relevant,ultra-processed foods; excessive added sugar; alcohol; stimulant-heavy drinks; foods blocked by allergy/medical/religious preference,milk;egg;fish;shellfish;tree_nuts;peanuts;wheat;soy;sesame;sulfites,Use body-weight/goal-based protein targets only after profile setup; prioritize whole foods first.,"After hard training, pair carbohydrate + protein + fluids; for vegan/vegetarian, combine legumes/grains/soy/nuts/seeds and check B12/iron/calcium planning.","Pregnancy, baby, child, diabetes, kidney disease, eating disorders, allergies and medication interactions require qualified review. Carnivore/very restrictive diets need extra review for fiber/micronutrients.",Use USDA FoodData Central for nutrient values; use Open Food Facts for packaged barcode data with license/attribution handling.,v0.1-safe-seed-2026-06-11
NT0258,Low Lactose Postpartum Recovery - 3 Meals,postpartum_parent,low_lactose,postpartum_recovery,3_meals,"calculate TDEE/BMR then adjust gently; no aggressive deficit for pregnancy, children or medical users","protein, carbohydrates and fats balanced around training/recovery; personalize by body size, goal, activity and medical review",water first; add electrolytes for long heat/sweat sessions where suitable,vegetables; fruit; legumes; whole grains where tolerated; lean proteins or diet-appropriate alternatives; healthy fats; calcium/iron/B12 sources where relevant,ultra-processed foods; excessive added sugar; alcohol; stimulant-heavy drinks; foods blocked by allergy/medical/religious preference,milk;egg;fish;shellfish;tree_nuts;peanuts;wheat;soy;sesame;sulfites,Use body-weight/goal-based protein targets only after profile setup; prioritize whole foods first.,"After hard training, pair carbohydrate + protein + fluids; for vegan/vegetarian, combine legumes/grains/soy/nuts/seeds and check B12/iron/calcium planning.","Pregnancy, baby, child, diabetes, kidney disease, eating disorders, allergies and medication interactions require qualified review. Carnivore/very restrictive diets need extra review for fiber/micronutrients.",Use USDA FoodData Central for nutrient values; use Open Food Facts for packaged barcode data with license/attribution handling.,v0.1-safe-seed-2026-06-11
NT0259,Low Lactose Postpartum Recovery - 3 Meals 1 Snack,postpartum_parent,low_lactose,postpartum_recovery,3_meals_1_snack,"calculate TDEE/BMR then adjust gently; no aggressive deficit for pregnancy, children or medical users","protein, carbohydrates and fats balanced around training/recovery; personalize by body size, goal, activity and medical review",water first; add electrolytes for long heat/sweat sessions where suitable,vegetables; fruit; legumes; whole grains where tolerated; lean proteins or diet-appropriate alternatives; healthy fats; calcium/iron/B12 sources where relevant,ultra-processed foods; excessive added sugar; alcohol; stimulant-heavy drinks; foods blocked by allergy/medical/religious preference,milk;egg;fish;shellfish;tree_nuts;peanuts;wheat;soy;sesame;sulfites,Use body-weight/goal-based protein targets only after profile setup; prioritize whole foods first.,"After hard training, pair carbohydrate + protein + fluids; for vegan/vegetarian, combine legumes/grains/soy/nuts/seeds and check B12/iron/calcium planning.","Pregnancy, baby, child, diabetes, kidney disease, eating disorders, allergies and medication interactions require qualified review. Carnivore/very restrictive diets need extra review for fiber/micronutrients.",Use USDA FoodData Central for nutrient values; use Open Food Facts for packaged barcode data with license/attribution handling.,v0.1-safe-seed-2026-06-11
NT0260,Low Lactose Postpartum Recovery - 3 Meals 2 Snacks,postpartum_parent,low_lactose,postpartum_recovery,3_meals_2_snacks,"calculate TDEE/BMR then adjust gently; no aggressive deficit for pregnancy, children or medical users","protein, carbohydrates and fats balanced around training/recovery; personalize by body size, goal, activity and medical review",water first; add electrolytes for long heat/sweat sessions where suitable,vegetables; fruit; legumes; whole grains where tolerated; lean proteins or diet-appropriate alternatives; healthy fats; calcium/iron/B12 sources where relevant,ultra-processed foods; excessive added sugar; alcohol; stimulant-heavy drinks; foods blocked by allergy/medical/religious preference,milk;egg;fish;shellfish;tree_nuts;peanuts;wheat;soy;sesame;sulfites,Use body-weight/goal-based protein targets only after profile setup; prioritize whole foods first.,"After hard training, pair carbohydrate + protein + fluids; for vegan/vegetarian, combine legumes/grains/soy/nuts/seeds and check B12/iron/calcium planning.","Pregnancy, baby, child, diabetes, kidney disease, eating disorders, allergies and medication interactions require qualified review. Carnivore/very restrictive diets need extra review for fiber/micronutrients.",Use USDA FoodData Central for nutrient values; use Open Food Facts for packaged barcode data with license/attribution handling.,v0.1-safe-seed-2026-06-11
NT0261,Low Lactose Postpartum Recovery - Time Restricted 12 Hour Window Adult Only,postpartum_parent,low_lactose,postpartum_recovery,time_restricted_12_hour_window_adult_only,"calculate TDEE/BMR then adjust gently; no aggressive deficit for pregnancy, children or medical users","protein, carbohydrates and fats balanced around training/recovery; personalize by body size, goal, activity and medical review",water first; add electrolytes for long heat/sweat sessions where suitable,vegetables; fruit; legumes; whole grains where tolerated; lean proteins or diet-appropriate alternatives; healthy fats; calcium/iron/B12 sources where relevant,ultra-processed foods; excessive added sugar; alcohol; stimulant-heavy drinks; foods blocked by allergy/medical/religious preference,milk;egg;fish;shellfish;tree_nuts;peanuts;wheat;soy;sesame;sulfites,Use body-weight/goal-based protein targets only after profile setup; prioritize whole foods first.,"After hard training, pair carbohydrate + protein + fluids; for vegan/vegetarian, combine legumes/grains/soy/nuts/seeds and check B12/iron/calcium planning.","Pregnancy, baby, child, diabetes, kidney disease, eating disorders, allergies and medication interactions require qualified review. Carnivore/very restrictive diets need extra review for fiber/micronutrients.",Use USDA FoodData Central for nutrient values; use Open Food Facts for packaged barcode data with license/attribution handling.,v0.1-safe-seed-2026-06-11
NT0262,Low Lactose Postpartum Recovery - Shift Worker Flexible,postpartum_parent,low_lactose,postpartum_recovery,shift_worker_flexible,"calculate TDEE/BMR then adjust gently; no aggressive deficit for pregnancy, children or medical users","protein, carbohydrates and fats balanced around training/recovery; personalize by body size, goal, activity and medical review",water first; add electrolytes for long heat/sweat sessions where suitable,vegetables; fruit; legumes; whole grains where tolerated; lean proteins or diet-appropriate alternatives; healthy fats; calcium/iron/B12 sources where relevant,ultra-processed foods; excessive added sugar; alcohol; stimulant-heavy drinks; foods blocked by allergy/medical/religious preference,milk;egg;fish;shellfish;tree_nuts;peanuts;wheat;soy;sesame;sulfites,Use body-weight/goal-based protein targets only after profile setup; prioritize whole foods first.,"After hard training, pair carbohydrate + protein + fluids; for vegan/vegetarian, combine legumes/grains/soy/nuts/seeds and check B12/iron/calcium planning.","Pregnancy, baby, child, diabetes, kidney disease, eating disorders, allergies and medication interactions require qualified review. Carnivore/very restrictive diets need extra review for fiber/micronutrients.",Use USDA FoodData Central for nutrient values; use Open Food Facts for packaged barcode data with license/attribution handling.,v0.1-safe-seed-2026-06-11
NT0263,Low Lactose Child Growth - 3 Meals,child_6_12,low_lactose,child_growth,3_meals,"calculate TDEE/BMR then adjust gently; no aggressive deficit for pregnancy, children or medical users","protein, carbohydrates and fats balanced around training/recovery; personalize by body size, goal, activity and medical review",water first; add electrolytes for long heat/sweat sessions where suitable,vegetables; fruit; legumes; whole grains where tolerated; lean proteins or diet-appropriate alternatives; healthy fats; calcium/iron/B12 sources where relevant,ultra-processed foods; excessive added sugar; alcohol; stimulant-heavy drinks; foods blocked by allergy/medical/religious preference,milk;egg;fish;shellfish;tree_nuts;peanuts;wheat;soy;sesame;sulfites,Prioritize whole-food protein. Children/teens should not be prompted to use protein powders; use caregiver and clinician/dietitian review for special diets.,"After hard training, pair carbohydrate + protein + fluids; for vegan/vegetarian, combine legumes/grains/soy/nuts/seeds and check B12/iron/calcium planning.","Pregnancy, baby, child, diabetes, kidney disease, eating disorders, allergies and medication interactions require qualified review. Carnivore/very restrictive diets need extra review for fiber/micronutrients.",Use USDA FoodData Central for nutrient values; use Open Food Facts for packaged barcode data with license/attribution handling.,v0.1-safe-seed-2026-06-11
NT0264,Low Lactose Child Growth - 3 Meals 1 Snack,child_6_12,low_lactose,child_growth,3_meals_1_snack,"calculate TDEE/BMR then adjust gently; no aggressive deficit for pregnancy, children or medical users","protein, carbohydrates and fats balanced around training/recovery; personalize by body size, goal, activity and medical review",water first; add electrolytes for long heat/sweat sessions where suitable,vegetables; fruit; legumes; whole grains where tolerated; lean proteins or diet-appropriate alternatives; healthy fats; calcium/iron/B12 sources where relevant,ultra-processed foods; excessive added sugar; alcohol; stimulant-heavy drinks; foods blocked by allergy/medical/religious preference,milk;egg;fish;shellfish;tree_nuts;peanuts;wheat;soy;sesame;sulfites,Prioritize whole-food protein. Children/teens should not be prompted to use protein powders; use caregiver and clinician/dietitian review for special diets.,"After hard training, pair carbohydrate + protein + fluids; for vegan/vegetarian, combine legumes/grains/soy/nuts/seeds and check B12/iron/calcium planning.","Pregnancy, baby, child, diabetes, kidney disease, eating disorders, allergies and medication interactions require qualified review. Carnivore/very restrictive diets need extra review for fiber/micronutrients.",Use USDA FoodData Central for nutrient values; use Open Food Facts for packaged barcode data with license/attribution handling.,v0.1-safe-seed-2026-06-11
NT0265,Low Lactose Child Growth - 3 Meals 2 Snacks,child_6_12,low_lactose,child_growth,3_meals_2_snacks,"calculate TDEE/BMR then adjust gently; no aggressive deficit for pregnancy, children or medical users","protein, carbohydrates and fats balanced around training/recovery; personalize by body size, goal, activity and medical review",water first; add electrolytes for long heat/sweat sessions where suitable,vegetables; fruit; legumes; whole grains where tolerated; lean proteins or diet-appropriate alternatives; healthy fats; calcium/iron/B12 sources where relevant,ultra-processed foods; excessive added sugar; alcohol; stimulant-heavy drinks; foods blocked by allergy/medical/religious preference,milk;egg;fish;shellfish;tree_nuts;peanuts;wheat;soy;sesame;sulfites,Prioritize whole-food protein. Children/teens should not be prompted to use protein powders; use caregiver and clinician/dietitian review for special diets.,"After hard training, pair carbohydrate + protein + fluids; for vegan/vegetarian, combine legumes/grains/soy/nuts/seeds and check B12/iron/calcium planning.","Pregnancy, baby, child, diabetes, kidney disease, eating disorders, allergies and medication interactions require qualified review. Carnivore/very restrictive diets need extra review for fiber/micronutrients.",Use USDA FoodData Central for nutrient values; use Open Food Facts for packaged barcode data with license/attribution handling.,v0.1-safe-seed-2026-06-11
NT0266,Low Lactose Teen Sport - 3 Meals,teen_13_17,low_lactose,teen_sport,3_meals,"calculate TDEE/BMR then adjust gently; no aggressive deficit for pregnancy, children or medical users","protein, carbohydrates and fats balanced around training/recovery; personalize by body size, goal, activity and medical review",water first; add electrolytes for long heat/sweat sessions where suitable,vegetables; fruit; legumes; whole grains where tolerated; lean proteins or diet-appropriate alternatives; healthy fats; calcium/iron/B12 sources where relevant,ultra-processed foods; excessive added sugar; alcohol; stimulant-heavy drinks; foods blocked by allergy/medical/religious preference,milk;egg;fish;shellfish;tree_nuts;peanuts;wheat;soy;sesame;sulfites,Prioritize whole-food protein. Children/teens should not be prompted to use protein powders; use caregiver and clinician/dietitian review for special diets.,"After hard training, pair carbohydrate + protein + fluids; for vegan/vegetarian, combine legumes/grains/soy/nuts/seeds and check B12/iron/calcium planning.","Pregnancy, baby, child, diabetes, kidney disease, eating disorders, allergies and medication interactions require qualified review. Carnivore/very restrictive diets need extra review for fiber/micronutrients.",Use USDA FoodData Central for nutrient values; use Open Food Facts for packaged barcode data with license/attribution handling.,v0.1-safe-seed-2026-06-11
NT0267,Low Lactose Teen Sport - 3 Meals 1 Snack,teen_13_17,low_lactose,teen_sport,3_meals_1_snack,"calculate TDEE/BMR then adjust gently; no aggressive deficit for pregnancy, children or medical users","protein, carbohydrates and fats balanced around training/recovery; personalize by body size, goal, activity and medical review",water first; add electrolytes for long heat/sweat sessions where suitable,vegetables; fruit; legumes; whole grains where tolerated; lean proteins or diet-appropriate alternatives; healthy fats; calcium/iron/B12 sources where relevant,ultra-processed foods; excessive added sugar; alcohol; stimulant-heavy drinks; foods blocked by allergy/medical/religious preference,milk;egg;fish;shellfish;tree_nuts;peanuts;wheat;soy;sesame;sulfites,Prioritize whole-food protein. Children/teens should not be prompted to use protein powders; use caregiver and clinician/dietitian review for special diets.,"After hard training, pair carbohydrate + protein + fluids; for vegan/vegetarian, combine legumes/grains/soy/nuts/seeds and check B12/iron/calcium planning.","Pregnancy, baby, child, diabetes, kidney disease, eating disorders, allergies and medication interactions require qualified review. Carnivore/very restrictive diets need extra review for fiber/micronutrients.",Use USDA FoodData Central for nutrient values; use Open Food Facts for packaged barcode data with license/attribution handling.,v0.1-safe-seed-2026-06-11
NT0268,Low Lactose Teen Sport - 3 Meals 2 Snacks,teen_13_17,low_lactose,teen_sport,3_meals_2_snacks,"calculate TDEE/BMR then adjust gently; no aggressive deficit for pregnancy, children or medical users","protein, carbohydrates and fats balanced around training/recovery; personalize by body size, goal, activity and medical review",water first; add electrolytes for long heat/sweat sessions where suitable,vegetables; fruit; legumes; whole grains where tolerated; lean proteins or diet-appropriate alternatives; healthy fats; calcium/iron/B12 sources where relevant,ultra-processed foods; excessive added sugar; alcohol; stimulant-heavy drinks; foods blocked by allergy/medical/religious preference,milk;egg;fish;shellfish;tree_nuts;peanuts;wheat;soy;sesame;sulfites,Prioritize whole-food protein. Children/teens should not be prompted to use protein powders; use caregiver and clinician/dietitian review for special diets.,"After hard training, pair carbohydrate + protein + fluids; for vegan/vegetarian, combine legumes/grains/soy/nuts/seeds and check B12/iron/calcium planning.","Pregnancy, baby, child, diabetes, kidney disease, eating disorders, allergies and medication interactions require qualified review. Carnivore/very restrictive diets need extra review for fiber/micronutrients.",Use USDA FoodData Central for nutrient values; use Open Food Facts for packaged barcode data with license/attribution handling.,v0.1-safe-seed-2026-06-11
NT0269,Low Lactose Recovery Day - 3 Meals,general_adult,low_lactose,recovery_day,3_meals,"calculate TDEE/BMR then adjust gently; no aggressive deficit for pregnancy, children or medical users","protein, carbohydrates and fats balanced around training/recovery; personalize by body size, goal, activity and medical review",water first; add electrolytes for long heat/sweat sessions where suitable,vegetables; fruit; legumes; whole grains where tolerated; lean proteins or diet-appropriate alternatives; healthy fats; calcium/iron/B12 sources where relevant,ultra-processed foods; excessive added sugar; alcohol; stimulant-heavy drinks; foods blocked by allergy/medical/religious preference,milk;egg;fish;shellfish;tree_nuts;peanuts;wheat;soy;sesame;sulfites,Use body-weight/goal-based protein targets only after profile setup; prioritize whole foods first.,"After hard training, pair carbohydrate + protein + fluids; for vegan/vegetarian, combine legumes/grains/soy/nuts/seeds and check B12/iron/calcium planning.","Pregnancy, baby, child, diabetes, kidney disease, eating disorders, allergies and medication interactions require qualified review. Carnivore/very restrictive diets need extra review for fiber/micronutrients.",Use USDA FoodData Central for nutrient values; use Open Food Facts for packaged barcode data with license/attribution handling.,v0.1-safe-seed-2026-06-11
NT0270,Low Lactose Recovery Day - 3 Meals 1 Snack,general_adult,low_lactose,recovery_day,3_meals_1_snack,"calculate TDEE/BMR then adjust gently; no aggressive deficit for pregnancy, children or medical users","protein, carbohydrates and fats balanced around training/recovery; personalize by body size, goal, activity and medical review",water first; add electrolytes for long heat/sweat sessions where suitable,vegetables; fruit; legumes; whole grains where tolerated; lean proteins or diet-appropriate alternatives; healthy fats; calcium/iron/B12 sources where relevant,ultra-processed foods; excessive added sugar; alcohol; stimulant-heavy drinks; foods blocked by allergy/medical/religious preference,milk;egg;fish;shellfish;tree_nuts;peanuts;wheat;soy;sesame;sulfites,Use body-weight/goal-based protein targets only after profile setup; prioritize whole foods first.,"After hard training, pair carbohydrate + protein + fluids; for vegan/vegetarian, combine legumes/grains/soy/nuts/seeds and check B12/iron/calcium planning.","Pregnancy, baby, child, diabetes, kidney disease, eating disorders, allergies and medication interactions require qualified review. Carnivore/very restrictive diets need extra review for fiber/micronutrients.",Use USDA FoodData Central for nutrient values; use Open Food Facts for packaged barcode data with license/attribution handling.,v0.1-safe-seed-2026-06-11
NT0271,Low Lactose Recovery Day - 3 Meals 2 Snacks,general_adult,low_lactose,recovery_day,3_meals_2_snacks,"calculate TDEE/BMR then adjust gently; no aggressive deficit for pregnancy, children or medical users","protein, carbohydrates and fats balanced around training/recovery; personalize by body size, goal, activity and medical review",water first; add electrolytes for long heat/sweat sessions where suitable,vegetables; fruit; legumes; whole grains where tolerated; lean proteins or diet-appropriate alternatives; healthy fats; calcium/iron/B12 sources where relevant,ultra-processed foods; excessive added sugar; alcohol; stimulant-heavy drinks; foods blocked by allergy/medical/religious preference,milk;egg;fish;shellfish;tree_nuts;peanuts;wheat;soy;sesame;sulfites,Use body-weight/goal-based protein targets only after profile setup; prioritize whole foods first.,"After hard training, pair carbohydrate + protein + fluids; for vegan/vegetarian, combine legumes/grains/soy/nuts/seeds and check B12/iron/calcium planning.","Pregnancy, baby, child, diabetes, kidney disease, eating disorders, allergies and medication interactions require qualified review. Carnivore/very restrictive diets need extra review for fiber/micronutrients.",Use USDA FoodData Central for nutrient values; use Open Food Facts for packaged barcode data with license/attribution handling.,v0.1-safe-seed-2026-06-11
NT0272,Low Lactose Recovery Day - Time Restricted 12 Hour Window Adult Only,general_adult,low_lactose,recovery_day,time_restricted_12_hour_window_adult_only,"calculate TDEE/BMR then adjust gently; no aggressive deficit for pregnancy, children or medical users","protein, carbohydrates and fats balanced around training/recovery; personalize by body size, goal, activity and medical review",water first; add electrolytes for long heat/sweat sessions where suitable,vegetables; fruit; legumes; whole grains where tolerated; lean proteins or diet-appropriate alternatives; healthy fats; calcium/iron/B12 sources where relevant,ultra-processed foods; excessive added sugar; alcohol; stimulant-heavy drinks; foods blocked by allergy/medical/religious preference,milk;egg;fish;shellfish;tree_nuts;peanuts;wheat;soy;sesame;sulfites,Use body-weight/goal-based protein targets only after profile setup; prioritize whole foods first.,"After hard training, pair carbohydrate + protein + fluids; for vegan/vegetarian, combine legumes/grains/soy/nuts/seeds and check B12/iron/calcium planning.","Pregnancy, baby, child, diabetes, kidney disease, eating disorders, allergies and medication interactions require qualified review. Carnivore/very restrictive diets need extra review for fiber/micronutrients.",Use USDA FoodData Central for nutrient values; use Open Food Facts for packaged barcode data with license/attribution handling.,v0.1-safe-seed-2026-06-11
NT0273,Low Lactose Recovery Day - Shift Worker Flexible,general_adult,low_lactose,recovery_day,shift_worker_flexible,"calculate TDEE/BMR then adjust gently; no aggressive deficit for pregnancy, children or medical users","protein, carbohydrates and fats balanced around training/recovery; personalize by body size, goal, activity and medical review",water first; add electrolytes for long heat/sweat sessions where suitable,vegetables; fruit; legumes; whole grains where tolerated; lean proteins or diet-appropriate alternatives; healthy fats; calcium/iron/B12 sources where relevant,ultra-processed foods; excessive added sugar; alcohol; stimulant-heavy drinks; foods blocked by allergy/medical/religious preference,milk;egg;fish;shellfish;tree_nuts;peanuts;wheat;soy;sesame;sulfites,Use body-weight/goal-based protein targets only after profile setup; prioritize whole foods first.,"After hard training, pair carbohydrate + protein + fluids; for vegan/vegetarian, combine legumes/grains/soy/nuts/seeds and check B12/iron/calcium planning.","Pregnancy, baby, child, diabetes, kidney disease, eating disorders, allergies and medication interactions require qualified review. Carnivore/very restrictive diets need extra review for fiber/micronutrients.",Use USDA FoodData Central for nutrient values; use Open Food Facts for packaged barcode data with license/attribution handling.,v0.1-safe-seed-2026-06-11
NT0274,Gluten Free Possible Weight Loss - 3 Meals,general_adult,gluten_free_possible,weight_loss,3_meals,"calculate TDEE/BMR then adjust gently; no aggressive deficit for pregnancy, children or medical users","protein, carbohydrates and fats balanced around training/recovery; personalize by body size, goal, activity and medical review",water first; add electrolytes for long heat/sweat sessions where suitable,vegetables; fruit; legumes; whole grains where tolerated; lean proteins or diet-appropriate alternatives; healthy fats; calcium/iron/B12 sources where relevant,ultra-processed foods; excessive added sugar; alcohol; stimulant-heavy drinks; foods blocked by allergy/medical/religious preference,milk;egg;fish;shellfish;tree_nuts;peanuts;wheat;soy;sesame;sulfites,Use body-weight/goal-based protein targets only after profile setup; prioritize whole foods first.,"After hard training, pair carbohydrate + protein + fluids; for vegan/vegetarian, combine legumes/grains/soy/nuts/seeds and check B12/iron/calcium planning.","Pregnancy, baby, child, diabetes, kidney disease, eating disorders, allergies and medication interactions require qualified review. Carnivore/very restrictive diets need extra review for fiber/micronutrients.",Use USDA FoodData Central for nutrient values; use Open Food Facts for packaged barcode data with license/attribution handling.,v0.1-safe-seed-2026-06-11
NT0275,Gluten Free Possible Weight Loss - 3 Meals 1 Snack,general_adult,gluten_free_possible,weight_loss,3_meals_1_snack,"calculate TDEE/BMR then adjust gently; no aggressive deficit for pregnancy, children or medical users","protein, carbohydrates and fats balanced around training/recovery; personalize by body size, goal, activity and medical review",water first; add electrolytes for long heat/sweat sessions where suitable,vegetables; fruit; legumes; whole grains where tolerated; lean proteins or diet-appropriate alternatives; healthy fats; calcium/iron/B12 sources where relevant,ultra-processed foods; excessive added sugar; alcohol; stimulant-heavy drinks; foods blocked by allergy/medical/religious preference,milk;egg;fish;shellfish;tree_nuts;peanuts;wheat;soy;sesame;sulfites,Use body-weight/goal-based protein targets only after profile setup; prioritize whole foods first.,"After hard training, pair carbohydrate + protein + fluids; for vegan/vegetarian, combine legumes/grains/soy/nuts/seeds and check B12/iron/calcium planning.","Pregnancy, baby, child, diabetes, kidney disease, eating disorders, allergies and medication interactions require qualified review. Carnivore/very restrictive diets need extra review for fiber/micronutrients.",Use USDA FoodData Central for nutrient values; use Open Food Facts for packaged barcode data with license/attribution handling.,v0.1-safe-seed-2026-06-11
NT0276,Gluten Free Possible Weight Loss - 3 Meals 2 Snacks,general_adult,gluten_free_possible,weight_loss,3_meals_2_snacks,"calculate TDEE/BMR then adjust gently; no aggressive deficit for pregnancy, children or medical users","protein, carbohydrates and fats balanced around training/recovery; personalize by body size, goal, activity and medical review",water first; add electrolytes for long heat/sweat sessions where suitable,vegetables; fruit; legumes; whole grains where tolerated; lean proteins or diet-appropriate alternatives; healthy fats; calcium/iron/B12 sources where relevant,ultra-processed foods; excessive added sugar; alcohol; stimulant-heavy drinks; foods blocked by allergy/medical/religious preference,milk;egg;fish;shellfish;tree_nuts;peanuts;wheat;soy;sesame;sulfites,Use body-weight/goal-based protein targets only after profile setup; prioritize whole foods first.,"After hard training, pair carbohydrate + protein + fluids; for vegan/vegetarian, combine legumes/grains/soy/nuts/seeds and check B12/iron/calcium planning.","Pregnancy, baby, child, diabetes, kidney disease, eating disorders, allergies and medication interactions require qualified review. Carnivore/very restrictive diets need extra review for fiber/micronutrients.",Use USDA FoodData Central for nutrient values; use Open Food Facts for packaged barcode data with license/attribution handling.,v0.1-safe-seed-2026-06-11
NT0277,Gluten Free Possible Weight Loss - Time Restricted 12 Hour Window Adult Only,general_adult,gluten_free_possible,weight_loss,time_restricted_12_hour_window_adult_only,"calculate TDEE/BMR then adjust gently; no aggressive deficit for pregnancy, children or medical users","protein, carbohydrates and fats balanced around training/recovery; personalize by body size, goal, activity and medical review",water first; add electrolytes for long heat/sweat sessions where suitable,vegetables; fruit; legumes; whole grains where tolerated; lean proteins or diet-appropriate alternatives; healthy fats; calcium/iron/B12 sources where relevant,ultra-processed foods; excessive added sugar; alcohol; stimulant-heavy drinks; foods blocked by allergy/medical/religious preference,milk;egg;fish;shellfish;tree_nuts;peanuts;wheat;soy;sesame;sulfites,Use body-weight/goal-based protein targets only after profile setup; prioritize whole foods first.,"After hard training, pair carbohydrate + protein + fluids; for vegan/vegetarian, combine legumes/grains/soy/nuts/seeds and check B12/iron/calcium planning.","Pregnancy, baby, child, diabetes, kidney disease, eating disorders, allergies and medication interactions require qualified review. Carnivore/very restrictive diets need extra review for fiber/micronutrients.",Use USDA FoodData Central for nutrient values; use Open Food Facts for packaged barcode data with license/attribution handling.,v0.1-safe-seed-2026-06-11
NT0278,Gluten Free Possible Weight Loss - Shift Worker Flexible,general_adult,gluten_free_possible,weight_loss,shift_worker_flexible,"calculate TDEE/BMR then adjust gently; no aggressive deficit for pregnancy, children or medical users","protein, carbohydrates and fats balanced around training/recovery; personalize by body size, goal, activity and medical review",water first; add electrolytes for long heat/sweat sessions where suitable,vegetables; fruit; legumes; whole grains where tolerated; lean proteins or diet-appropriate alternatives; healthy fats; calcium/iron/B12 sources where relevant,ultra-processed foods; excessive added sugar; alcohol; stimulant-heavy drinks; foods blocked by allergy/medical/religious preference,milk;egg;fish;shellfish;tree_nuts;peanuts;wheat;soy;sesame;sulfites,Use body-weight/goal-based protein targets only after profile setup; prioritize whole foods first.,"After hard training, pair carbohydrate + protein + fluids; for vegan/vegetarian, combine legumes/grains/soy/nuts/seeds and check B12/iron/calcium planning.","Pregnancy, baby, child, diabetes, kidney disease, eating disorders, allergies and medication interactions require qualified review. Carnivore/very restrictive diets need extra review for fiber/micronutrients.",Use USDA FoodData Central for nutrient values; use Open Food Facts for packaged barcode data with license/attribution handling.,v0.1-safe-seed-2026-06-11
NT0279,Gluten Free Possible Muscle Gain - 3 Meals,general_adult,gluten_free_possible,muscle_gain,3_meals,"calculate TDEE/BMR then adjust gently; no aggressive deficit for pregnancy, children or medical users","protein, carbohydrates and fats balanced around training/recovery; personalize by body size, goal, activity and medical review",water first; add electrolytes for long heat/sweat sessions where suitable,vegetables; fruit; legumes; whole grains where tolerated; lean proteins or diet-appropriate alternatives; healthy fats; calcium/iron/B12 sources where relevant,ultra-processed foods; excessive added sugar; alcohol; stimulant-heavy drinks; foods blocked by allergy/medical/religious preference,milk;egg;fish;shellfish;tree_nuts;peanuts;wheat;soy;sesame;sulfites,Use body-weight/goal-based protein targets only after profile setup; prioritize whole foods first.,"After hard training, pair carbohydrate + protein + fluids; for vegan/vegetarian, combine legumes/grains/soy/nuts/seeds and check B12/iron/calcium planning.","Pregnancy, baby, child, diabetes, kidney disease, eating disorders, allergies and medication interactions require qualified review. Carnivore/very restrictive diets need extra review for fiber/micronutrients.",Use USDA FoodData Central for nutrient values; use Open Food Facts for packaged barcode data with license/attribution handling.,v0.1-safe-seed-2026-06-11
NT0280,Gluten Free Possible Muscle Gain - 3 Meals 1 Snack,general_adult,gluten_free_possible,muscle_gain,3_meals_1_snack,"calculate TDEE/BMR then adjust gently; no aggressive deficit for pregnancy, children or medical users","protein, carbohydrates and fats balanced around training/recovery; personalize by body size, goal, activity and medical review",water first; add electrolytes for long heat/sweat sessions where suitable,vegetables; fruit; legumes; whole grains where tolerated; lean proteins or diet-appropriate alternatives; healthy fats; calcium/iron/B12 sources where relevant,ultra-processed foods; excessive added sugar; alcohol; stimulant-heavy drinks; foods blocked by allergy/medical/religious preference,milk;egg;fish;shellfish;tree_nuts;peanuts;wheat;soy;sesame;sulfites,Use body-weight/goal-based protein targets only after profile setup; prioritize whole foods first.,"After hard training, pair carbohydrate + protein + fluids; for vegan/vegetarian, combine legumes/grains/soy/nuts/seeds and check B12/iron/calcium planning.","Pregnancy, baby, child, diabetes, kidney disease, eating disorders, allergies and medication interactions require qualified review. Carnivore/very restrictive diets need extra review for fiber/micronutrients.",Use USDA FoodData Central for nutrient values; use Open Food Facts for packaged barcode data with license/attribution handling.,v0.1-safe-seed-2026-06-11
NT0281,Gluten Free Possible Muscle Gain - 3 Meals 2 Snacks,general_adult,gluten_free_possible,muscle_gain,3_meals_2_snacks,"calculate TDEE/BMR then adjust gently; no aggressive deficit for pregnancy, children or medical users","protein, carbohydrates and fats balanced around training/recovery; personalize by body size, goal, activity and medical review",water first; add electrolytes for long heat/sweat sessions where suitable,vegetables; fruit; legumes; whole grains where tolerated; lean proteins or diet-appropriate alternatives; healthy fats; calcium/iron/B12 sources where relevant,ultra-processed foods; excessive added sugar; alcohol; stimulant-heavy drinks; foods blocked by allergy/medical/religious preference,milk;egg;fish;shellfish;tree_nuts;peanuts;wheat;soy;sesame;sulfites,Use body-weight/goal-based protein targets only after profile setup; prioritize whole foods first.,"After hard training, pair carbohydrate + protein + fluids; for vegan/vegetarian, combine legumes/grains/soy/nuts/seeds and check B12/iron/calcium planning.","Pregnancy, baby, child, diabetes, kidney disease, eating disorders, allergies and medication interactions require qualified review. Carnivore/very restrictive diets need extra review for fiber/micronutrients.",Use USDA FoodData Central for nutrient values; use Open Food Facts for packaged barcode data with license/attribution handling.,v0.1-safe-seed-2026-06-11
NT0282,Gluten Free Possible Muscle Gain - Time Restricted 12 Hour Window Adult Only,general_adult,gluten_free_possible,muscle_gain,time_restricted_12_hour_window_adult_only,"calculate TDEE/BMR then adjust gently; no aggressive deficit for pregnancy, children or medical users","protein, carbohydrates and fats balanced around training/recovery; personalize by body size, goal, activity and medical review",water first; add electrolytes for long heat/sweat sessions where suitable,vegetables; fruit; legumes; whole grains where tolerated; lean proteins or diet-appropriate alternatives; healthy fats; calcium/iron/B12 sources where relevant,ultra-processed foods; excessive added sugar; alcohol; stimulant-heavy drinks; foods blocked by allergy/medical/religious preference,milk;egg;fish;shellfish;tree_nuts;peanuts;wheat;soy;sesame;sulfites,Use body-weight/goal-based protein targets only after profile setup; prioritize whole foods first.,"After hard training, pair carbohydrate + protein + fluids; for vegan/vegetarian, combine legumes/grains/soy/nuts/seeds and check B12/iron/calcium planning.","Pregnancy, baby, child, diabetes, kidney disease, eating disorders, allergies and medication interactions require qualified review. Carnivore/very restrictive diets need extra review for fiber/micronutrients.",Use USDA FoodData Central for nutrient values; use Open Food Facts for packaged barcode data with license/attribution handling.,v0.1-safe-seed-2026-06-11
NT0283,Gluten Free Possible Muscle Gain - Shift Worker Flexible,general_adult,gluten_free_possible,muscle_gain,shift_worker_flexible,"calculate TDEE/BMR then adjust gently; no aggressive deficit for pregnancy, children or medical users","protein, carbohydrates and fats balanced around training/recovery; personalize by body size, goal, activity and medical review",water first; add electrolytes for long heat/sweat sessions where suitable,vegetables; fruit; legumes; whole grains where tolerated; lean proteins or diet-appropriate alternatives; healthy fats; calcium/iron/B12 sources where relevant,ultra-processed foods; excessive added sugar; alcohol; stimulant-heavy drinks; foods blocked by allergy/medical/religious preference,milk;egg;fish;shellfish;tree_nuts;peanuts;wheat;soy;sesame;sulfites,Use body-weight/goal-based protein targets only after profile setup; prioritize whole foods first.,"After hard training, pair carbohydrate + protein + fluids; for vegan/vegetarian, combine legumes/grains/soy/nuts/seeds and check B12/iron/calcium planning.","Pregnancy, baby, child, diabetes, kidney disease, eating disorders, allergies and medication interactions require qualified review. Carnivore/very restrictive diets need extra review for fiber/micronutrients.",Use USDA FoodData Central for nutrient values; use Open Food Facts for packaged barcode data with license/attribution handling.,v0.1-safe-seed-2026-06-11
NT0284,Gluten Free Possible Maintenance - 3 Meals,general_adult,gluten_free_possible,maintenance,3_meals,"calculate TDEE/BMR then adjust gently; no aggressive deficit for pregnancy, children or medical users","protein, carbohydrates and fats balanced around training/recovery; personalize by body size, goal, activity and medical review",water first; add electrolytes for long heat/sweat sessions where suitable,vegetables; fruit; legumes; whole grains where tolerated; lean proteins or diet-appropriate alternatives; healthy fats; calcium/iron/B12 sources where relevant,ultra-processed foods; excessive added sugar; alcohol; stimulant-heavy drinks; foods blocked by allergy/medical/religious preference,milk;egg;fish;shellfish;tree_nuts;peanuts;wheat;soy;sesame;sulfites,Use body-weight/goal-based protein targets only after profile setup; prioritize whole foods first.,"After hard training, pair carbohydrate + protein + fluids; for vegan/vegetarian, combine legumes/grains/soy/nuts/seeds and check B12/iron/calcium planning.","Pregnancy, baby, child, diabetes, kidney disease, eating disorders, allergies and medication interactions require qualified review. Carnivore/very restrictive diets need extra review for fiber/micronutrients.",Use USDA FoodData Central for nutrient values; use Open Food Facts for packaged barcode data with license/attribution handling.,v0.1-safe-seed-2026-06-11
NT0285,Gluten Free Possible Maintenance - 3 Meals 1 Snack,general_adult,gluten_free_possible,maintenance,3_meals_1_snack,"calculate TDEE/BMR then adjust gently; no aggressive deficit for pregnancy, children or medical users","protein, carbohydrates and fats balanced around training/recovery; personalize by body size, goal, activity and medical review",water first; add electrolytes for long heat/sweat sessions where suitable,vegetables; fruit; legumes; whole grains where tolerated; lean proteins or diet-appropriate alternatives; healthy fats; calcium/iron/B12 sources where relevant,ultra-processed foods; excessive added sugar; alcohol; stimulant-heavy drinks; foods blocked by allergy/medical/religious preference,milk;egg;fish;shellfish;tree_nuts;peanuts;wheat;soy;sesame;sulfites,Use body-weight/goal-based protein targets only after profile setup; prioritize whole foods first.,"After hard training, pair carbohydrate + protein + fluids; for vegan/vegetarian, combine legumes/grains/soy/nuts/seeds and check B12/iron/calcium planning.","Pregnancy, baby, child, diabetes, kidney disease, eating disorders, allergies and medication interactions require qualified review. Carnivore/very restrictive diets need extra review for fiber/micronutrients.",Use USDA FoodData Central for nutrient values; use Open Food Facts for packaged barcode data with license/attribution handling.,v0.1-safe-seed-2026-06-11
NT0286,Gluten Free Possible Maintenance - 3 Meals 2 Snacks,general_adult,gluten_free_possible,maintenance,3_meals_2_snacks,"calculate TDEE/BMR then adjust gently; no aggressive deficit for pregnancy, children or medical users","protein, carbohydrates and fats balanced around training/recovery; personalize by body size, goal, activity and medical review",water first; add electrolytes for long heat/sweat sessions where suitable,vegetables; fruit; legumes; whole grains where tolerated; lean proteins or diet-appropriate alternatives; healthy fats; calcium/iron/B12 sources where relevant,ultra-processed foods; excessive added sugar; alcohol; stimulant-heavy drinks; foods blocked by allergy/medical/religious preference,milk;egg;fish;shellfish;tree_nuts;peanuts;wheat;soy;sesame;sulfites,Use body-weight/goal-based protein targets only after profile setup; prioritize whole foods first.,"After hard training, pair carbohydrate + protein + fluids; for vegan/vegetarian, combine legumes/grains/soy/nuts/seeds and check B12/iron/calcium planning.","Pregnancy, baby, child, diabetes, kidney disease, eating disorders, allergies and medication interactions require qualified review. Carnivore/very restrictive diets need extra review for fiber/micronutrients.",Use USDA FoodData Central for nutrient values; use Open Food Facts for packaged barcode data with license/attribution handling.,v0.1-safe-seed-2026-06-11
NT0287,Gluten Free Possible Maintenance - Time Restricted 12 Hour Window Adult Only,general_adult,gluten_free_possible,maintenance,time_restricted_12_hour_window_adult_only,"calculate TDEE/BMR then adjust gently; no aggressive deficit for pregnancy, children or medical users","protein, carbohydrates and fats balanced around training/recovery; personalize by body size, goal, activity and medical review",water first; add electrolytes for long heat/sweat sessions where suitable,vegetables; fruit; legumes; whole grains where tolerated; lean proteins or diet-appropriate alternatives; healthy fats; calcium/iron/B12 sources where relevant,ultra-processed foods; excessive added sugar; alcohol; stimulant-heavy drinks; foods blocked by allergy/medical/religious preference,milk;egg;fish;shellfish;tree_nuts;peanuts;wheat;soy;sesame;sulfites,Use body-weight/goal-based protein targets only after profile setup; prioritize whole foods first.,"After hard training, pair carbohydrate + protein + fluids; for vegan/vegetarian, combine legumes/grains/soy/nuts/seeds and check B12/iron/calcium planning.","Pregnancy, baby, child, diabetes, kidney disease, eating disorders, allergies and medication interactions require qualified review. Carnivore/very restrictive diets need extra review for fiber/micronutrients.",Use USDA FoodData Central for nutrient values; use Open Food Facts for packaged barcode data with license/attribution handling.,v0.1-safe-seed-2026-06-11
NT0288,Gluten Free Possible Maintenance - Shift Worker Flexible,general_adult,gluten_free_possible,maintenance,shift_worker_flexible,"calculate TDEE/BMR then adjust gently; no aggressive deficit for pregnancy, children or medical users","protein, carbohydrates and fats balanced around training/recovery; personalize by body size, goal, activity and medical review",water first; add electrolytes for long heat/sweat sessions where suitable,vegetables; fruit; legumes; whole grains where tolerated; lean proteins or diet-appropriate alternatives; healthy fats; calcium/iron/B12 sources where relevant,ultra-processed foods; excessive added sugar; alcohol; stimulant-heavy drinks; foods blocked by allergy/medical/religious preference,milk;egg;fish;shellfish;tree_nuts;peanuts;wheat;soy;sesame;sulfites,Use body-weight/goal-based protein targets only after profile setup; prioritize whole foods first.,"After hard training, pair carbohydrate + protein + fluids; for vegan/vegetarian, combine legumes/grains/soy/nuts/seeds and check B12/iron/calcium planning.","Pregnancy, baby, child, diabetes, kidney disease, eating disorders, allergies and medication interactions require qualified review. Carnivore/very restrictive diets need extra review for fiber/micronutrients.",Use USDA FoodData Central for nutrient values; use Open Food Facts for packaged barcode data with license/attribution handling.,v0.1-safe-seed-2026-06-11
NT0289,Gluten Free Possible Endurance - 3 Meals,general_adult,gluten_free_possible,endurance,3_meals,"calculate TDEE/BMR then adjust gently; no aggressive deficit for pregnancy, children or medical users","protein, carbohydrates and fats balanced around training/recovery; personalize by body size, goal, activity and medical review",water first; add electrolytes for long heat/sweat sessions where suitable,vegetables; fruit; legumes; whole grains where tolerated; lean proteins or diet-appropriate alternatives; healthy fats; calcium/iron/B12 sources where relevant,ultra-processed foods; excessive added sugar; alcohol; stimulant-heavy drinks; foods blocked by allergy/medical/religious preference,milk;egg;fish;shellfish;tree_nuts;peanuts;wheat;soy;sesame;sulfites,Use body-weight/goal-based protein targets only after profile setup; prioritize whole foods first.,"After hard training, pair carbohydrate + protein + fluids; for vegan/vegetarian, combine legumes/grains/soy/nuts/seeds and check B12/iron/calcium planning.","Pregnancy, baby, child, diabetes, kidney disease, eating disorders, allergies and medication interactions require qualified review. Carnivore/very restrictive diets need extra review for fiber/micronutrients.",Use USDA FoodData Central for nutrient values; use Open Food Facts for packaged barcode data with license/attribution handling.,v0.1-safe-seed-2026-06-11
NT0290,Gluten Free Possible Endurance - 3 Meals 1 Snack,general_adult,gluten_free_possible,endurance,3_meals_1_snack,"calculate TDEE/BMR then adjust gently; no aggressive deficit for pregnancy, children or medical users","protein, carbohydrates and fats balanced around training/recovery; personalize by body size, goal, activity and medical review",water first; add electrolytes for long heat/sweat sessions where suitable,vegetables; fruit; legumes; whole grains where tolerated; lean proteins or diet-appropriate alternatives; healthy fats; calcium/iron/B12 sources where relevant,ultra-processed foods; excessive added sugar; alcohol; stimulant-heavy drinks; foods blocked by allergy/medical/religious preference,milk;egg;fish;shellfish;tree_nuts;peanuts;wheat;soy;sesame;sulfites,Use body-weight/goal-based protein targets only after profile setup; prioritize whole foods first.,"After hard training, pair carbohydrate + protein + fluids; for vegan/vegetarian, combine legumes/grains/soy/nuts/seeds and check B12/iron/calcium planning.","Pregnancy, baby, child, diabetes, kidney disease, eating disorders, allergies and medication interactions require qualified review. Carnivore/very restrictive diets need extra review for fiber/micronutrients.",Use USDA FoodData Central for nutrient values; use Open Food Facts for packaged barcode data with license/attribution handling.,v0.1-safe-seed-2026-06-11
NT0291,Gluten Free Possible Endurance - 3 Meals 2 Snacks,general_adult,gluten_free_possible,endurance,3_meals_2_snacks,"calculate TDEE/BMR then adjust gently; no aggressive deficit for pregnancy, children or medical users","protein, carbohydrates and fats balanced around training/recovery; personalize by body size, goal, activity and medical review",water first; add electrolytes for long heat/sweat sessions where suitable,vegetables; fruit; legumes; whole grains where tolerated; lean proteins or diet-appropriate alternatives; healthy fats; calcium/iron/B12 sources where relevant,ultra-processed foods; excessive added sugar; alcohol; stimulant-heavy drinks; foods blocked by allergy/medical/religious preference,milk;egg;fish;shellfish;tree_nuts;peanuts;wheat;soy;sesame;sulfites,Use body-weight/goal-based protein targets only after profile setup; prioritize whole foods first.,"After hard training, pair carbohydrate + protein + fluids; for vegan/vegetarian, combine legumes/grains/soy/nuts/seeds and check B12/iron/calcium planning.","Pregnancy, baby, child, diabetes, kidney disease, eating disorders, allergies and medication interactions require qualified review. Carnivore/very restrictive diets need extra review for fiber/micronutrients.",Use USDA FoodData Central for nutrient values; use Open Food Facts for packaged barcode data with license/attribution handling.,v0.1-safe-seed-2026-06-11
NT0292,Gluten Free Possible Endurance - Time Restricted 12 Hour Window Adult Only,general_adult,gluten_free_possible,endurance,time_restricted_12_hour_window_adult_only,"calculate TDEE/BMR then adjust gently; no aggressive deficit for pregnancy, children or medical users","protein, carbohydrates and fats balanced around training/recovery; personalize by body size, goal, activity and medical review",water first; add electrolytes for long heat/sweat sessions where suitable,vegetables; fruit; legumes; whole grains where tolerated; lean proteins or diet-appropriate alternatives; healthy fats; calcium/iron/B12 sources where relevant,ultra-processed foods; excessive added sugar; alcohol; stimulant-heavy drinks; foods blocked by allergy/medical/religious preference,milk;egg;fish;shellfish;tree_nuts;peanuts;wheat;soy;sesame;sulfites,Use body-weight/goal-based protein targets only after profile setup; prioritize whole foods first.,"After hard training, pair carbohydrate + protein + fluids; for vegan/vegetarian, combine legumes/grains/soy/nuts/seeds and check B12/iron/calcium planning.","Pregnancy, baby, child, diabetes, kidney disease, eating disorders, allergies and medication interactions require qualified review. Carnivore/very restrictive diets need extra review for fiber/micronutrients.",Use USDA FoodData Central for nutrient values; use Open Food Facts for packaged barcode data with license/attribution handling.,v0.1-safe-seed-2026-06-11
NT0293,Gluten Free Possible Endurance - Shift Worker Flexible,general_adult,gluten_free_possible,endurance,shift_worker_flexible,"calculate TDEE/BMR then adjust gently; no aggressive deficit for pregnancy, children or medical users","protein, carbohydrates and fats balanced around training/recovery; personalize by body size, goal, activity and medical review",water first; add electrolytes for long heat/sweat sessions where suitable,vegetables; fruit; legumes; whole grains where tolerated; lean proteins or diet-appropriate alternatives; healthy fats; calcium/iron/B12 sources where relevant,ultra-processed foods; excessive added sugar; alcohol; stimulant-heavy drinks; foods blocked by allergy/medical/religious preference,milk;egg;fish;shellfish;tree_nuts;peanuts;wheat;soy;sesame;sulfites,Use body-weight/goal-based protein targets only after profile setup; prioritize whole foods first.,"After hard training, pair carbohydrate + protein + fluids; for vegan/vegetarian, combine legumes/grains/soy/nuts/seeds and check B12/iron/calcium planning.","Pregnancy, baby, child, diabetes, kidney disease, eating disorders, allergies and medication interactions require qualified review. Carnivore/very restrictive diets need extra review for fiber/micronutrients.",Use USDA FoodData Central for nutrient values; use Open Food Facts for packaged barcode data with license/attribution handling.,v0.1-safe-seed-2026-06-11
NT0294,Gluten Free Possible Pregnancy Support - 3 Meals,pregnant_woman,gluten_free_possible,pregnancy_support,3_meals,"calculate TDEE/BMR then adjust gently; no aggressive deficit for pregnancy, children or medical users","protein, carbohydrates and fats balanced around training/recovery; personalize by body size, goal, activity and medical review",water first; add electrolytes for long heat/sweat sessions where suitable,vegetables; fruit; legumes; whole grains where tolerated; lean proteins or diet-appropriate alternatives; healthy fats; calcium/iron/B12 sources where relevant,ultra-processed foods; excessive added sugar; alcohol; stimulant-heavy drinks; foods blocked by allergy/medical/religious preference,milk;egg;fish;shellfish;tree_nuts;peanuts;wheat;soy;sesame;sulfites,Use body-weight/goal-based protein targets only after profile setup; prioritize whole foods first.,"After hard training, pair carbohydrate + protein + fluids; for vegan/vegetarian, combine legumes/grains/soy/nuts/seeds and check B12/iron/calcium planning.","Pregnancy, baby, child, diabetes, kidney disease, eating disorders, allergies and medication interactions require qualified review. Carnivore/very restrictive diets need extra review for fiber/micronutrients.",Use USDA FoodData Central for nutrient values; use Open Food Facts for packaged barcode data with license/attribution handling.,v0.1-safe-seed-2026-06-11
NT0295,Gluten Free Possible Pregnancy Support - 3 Meals 1 Snack,pregnant_woman,gluten_free_possible,pregnancy_support,3_meals_1_snack,"calculate TDEE/BMR then adjust gently; no aggressive deficit for pregnancy, children or medical users","protein, carbohydrates and fats balanced around training/recovery; personalize by body size, goal, activity and medical review",water first; add electrolytes for long heat/sweat sessions where suitable,vegetables; fruit; legumes; whole grains where tolerated; lean proteins or diet-appropriate alternatives; healthy fats; calcium/iron/B12 sources where relevant,ultra-processed foods; excessive added sugar; alcohol; stimulant-heavy drinks; foods blocked by allergy/medical/religious preference,milk;egg;fish;shellfish;tree_nuts;peanuts;wheat;soy;sesame;sulfites,Use body-weight/goal-based protein targets only after profile setup; prioritize whole foods first.,"After hard training, pair carbohydrate + protein + fluids; for vegan/vegetarian, combine legumes/grains/soy/nuts/seeds and check B12/iron/calcium planning.","Pregnancy, baby, child, diabetes, kidney disease, eating disorders, allergies and medication interactions require qualified review. Carnivore/very restrictive diets need extra review for fiber/micronutrients.",Use USDA FoodData Central for nutrient values; use Open Food Facts for packaged barcode data with license/attribution handling.,v0.1-safe-seed-2026-06-11
NT0296,Gluten Free Possible Pregnancy Support - 3 Meals 2 Snacks,pregnant_woman,gluten_free_possible,pregnancy_support,3_meals_2_snacks,"calculate TDEE/BMR then adjust gently; no aggressive deficit for pregnancy, children or medical users","protein, carbohydrates and fats balanced around training/recovery; personalize by body size, goal, activity and medical review",water first; add electrolytes for long heat/sweat sessions where suitable,vegetables; fruit; legumes; whole grains where tolerated; lean proteins or diet-appropriate alternatives; healthy fats; calcium/iron/B12 sources where relevant,ultra-processed foods; excessive added sugar; alcohol; stimulant-heavy drinks; foods blocked by allergy/medical/religious preference,milk;egg;fish;shellfish;tree_nuts;peanuts;wheat;soy;sesame;sulfites,Use body-weight/goal-based protein targets only after profile setup; prioritize whole foods first.,"After hard training, pair carbohydrate + protein + fluids; for vegan/vegetarian, combine legumes/grains/soy/nuts/seeds and check B12/iron/calcium planning.","Pregnancy, baby, child, diabetes, kidney disease, eating disorders, allergies and medication interactions require qualified review. Carnivore/very restrictive diets need extra review for fiber/micronutrients.",Use USDA FoodData Central for nutrient values; use Open Food Facts for packaged barcode data with license/attribution handling.,v0.1-safe-seed-2026-06-11
NT0297,Gluten Free Possible Postpartum Recovery - 3 Meals,postpartum_parent,gluten_free_possible,postpartum_recovery,3_meals,"calculate TDEE/BMR then adjust gently; no aggressive deficit for pregnancy, children or medical users","protein, carbohydrates and fats balanced around training/recovery; personalize by body size, goal, activity and medical review",water first; add electrolytes for long heat/sweat sessions where suitable,vegetables; fruit; legumes; whole grains where tolerated; lean proteins or diet-appropriate alternatives; healthy fats; calcium/iron/B12 sources where relevant,ultra-processed foods; excessive added sugar; alcohol; stimulant-heavy drinks; foods blocked by allergy/medical/religious preference,milk;egg;fish;shellfish;tree_nuts;peanuts;wheat;soy;sesame;sulfites,Use body-weight/goal-based protein targets only after profile setup; prioritize whole foods first.,"After hard training, pair carbohydrate + protein + fluids; for vegan/vegetarian, combine legumes/grains/soy/nuts/seeds and check B12/iron/calcium planning.","Pregnancy, baby, child, diabetes, kidney disease, eating disorders, allergies and medication interactions require qualified review. Carnivore/very restrictive diets need extra review for fiber/micronutrients.",Use USDA FoodData Central for nutrient values; use Open Food Facts for packaged barcode data with license/attribution handling.,v0.1-safe-seed-2026-06-11
NT0298,Gluten Free Possible Postpartum Recovery - 3 Meals 1 Snack,postpartum_parent,gluten_free_possible,postpartum_recovery,3_meals_1_snack,"calculate TDEE/BMR then adjust gently; no aggressive deficit for pregnancy, children or medical users","protein, carbohydrates and fats balanced around training/recovery; personalize by body size, goal, activity and medical review",water first; add electrolytes for long heat/sweat sessions where suitable,vegetables; fruit; legumes; whole grains where tolerated; lean proteins or diet-appropriate alternatives; healthy fats; calcium/iron/B12 sources where relevant,ultra-processed foods; excessive added sugar; alcohol; stimulant-heavy drinks; foods blocked by allergy/medical/religious preference,milk;egg;fish;shellfish;tree_nuts;peanuts;wheat;soy;sesame;sulfites,Use body-weight/goal-based protein targets only after profile setup; prioritize whole foods first.,"After hard training, pair carbohydrate + protein + fluids; for vegan/vegetarian, combine legumes/grains/soy/nuts/seeds and check B12/iron/calcium planning.","Pregnancy, baby, child, diabetes, kidney disease, eating disorders, allergies and medication interactions require qualified review. Carnivore/very restrictive diets need extra review for fiber/micronutrients.",Use USDA FoodData Central for nutrient values; use Open Food Facts for packaged barcode data with license/attribution handling.,v0.1-safe-seed-2026-06-11
NT0299,Gluten Free Possible Postpartum Recovery - 3 Meals 2 Snacks,postpartum_parent,gluten_free_possible,postpartum_recovery,3_meals_2_snacks,"calculate TDEE/BMR then adjust gently; no aggressive deficit for pregnancy, children or medical users","protein, carbohydrates and fats balanced around training/recovery; personalize by body size, goal, activity and medical review",water first; add electrolytes for long heat/sweat sessions where suitable,vegetables; fruit; legumes; whole grains where tolerated; lean proteins or diet-appropriate alternatives; healthy fats; calcium/iron/B12 sources where relevant,ultra-processed foods; excessive added sugar; alcohol; stimulant-heavy drinks; foods blocked by allergy/medical/religious preference,milk;egg;fish;shellfish;tree_nuts;peanuts;wheat;soy;sesame;sulfites,Use body-weight/goal-based protein targets only after profile setup; prioritize whole foods first.,"After hard training, pair carbohydrate + protein + fluids; for vegan/vegetarian, combine legumes/grains/soy/nuts/seeds and check B12/iron/calcium planning.","Pregnancy, baby, child, diabetes, kidney disease, eating disorders, allergies and medication interactions require qualified review. Carnivore/very restrictive diets need extra review for fiber/micronutrients.",Use USDA FoodData Central for nutrient values; use Open Food Facts for packaged barcode data with license/attribution handling.,v0.1-safe-seed-2026-06-11
NT0300,Gluten Free Possible Postpartum Recovery - Time Restricted 12 Hour Window Adult Only,postpartum_parent,gluten_free_possible,postpartum_recovery,time_restricted_12_hour_window_adult_only,"calculate TDEE/BMR then adjust gently; no aggressive deficit for pregnancy, children or medical users","protein, carbohydrates and fats balanced around training/recovery; personalize by body size, goal, activity and medical review",water first; add electrolytes for long heat/sweat sessions where suitable,vegetables; fruit; legumes; whole grains where tolerated; lean proteins or diet-appropriate alternatives; healthy fats; calcium/iron/B12 sources where relevant,ultra-processed foods; excessive added sugar; alcohol; stimulant-heavy drinks; foods blocked by allergy/medical/religious preference,milk;egg;fish;shellfish;tree_nuts;peanuts;wheat;soy;sesame;sulfites,Use body-weight/goal-based protein targets only after profile setup; prioritize whole foods first.,"After hard training, pair carbohydrate + protein + fluids; for vegan/vegetarian, combine legumes/grains/soy/nuts/seeds and check B12/iron/calcium planning.","Pregnancy, baby, child, diabetes, kidney disease, eating disorders, allergies and medication interactions require qualified review. Carnivore/very restrictive diets need extra review for fiber/micronutrients.",Use USDA FoodData Central for nutrient values; use Open Food Facts for packaged barcode data with license/attribution handling.,v0.1-safe-seed-2026-06-11
NT0301,Gluten Free Possible Postpartum Recovery - Shift Worker Flexible,postpartum_parent,gluten_free_possible,postpartum_recovery,shift_worker_flexible,"calculate TDEE/BMR then adjust gently; no aggressive deficit for pregnancy, children or medical users","protein, carbohydrates and fats balanced around training/recovery; personalize by body size, goal, activity and medical review",water first; add electrolytes for long heat/sweat sessions where suitable,vegetables; fruit; legumes; whole grains where tolerated; lean proteins or diet-appropriate alternatives; healthy fats; calcium/iron/B12 sources where relevant,ultra-processed foods; excessive added sugar; alcohol; stimulant-heavy drinks; foods blocked by allergy/medical/religious preference,milk;egg;fish;shellfish;tree_nuts;peanuts;wheat;soy;sesame;sulfites,Use body-weight/goal-based protein targets only after profile setup; prioritize whole foods first.,"After hard training, pair carbohydrate + protein + fluids; for vegan/vegetarian, combine legumes/grains/soy/nuts/seeds and check B12/iron/calcium planning.","Pregnancy, baby, child, diabetes, kidney disease, eating disorders, allergies and medication interactions require qualified review. Carnivore/very restrictive diets need extra review for fiber/micronutrients.",Use USDA FoodData Central for nutrient values; use Open Food Facts for packaged barcode data with license/attribution handling.,v0.1-safe-seed-2026-06-11
NT0302,Gluten Free Possible Child Growth - 3 Meals,child_6_12,gluten_free_possible,child_growth,3_meals,"calculate TDEE/BMR then adjust gently; no aggressive deficit for pregnancy, children or medical users","protein, carbohydrates and fats balanced around training/recovery; personalize by body size, goal, activity and medical review",water first; add electrolytes for long heat/sweat sessions where suitable,vegetables; fruit; legumes; whole grains where tolerated; lean proteins or diet-appropriate alternatives; healthy fats; calcium/iron/B12 sources where relevant,ultra-processed foods; excessive added sugar; alcohol; stimulant-heavy drinks; foods blocked by allergy/medical/religious preference,milk;egg;fish;shellfish;tree_nuts;peanuts;wheat;soy;sesame;sulfites,Prioritize whole-food protein. Children/teens should not be prompted to use protein powders; use caregiver and clinician/dietitian review for special diets.,"After hard training, pair carbohydrate + protein + fluids; for vegan/vegetarian, combine legumes/grains/soy/nuts/seeds and check B12/iron/calcium planning.","Pregnancy, baby, child, diabetes, kidney disease, eating disorders, allergies and medication interactions require qualified review. Carnivore/very restrictive diets need extra review for fiber/micronutrients.",Use USDA FoodData Central for nutrient values; use Open Food Facts for packaged barcode data with license/attribution handling.,v0.1-safe-seed-2026-06-11
NT0303,Gluten Free Possible Child Growth - 3 Meals 1 Snack,child_6_12,gluten_free_possible,child_growth,3_meals_1_snack,"calculate TDEE/BMR then adjust gently; no aggressive deficit for pregnancy, children or medical users","protein, carbohydrates and fats balanced around training/recovery; personalize by body size, goal, activity and medical review",water first; add electrolytes for long heat/sweat sessions where suitable,vegetables; fruit; legumes; whole grains where tolerated; lean proteins or diet-appropriate alternatives; healthy fats; calcium/iron/B12 sources where relevant,ultra-processed foods; excessive added sugar; alcohol; stimulant-heavy drinks; foods blocked by allergy/medical/religious preference,milk;egg;fish;shellfish;tree_nuts;peanuts;wheat;soy;sesame;sulfites,Prioritize whole-food protein. Children/teens should not be prompted to use protein powders; use caregiver and clinician/dietitian review for special diets.,"After hard training, pair carbohydrate + protein + fluids; for vegan/vegetarian, combine legumes/grains/soy/nuts/seeds and check B12/iron/calcium planning.","Pregnancy, baby, child, diabetes, kidney disease, eating disorders, allergies and medication interactions require qualified review. Carnivore/very restrictive diets need extra review for fiber/micronutrients.",Use USDA FoodData Central for nutrient values; use Open Food Facts for packaged barcode data with license/attribution handling.,v0.1-safe-seed-2026-06-11
NT0304,Gluten Free Possible Child Growth - 3 Meals 2 Snacks,child_6_12,gluten_free_possible,child_growth,3_meals_2_snacks,"calculate TDEE/BMR then adjust gently; no aggressive deficit for pregnancy, children or medical users","protein, carbohydrates and fats balanced around training/recovery; personalize by body size, goal, activity and medical review",water first; add electrolytes for long heat/sweat sessions where suitable,vegetables; fruit; legumes; whole grains where tolerated; lean proteins or diet-appropriate alternatives; healthy fats; calcium/iron/B12 sources where relevant,ultra-processed foods; excessive added sugar; alcohol; stimulant-heavy drinks; foods blocked by allergy/medical/religious preference,milk;egg;fish;shellfish;tree_nuts;peanuts;wheat;soy;sesame;sulfites,Prioritize whole-food protein. Children/teens should not be prompted to use protein powders; use caregiver and clinician/dietitian review for special diets.,"After hard training, pair carbohydrate + protein + fluids; for vegan/vegetarian, combine legumes/grains/soy/nuts/seeds and check B12/iron/calcium planning.","Pregnancy, baby, child, diabetes, kidney disease, eating disorders, allergies and medication interactions require qualified review. Carnivore/very restrictive diets need extra review for fiber/micronutrients.",Use USDA FoodData Central for nutrient values; use Open Food Facts for packaged barcode data with license/attribution handling.,v0.1-safe-seed-2026-06-11
NT0305,Gluten Free Possible Teen Sport - 3 Meals,teen_13_17,gluten_free_possible,teen_sport,3_meals,"calculate TDEE/BMR then adjust gently; no aggressive deficit for pregnancy, children or medical users","protein, carbohydrates and fats balanced around training/recovery; personalize by body size, goal, activity and medical review",water first; add electrolytes for long heat/sweat sessions where suitable,vegetables; fruit; legumes; whole grains where tolerated; lean proteins or diet-appropriate alternatives; healthy fats; calcium/iron/B12 sources where relevant,ultra-processed foods; excessive added sugar; alcohol; stimulant-heavy drinks; foods blocked by allergy/medical/religious preference,milk;egg;fish;shellfish;tree_nuts;peanuts;wheat;soy;sesame;sulfites,Prioritize whole-food protein. Children/teens should not be prompted to use protein powders; use caregiver and clinician/dietitian review for special diets.,"After hard training, pair carbohydrate + protein + fluids; for vegan/vegetarian, combine legumes/grains/soy/nuts/seeds and check B12/iron/calcium planning.","Pregnancy, baby, child, diabetes, kidney disease, eating disorders, allergies and medication interactions require qualified review. Carnivore/very restrictive diets need extra review for fiber/micronutrients.",Use USDA FoodData Central for nutrient values; use Open Food Facts for packaged barcode data with license/attribution handling.,v0.1-safe-seed-2026-06-11
NT0306,Gluten Free Possible Teen Sport - 3 Meals 1 Snack,teen_13_17,gluten_free_possible,teen_sport,3_meals_1_snack,"calculate TDEE/BMR then adjust gently; no aggressive deficit for pregnancy, children or medical users","protein, carbohydrates and fats balanced around training/recovery; personalize by body size, goal, activity and medical review",water first; add electrolytes for long heat/sweat sessions where suitable,vegetables; fruit; legumes; whole grains where tolerated; lean proteins or diet-appropriate alternatives; healthy fats; calcium/iron/B12 sources where relevant,ultra-processed foods; excessive added sugar; alcohol; stimulant-heavy drinks; foods blocked by allergy/medical/religious preference,milk;egg;fish;shellfish;tree_nuts;peanuts;wheat;soy;sesame;sulfites,Prioritize whole-food protein. Children/teens should not be prompted to use protein powders; use caregiver and clinician/dietitian review for special diets.,"After hard training, pair carbohydrate + protein + fluids; for vegan/vegetarian, combine legumes/grains/soy/nuts/seeds and check B12/iron/calcium planning.","Pregnancy, baby, child, diabetes, kidney disease, eating disorders, allergies and medication interactions require qualified review. Carnivore/very restrictive diets need extra review for fiber/micronutrients.",Use USDA FoodData Central for nutrient values; use Open Food Facts for packaged barcode data with license/attribution handling.,v0.1-safe-seed-2026-06-11
NT0307,Gluten Free Possible Teen Sport - 3 Meals 2 Snacks,teen_13_17,gluten_free_possible,teen_sport,3_meals_2_snacks,"calculate TDEE/BMR then adjust gently; no aggressive deficit for pregnancy, children or medical users","protein, carbohydrates and fats balanced around training/recovery; personalize by body size, goal, activity and medical review",water first; add electrolytes for long heat/sweat sessions where suitable,vegetables; fruit; legumes; whole grains where tolerated; lean proteins or diet-appropriate alternatives; healthy fats; calcium/iron/B12 sources where relevant,ultra-processed foods; excessive added sugar; alcohol; stimulant-heavy drinks; foods blocked by allergy/medical/religious preference,milk;egg;fish;shellfish;tree_nuts;peanuts;wheat;soy;sesame;sulfites,Prioritize whole-food protein. Children/teens should not be prompted to use protein powders; use caregiver and clinician/dietitian review for special diets.,"After hard training, pair carbohydrate + protein + fluids; for vegan/vegetarian, combine legumes/grains/soy/nuts/seeds and check B12/iron/calcium planning.","Pregnancy, baby, child, diabetes, kidney disease, eating disorders, allergies and medication interactions require qualified review. Carnivore/very restrictive diets need extra review for fiber/micronutrients.",Use USDA FoodData Central for nutrient values; use Open Food Facts for packaged barcode data with license/attribution handling.,v0.1-safe-seed-2026-06-11
NT0308,Gluten Free Possible Recovery Day - 3 Meals,general_adult,gluten_free_possible,recovery_day,3_meals,"calculate TDEE/BMR then adjust gently; no aggressive deficit for pregnancy, children or medical users","protein, carbohydrates and fats balanced around training/recovery; personalize by body size, goal, activity and medical review",water first; add electrolytes for long heat/sweat sessions where suitable,vegetables; fruit; legumes; whole grains where tolerated; lean proteins or diet-appropriate alternatives; healthy fats; calcium/iron/B12 sources where relevant,ultra-processed foods; excessive added sugar; alcohol; stimulant-heavy drinks; foods blocked by allergy/medical/religious preference,milk;egg;fish;shellfish;tree_nuts;peanuts;wheat;soy;sesame;sulfites,Use body-weight/goal-based protein targets only after profile setup; prioritize whole foods first.,"After hard training, pair carbohydrate + protein + fluids; for vegan/vegetarian, combine legumes/grains/soy/nuts/seeds and check B12/iron/calcium planning.","Pregnancy, baby, child, diabetes, kidney disease, eating disorders, allergies and medication interactions require qualified review. Carnivore/very restrictive diets need extra review for fiber/micronutrients.",Use USDA FoodData Central for nutrient values; use Open Food Facts for packaged barcode data with license/attribution handling.,v0.1-safe-seed-2026-06-11
NT0309,Gluten Free Possible Recovery Day - 3 Meals 1 Snack,general_adult,gluten_free_possible,recovery_day,3_meals_1_snack,"calculate TDEE/BMR then adjust gently; no aggressive deficit for pregnancy, children or medical users","protein, carbohydrates and fats balanced around training/recovery; personalize by body size, goal, activity and medical review",water first; add electrolytes for long heat/sweat sessions where suitable,vegetables; fruit; legumes; whole grains where tolerated; lean proteins or diet-appropriate alternatives; healthy fats; calcium/iron/B12 sources where relevant,ultra-processed foods; excessive added sugar; alcohol; stimulant-heavy drinks; foods blocked by allergy/medical/religious preference,milk;egg;fish;shellfish;tree_nuts;peanuts;wheat;soy;sesame;sulfites,Use body-weight/goal-based protein targets only after profile setup; prioritize whole foods first.,"After hard training, pair carbohydrate + protein + fluids; for vegan/vegetarian, combine legumes/grains/soy/nuts/seeds and check B12/iron/calcium planning.","Pregnancy, baby, child, diabetes, kidney disease, eating disorders, allergies and medication interactions require qualified review. Carnivore/very restrictive diets need extra review for fiber/micronutrients.",Use USDA FoodData Central for nutrient values; use Open Food Facts for packaged barcode data with license/attribution handling.,v0.1-safe-seed-2026-06-11
NT0310,Gluten Free Possible Recovery Day - 3 Meals 2 Snacks,general_adult,gluten_free_possible,recovery_day,3_meals_2_snacks,"calculate TDEE/BMR then adjust gently; no aggressive deficit for pregnancy, children or medical users","protein, carbohydrates and fats balanced around training/recovery; personalize by body size, goal, activity and medical review",water first; add electrolytes for long heat/sweat sessions where suitable,vegetables; fruit; legumes; whole grains where tolerated; lean proteins or diet-appropriate alternatives; healthy fats; calcium/iron/B12 sources where relevant,ultra-processed foods; excessive added sugar; alcohol; stimulant-heavy drinks; foods blocked by allergy/medical/religious preference,milk;egg;fish;shellfish;tree_nuts;peanuts;wheat;soy;sesame;sulfites,Use body-weight/goal-based protein targets only after profile setup; prioritize whole foods first.,"After hard training, pair carbohydrate + protein + fluids; for vegan/vegetarian, combine legumes/grains/soy/nuts/seeds and check B12/iron/calcium planning.","Pregnancy, baby, child, diabetes, kidney disease, eating disorders, allergies and medication interactions require qualified review. Carnivore/very restrictive diets need extra review for fiber/micronutrients.",Use USDA FoodData Central for nutrient values; use Open Food Facts for packaged barcode data with license/attribution handling.,v0.1-safe-seed-2026-06-11
NT0311,Gluten Free Possible Recovery Day - Time Restricted 12 Hour Window Adult Only,general_adult,gluten_free_possible,recovery_day,time_restricted_12_hour_window_adult_only,"calculate TDEE/BMR then adjust gently; no aggressive deficit for pregnancy, children or medical users","protein, carbohydrates and fats balanced around training/recovery; personalize by body size, goal, activity and medical review",water first; add electrolytes for long heat/sweat sessions where suitable,vegetables; fruit; legumes; whole grains where tolerated; lean proteins or diet-appropriate alternatives; healthy fats; calcium/iron/B12 sources where relevant,ultra-processed foods; excessive added sugar; alcohol; stimulant-heavy drinks; foods blocked by allergy/medical/religious preference,milk;egg;fish;shellfish;tree_nuts;peanuts;wheat;soy;sesame;sulfites,Use body-weight/goal-based protein targets only after profile setup; prioritize whole foods first.,"After hard training, pair carbohydrate + protein + fluids; for vegan/vegetarian, combine legumes/grains/soy/nuts/seeds and check B12/iron/calcium planning.","Pregnancy, baby, child, diabetes, kidney disease, eating disorders, allergies and medication interactions require qualified review. Carnivore/very restrictive diets need extra review for fiber/micronutrients.",Use USDA FoodData Central for nutrient values; use Open Food Facts for packaged barcode data with license/attribution handling.,v0.1-safe-seed-2026-06-11
NT0312,Gluten Free Possible Recovery Day - Shift Worker Flexible,general_adult,gluten_free_possible,recovery_day,shift_worker_flexible,"calculate TDEE/BMR then adjust gently; no aggressive deficit for pregnancy, children or medical users","protein, carbohydrates and fats balanced around training/recovery; personalize by body size, goal, activity and medical review",water first; add electrolytes for long heat/sweat sessions where suitable,vegetables; fruit; legumes; whole grains where tolerated; lean proteins or diet-appropriate alternatives; healthy fats; calcium/iron/B12 sources where relevant,ultra-processed foods; excessive added sugar; alcohol; stimulant-heavy drinks; foods blocked by allergy/medical/religious preference,milk;egg;fish;shellfish;tree_nuts;peanuts;wheat;soy;sesame;sulfites,Use body-weight/goal-based protein targets only after profile setup; prioritize whole foods first.,"After hard training, pair carbohydrate + protein + fluids; for vegan/vegetarian, combine legumes/grains/soy/nuts/seeds and check B12/iron/calcium planning.","Pregnancy, baby, child, diabetes, kidney disease, eating disorders, allergies and medication interactions require qualified review. Carnivore/very restrictive diets need extra review for fiber/micronutrients.",Use USDA FoodData Central for nutrient values; use Open Food Facts for packaged barcode data with license/attribution handling.,v0.1-safe-seed-2026-06-11
