plan_day_id,plan_id,day_number,week_number,is_training_day,focus,session_summary,target_minutes,exercise_filter_tags,nutrition_focus,recovery_focus,created_version
PL0001-D001,PL0001,1,1,true,full_body_strength,"full_body_strength session with warm-up, main work, and cool-down",30,start_fitness;general_adult;beginner,protein + fiber + hydration,"sleep, hydration, mobility, symptom check",v0.1-safe-seed-2026-06-11
PL0001-D002,PL0001,2,1,true,cardio_endurance,"cardio_endurance session with warm-up, main work, and cool-down",30,start_fitness;general_adult;beginner,protein + fiber + hydration,"sleep, hydration, mobility, symptom check",v0.1-safe-seed-2026-06-11
PL0001-D003,PL0001,3,1,true,mobility_core,"mobility_core session with warm-up, main work, and cool-down",30,start_fitness;general_adult;beginner,protein + fiber + hydration,"sleep, hydration, mobility, symptom check",v0.1-safe-seed-2026-06-11
PL0001-D004,PL0001,4,1,true,upper_lower_split,"upper_lower_split session with warm-up, main work, and cool-down",30,start_fitness;general_adult;beginner,protein + fiber + hydration,"sleep, hydration, mobility, symptom check",v0.1-safe-seed-2026-06-11
PL0001-D005,PL0001,5,1,false,recovery,walk + mobility + hydration check,15,start_fitness;general_adult;beginner,protein + fiber + hydration,"sleep, hydration, mobility, symptom check",v0.1-safe-seed-2026-06-11
PL0001-D006,PL0001,6,1,false,recovery,walk + mobility + hydration check,15,start_fitness;general_adult;beginner,protein + fiber + hydration,"sleep, hydration, mobility, symptom check",v0.1-safe-seed-2026-06-11
PL0001-D007,PL0001,7,1,false,recovery,walk + mobility + hydration check,15,start_fitness;general_adult;beginner,protein + fiber + hydration,"sleep, hydration, mobility, symptom check",v0.1-safe-seed-2026-06-11
PL0001-D008,PL0001,8,2,true,mobility_core,"mobility_core session with warm-up, main work, and cool-down",30,start_fitness;general_adult;beginner,protein + fiber + hydration,"sleep, hydration, mobility, symptom check",v0.1-safe-seed-2026-06-11
PL0001-D009,PL0001,9,2,true,upper_lower_split,"upper_lower_split session with warm-up, main work, and cool-down",30,start_fitness;general_adult;beginner,protein + fiber + hydration,"sleep, hydration, mobility, symptom check",v0.1-safe-seed-2026-06-11
PL0001-D010,PL0001,10,2,true,skill_practice,"skill_practice session with warm-up, main work, and cool-down",30,start_fitness;general_adult;beginner,protein + fiber + hydration,"sleep, hydration, mobility, symptom check",v0.1-safe-seed-2026-06-11
PL0001-D011,PL0001,11,2,true,full_body_strength,"full_body_strength session with warm-up, main work, and cool-down",30,start_fitness;general_adult;beginner,protein + fiber + hydration,"sleep, hydration, mobility, symptom check",v0.1-safe-seed-2026-06-11
PL0001-D012,PL0001,12,2,false,recovery,walk + mobility + hydration check,15,start_fitness;general_adult;beginner,protein + fiber + hydration,"sleep, hydration, mobility, symptom check",v0.1-safe-seed-2026-06-11
PL0001-D013,PL0001,13,2,false,recovery,walk + mobility + hydration check,15,start_fitness;general_adult;beginner,protein + fiber + hydration,"sleep, hydration, mobility, symptom check",v0.1-safe-seed-2026-06-11
PL0001-D014,PL0001,14,2,false,recovery,walk + mobility + hydration check,15,start_fitness;general_adult;beginner,protein + fiber + hydration,"sleep, hydration, mobility, symptom check",v0.1-safe-seed-2026-06-11
PL0001-D015,PL0001,15,3,true,skill_practice,"skill_practice session with warm-up, main work, and cool-down",30,start_fitness;general_adult;beginner,protein + fiber + hydration,"sleep, hydration, mobility, symptom check",v0.1-safe-seed-2026-06-11
PL0001-D016,PL0001,16,3,true,full_body_strength,"full_body_strength session with warm-up, main work, and cool-down",30,start_fitness;general_adult;beginner,protein + fiber + hydration,"sleep, hydration, mobility, symptom check",v0.1-safe-seed-2026-06-11
PL0001-D017,PL0001,17,3,true,cardio_endurance,"cardio_endurance session with warm-up, main work, and cool-down",30,start_fitness;general_adult;beginner,protein + fiber + hydration,"sleep, hydration, mobility, symptom check",v0.1-safe-seed-2026-06-11
PL0001-D018,PL0001,18,3,true,mobility_core,"mobility_core session with warm-up, main work, and cool-down",30,start_fitness;general_adult;beginner,protein + fiber + hydration,"sleep, hydration, mobility, symptom check",v0.1-safe-seed-2026-06-11
PL0001-D019,PL0001,19,3,false,recovery,walk + mobility + hydration check,15,start_fitness;general_adult;beginner,protein + fiber + hydration,"sleep, hydration, mobility, symptom check",v0.1-safe-seed-2026-06-11
PL0001-D020,PL0001,20,3,false,recovery,walk + mobility + hydration check,15,start_fitness;general_adult;beginner,protein + fiber + hydration,"sleep, hydration, mobility, symptom check",v0.1-safe-seed-2026-06-11
PL0001-D021,PL0001,21,3,false,recovery,walk + mobility + hydration check,15,start_fitness;general_adult;beginner,protein + fiber + hydration,"sleep, hydration, mobility, symptom check",v0.1-safe-seed-2026-06-11
PL0001-D022,PL0001,22,4,true,cardio_endurance,"cardio_endurance session with warm-up, main work, and cool-down",30,start_fitness;general_adult;beginner,protein + fiber + hydration,"sleep, hydration, mobility, symptom check",v0.1-safe-seed-2026-06-11
PL0001-D023,PL0001,23,4,true,mobility_core,"mobility_core session with warm-up, main work, and cool-down",30,start_fitness;general_adult;beginner,protein + fiber + hydration,"sleep, hydration, mobility, symptom check",v0.1-safe-seed-2026-06-11
PL0001-D024,PL0001,24,4,true,upper_lower_split,"upper_lower_split session with warm-up, main work, and cool-down",30,start_fitness;general_adult;beginner,protein + fiber + hydration,"sleep, hydration, mobility, symptom check",v0.1-safe-seed-2026-06-11
PL0001-D025,PL0001,25,4,true,skill_practice,"skill_practice session with warm-up, main work, and cool-down",30,start_fitness;general_adult;beginner,protein + fiber + hydration,"sleep, hydration, mobility, symptom check",v0.1-safe-seed-2026-06-11
PL0001-D026,PL0001,26,4,false,recovery,walk + mobility + hydration check,15,start_fitness;general_adult;beginner,protein + fiber + hydration,"sleep, hydration, mobility, symptom check",v0.1-safe-seed-2026-06-11
PL0001-D027,PL0001,27,4,false,recovery,walk + mobility + hydration check,15,start_fitness;general_adult;beginner,protein + fiber + hydration,"sleep, hydration, mobility, symptom check",v0.1-safe-seed-2026-06-11
PL0001-D028,PL0001,28,4,false,recovery,walk + mobility + hydration check,15,start_fitness;general_adult;beginner,protein + fiber + hydration,"sleep, hydration, mobility, symptom check",v0.1-safe-seed-2026-06-11
PL0002-D001,PL0002,1,1,true,full_body_strength,"full_body_strength session with warm-up, main work, and cool-down",30,fat_loss;general_adult;beginner,protein + fiber + hydration,"sleep, hydration, mobility, symptom check",v0.1-safe-seed-2026-06-11
PL0002-D002,PL0002,2,1,true,cardio_endurance,"cardio_endurance session with warm-up, main work, and cool-down",30,fat_loss;general_adult;beginner,protein + fiber + hydration,"sleep, hydration, mobility, symptom check",v0.1-safe-seed-2026-06-11
PL0002-D003,PL0002,3,1,true,mobility_core,"mobility_core session with warm-up, main work, and cool-down",30,fat_loss;general_adult;beginner,protein + fiber + hydration,"sleep, hydration, mobility, symptom check",v0.1-safe-seed-2026-06-11
PL0002-D004,PL0002,4,1,true,upper_lower_split,"upper_lower_split session with warm-up, main work, and cool-down",30,fat_loss;general_adult;beginner,protein + fiber + hydration,"sleep, hydration, mobility, symptom check",v0.1-safe-seed-2026-06-11
PL0002-D005,PL0002,5,1,true,skill_practice,"skill_practice session with warm-up, main work, and cool-down",30,fat_loss;general_adult;beginner,protein + fiber + hydration,"sleep, hydration, mobility, symptom check",v0.1-safe-seed-2026-06-11
PL0002-D006,PL0002,6,1,false,recovery,walk + mobility + hydration check,15,fat_loss;general_adult;beginner,protein + fiber + hydration,"sleep, hydration, mobility, symptom check",v0.1-safe-seed-2026-06-11
PL0002-D007,PL0002,7,1,false,recovery,walk + mobility + hydration check,15,fat_loss;general_adult;beginner,protein + fiber + hydration,"sleep, hydration, mobility, symptom check",v0.1-safe-seed-2026-06-11
PL0002-D008,PL0002,8,2,true,mobility_core,"mobility_core session with warm-up, main work, and cool-down",30,fat_loss;general_adult;beginner,protein + fiber + hydration,"sleep, hydration, mobility, symptom check",v0.1-safe-seed-2026-06-11
PL0002-D009,PL0002,9,2,true,upper_lower_split,"upper_lower_split session with warm-up, main work, and cool-down",30,fat_loss;general_adult;beginner,protein + fiber + hydration,"sleep, hydration, mobility, symptom check",v0.1-safe-seed-2026-06-11
PL0002-D010,PL0002,10,2,true,skill_practice,"skill_practice session with warm-up, main work, and cool-down",30,fat_loss;general_adult;beginner,protein + fiber + hydration,"sleep, hydration, mobility, symptom check",v0.1-safe-seed-2026-06-11
PL0002-D011,PL0002,11,2,true,full_body_strength,"full_body_strength session with warm-up, main work, and cool-down",30,fat_loss;general_adult;beginner,protein + fiber + hydration,"sleep, hydration, mobility, symptom check",v0.1-safe-seed-2026-06-11
PL0002-D012,PL0002,12,2,true,cardio_endurance,"cardio_endurance session with warm-up, main work, and cool-down",30,fat_loss;general_adult;beginner,protein + fiber + hydration,"sleep, hydration, mobility, symptom check",v0.1-safe-seed-2026-06-11
PL0002-D013,PL0002,13,2,false,recovery,walk + mobility + hydration check,15,fat_loss;general_adult;beginner,protein + fiber + hydration,"sleep, hydration, mobility, symptom check",v0.1-safe-seed-2026-06-11
PL0002-D014,PL0002,14,2,false,recovery,walk + mobility + hydration check,15,fat_loss;general_adult;beginner,protein + fiber + hydration,"sleep, hydration, mobility, symptom check",v0.1-safe-seed-2026-06-11
PL0002-D015,PL0002,15,3,true,skill_practice,"skill_practice session with warm-up, main work, and cool-down",30,fat_loss;general_adult;beginner,protein + fiber + hydration,"sleep, hydration, mobility, symptom check",v0.1-safe-seed-2026-06-11
PL0002-D016,PL0002,16,3,true,full_body_strength,"full_body_strength session with warm-up, main work, and cool-down",30,fat_loss;general_adult;beginner,protein + fiber + hydration,"sleep, hydration, mobility, symptom check",v0.1-safe-seed-2026-06-11
PL0002-D017,PL0002,17,3,true,cardio_endurance,"cardio_endurance session with warm-up, main work, and cool-down",30,fat_loss;general_adult;beginner,protein + fiber + hydration,"sleep, hydration, mobility, symptom check",v0.1-safe-seed-2026-06-11
PL0002-D018,PL0002,18,3,true,mobility_core,"mobility_core session with warm-up, main work, and cool-down",30,fat_loss;general_adult;beginner,protein + fiber + hydration,"sleep, hydration, mobility, symptom check",v0.1-safe-seed-2026-06-11
PL0002-D019,PL0002,19,3,true,upper_lower_split,"upper_lower_split session with warm-up, main work, and cool-down",30,fat_loss;general_adult;beginner,protein + fiber + hydration,"sleep, hydration, mobility, symptom check",v0.1-safe-seed-2026-06-11
PL0002-D020,PL0002,20,3,false,recovery,walk + mobility + hydration check,15,fat_loss;general_adult;beginner,protein + fiber + hydration,"sleep, hydration, mobility, symptom check",v0.1-safe-seed-2026-06-11
PL0002-D021,PL0002,21,3,false,recovery,walk + mobility + hydration check,15,fat_loss;general_adult;beginner,protein + fiber + hydration,"sleep, hydration, mobility, symptom check",v0.1-safe-seed-2026-06-11
PL0002-D022,PL0002,22,4,true,cardio_endurance,"cardio_endurance session with warm-up, main work, and cool-down",30,fat_loss;general_adult;beginner,protein + fiber + hydration,"sleep, hydration, mobility, symptom check",v0.1-safe-seed-2026-06-11
PL0002-D023,PL0002,23,4,true,mobility_core,"mobility_core session with warm-up, main work, and cool-down",30,fat_loss;general_adult;beginner,protein + fiber + hydration,"sleep, hydration, mobility, symptom check",v0.1-safe-seed-2026-06-11
PL0002-D024,PL0002,24,4,true,upper_lower_split,"upper_lower_split session with warm-up, main work, and cool-down",30,fat_loss;general_adult;beginner,protein + fiber + hydration,"sleep, hydration, mobility, symptom check",v0.1-safe-seed-2026-06-11
PL0002-D025,PL0002,25,4,true,skill_practice,"skill_practice session with warm-up, main work, and cool-down",30,fat_loss;general_adult;beginner,protein + fiber + hydration,"sleep, hydration, mobility, symptom check",v0.1-safe-seed-2026-06-11
PL0002-D026,PL0002,26,4,true,full_body_strength,"full_body_strength session with warm-up, main work, and cool-down",30,fat_loss;general_adult;beginner,protein + fiber + hydration,"sleep, hydration, mobility, symptom check",v0.1-safe-seed-2026-06-11
PL0002-D027,PL0002,27,4,false,recovery,walk + mobility + hydration check,15,fat_loss;general_adult;beginner,protein + fiber + hydration,"sleep, hydration, mobility, symptom check",v0.1-safe-seed-2026-06-11
PL0002-D028,PL0002,28,4,false,recovery,walk + mobility + hydration check,15,fat_loss;general_adult;beginner,protein + fiber + hydration,"sleep, hydration, mobility, symptom check",v0.1-safe-seed-2026-06-11
PL0003-D001,PL0003,1,1,true,full_body_strength,"full_body_strength session with warm-up, main work, and cool-down",45,muscle_gain;general_adult;intermediate,protein + fiber + hydration,"sleep, hydration, mobility, symptom check",v0.1-safe-seed-2026-06-11
PL0003-D002,PL0003,2,1,true,cardio_endurance,"cardio_endurance session with warm-up, main work, and cool-down",45,muscle_gain;general_adult;intermediate,protein + fiber + hydration,"sleep, hydration, mobility, symptom check",v0.1-safe-seed-2026-06-11
PL0003-D003,PL0003,3,1,true,mobility_core,"mobility_core session with warm-up, main work, and cool-down",45,muscle_gain;general_adult;intermediate,protein + fiber + hydration,"sleep, hydration, mobility, symptom check",v0.1-safe-seed-2026-06-11
PL0003-D004,PL0003,4,1,true,upper_lower_split,"upper_lower_split session with warm-up, main work, and cool-down",45,muscle_gain;general_adult;intermediate,protein + fiber + hydration,"sleep, hydration, mobility, symptom check",v0.1-safe-seed-2026-06-11
PL0003-D005,PL0003,5,1,false,recovery,walk + mobility + hydration check,15,muscle_gain;general_adult;intermediate,protein + fiber + hydration,"sleep, hydration, mobility, symptom check",v0.1-safe-seed-2026-06-11
PL0003-D006,PL0003,6,1,false,recovery,walk + mobility + hydration check,15,muscle_gain;general_adult;intermediate,protein + fiber + hydration,"sleep, hydration, mobility, symptom check",v0.1-safe-seed-2026-06-11
PL0003-D007,PL0003,7,1,false,recovery,walk + mobility + hydration check,15,muscle_gain;general_adult;intermediate,protein + fiber + hydration,"sleep, hydration, mobility, symptom check",v0.1-safe-seed-2026-06-11
PL0003-D008,PL0003,8,2,true,mobility_core,"mobility_core session with warm-up, main work, and cool-down",45,muscle_gain;general_adult;intermediate,protein + fiber + hydration,"sleep, hydration, mobility, symptom check",v0.1-safe-seed-2026-06-11
PL0003-D009,PL0003,9,2,true,upper_lower_split,"upper_lower_split session with warm-up, main work, and cool-down",45,muscle_gain;general_adult;intermediate,protein + fiber + hydration,"sleep, hydration, mobility, symptom check",v0.1-safe-seed-2026-06-11
PL0003-D010,PL0003,10,2,true,skill_practice,"skill_practice session with warm-up, main work, and cool-down",45,muscle_gain;general_adult;intermediate,protein + fiber + hydration,"sleep, hydration, mobility, symptom check",v0.1-safe-seed-2026-06-11
PL0003-D011,PL0003,11,2,true,full_body_strength,"full_body_strength session with warm-up, main work, and cool-down",45,muscle_gain;general_adult;intermediate,protein + fiber + hydration,"sleep, hydration, mobility, symptom check",v0.1-safe-seed-2026-06-11
PL0003-D012,PL0003,12,2,false,recovery,walk + mobility + hydration check,15,muscle_gain;general_adult;intermediate,protein + fiber + hydration,"sleep, hydration, mobility, symptom check",v0.1-safe-seed-2026-06-11
PL0003-D013,PL0003,13,2,false,recovery,walk + mobility + hydration check,15,muscle_gain;general_adult;intermediate,protein + fiber + hydration,"sleep, hydration, mobility, symptom check",v0.1-safe-seed-2026-06-11
PL0003-D014,PL0003,14,2,false,recovery,walk + mobility + hydration check,15,muscle_gain;general_adult;intermediate,protein + fiber + hydration,"sleep, hydration, mobility, symptom check",v0.1-safe-seed-2026-06-11
PL0003-D015,PL0003,15,3,true,skill_practice,"skill_practice session with warm-up, main work, and cool-down",45,muscle_gain;general_adult;intermediate,protein + fiber + hydration,"sleep, hydration, mobility, symptom check",v0.1-safe-seed-2026-06-11
PL0003-D016,PL0003,16,3,true,full_body_strength,"full_body_strength session with warm-up, main work, and cool-down",45,muscle_gain;general_adult;intermediate,protein + fiber + hydration,"sleep, hydration, mobility, symptom check",v0.1-safe-seed-2026-06-11
PL0003-D017,PL0003,17,3,true,cardio_endurance,"cardio_endurance session with warm-up, main work, and cool-down",45,muscle_gain;general_adult;intermediate,protein + fiber + hydration,"sleep, hydration, mobility, symptom check",v0.1-safe-seed-2026-06-11
PL0003-D018,PL0003,18,3,true,mobility_core,"mobility_core session with warm-up, main work, and cool-down",45,muscle_gain;general_adult;intermediate,protein + fiber + hydration,"sleep, hydration, mobility, symptom check",v0.1-safe-seed-2026-06-11
PL0003-D019,PL0003,19,3,false,recovery,walk + mobility + hydration check,15,muscle_gain;general_adult;intermediate,protein + fiber + hydration,"sleep, hydration, mobility, symptom check",v0.1-safe-seed-2026-06-11
PL0003-D020,PL0003,20,3,false,recovery,walk + mobility + hydration check,15,muscle_gain;general_adult;intermediate,protein + fiber + hydration,"sleep, hydration, mobility, symptom check",v0.1-safe-seed-2026-06-11
PL0003-D021,PL0003,21,3,false,recovery,walk + mobility + hydration check,15,muscle_gain;general_adult;intermediate,protein + fiber + hydration,"sleep, hydration, mobility, symptom check",v0.1-safe-seed-2026-06-11
PL0003-D022,PL0003,22,4,true,cardio_endurance,"cardio_endurance session with warm-up, main work, and cool-down",45,muscle_gain;general_adult;intermediate,protein + fiber + hydration,"sleep, hydration, mobility, symptom check",v0.1-safe-seed-2026-06-11
PL0003-D023,PL0003,23,4,true,mobility_core,"mobility_core session with warm-up, main work, and cool-down",45,muscle_gain;general_adult;intermediate,protein + fiber + hydration,"sleep, hydration, mobility, symptom check",v0.1-safe-seed-2026-06-11
PL0003-D024,PL0003,24,4,true,upper_lower_split,"upper_lower_split session with warm-up, main work, and cool-down",45,muscle_gain;general_adult;intermediate,protein + fiber + hydration,"sleep, hydration, mobility, symptom check",v0.1-safe-seed-2026-06-11
PL0003-D025,PL0003,25,4,true,skill_practice,"skill_practice session with warm-up, main work, and cool-down",45,muscle_gain;general_adult;intermediate,protein + fiber + hydration,"sleep, hydration, mobility, symptom check",v0.1-safe-seed-2026-06-11
PL0003-D026,PL0003,26,4,false,recovery,walk + mobility + hydration check,15,muscle_gain;general_adult;intermediate,protein + fiber + hydration,"sleep, hydration, mobility, symptom check",v0.1-safe-seed-2026-06-11
PL0003-D027,PL0003,27,4,false,recovery,walk + mobility + hydration check,15,muscle_gain;general_adult;intermediate,protein + fiber + hydration,"sleep, hydration, mobility, symptom check",v0.1-safe-seed-2026-06-11
PL0003-D028,PL0003,28,4,false,recovery,walk + mobility + hydration check,15,muscle_gain;general_adult;intermediate,protein + fiber + hydration,"sleep, hydration, mobility, symptom check",v0.1-safe-seed-2026-06-11
PL0004-D001,PL0004,1,1,true,full_body_strength,"full_body_strength session with warm-up, main work, and cool-down",30,strength;general_adult;beginner,protein + fiber + hydration,"sleep, hydration, mobility, symptom check",v0.1-safe-seed-2026-06-11
PL0004-D002,PL0004,2,1,true,cardio_endurance,"cardio_endurance session with warm-up, main work, and cool-down",30,strength;general_adult;beginner,protein + fiber + hydration,"sleep, hydration, mobility, symptom check",v0.1-safe-seed-2026-06-11
PL0004-D003,PL0004,3,1,true,mobility_core,"mobility_core session with warm-up, main work, and cool-down",30,strength;general_adult;beginner,protein + fiber + hydration,"sleep, hydration, mobility, symptom check",v0.1-safe-seed-2026-06-11
PL0004-D004,PL0004,4,1,false,recovery,walk + mobility + hydration check,15,strength;general_adult;beginner,protein + fiber + hydration,"sleep, hydration, mobility, symptom check",v0.1-safe-seed-2026-06-11
PL0004-D005,PL0004,5,1,false,recovery,walk + mobility + hydration check,15,strength;general_adult;beginner,protein + fiber + hydration,"sleep, hydration, mobility, symptom check",v0.1-safe-seed-2026-06-11
PL0004-D006,PL0004,6,1,false,recovery,walk + mobility + hydration check,15,strength;general_adult;beginner,protein + fiber + hydration,"sleep, hydration, mobility, symptom check",v0.1-safe-seed-2026-06-11
PL0004-D007,PL0004,7,1,false,recovery,walk + mobility + hydration check,15,strength;general_adult;beginner,protein + fiber + hydration,"sleep, hydration, mobility, symptom check",v0.1-safe-seed-2026-06-11
PL0004-D008,PL0004,8,2,true,mobility_core,"mobility_core session with warm-up, main work, and cool-down",30,strength;general_adult;beginner,protein + fiber + hydration,"sleep, hydration, mobility, symptom check",v0.1-safe-seed-2026-06-11
PL0004-D009,PL0004,9,2,true,upper_lower_split,"upper_lower_split session with warm-up, main work, and cool-down",30,strength;general_adult;beginner,protein + fiber + hydration,"sleep, hydration, mobility, symptom check",v0.1-safe-seed-2026-06-11
PL0004-D010,PL0004,10,2,true,skill_practice,"skill_practice session with warm-up, main work, and cool-down",30,strength;general_adult;beginner,protein + fiber + hydration,"sleep, hydration, mobility, symptom check",v0.1-safe-seed-2026-06-11
PL0004-D011,PL0004,11,2,false,recovery,walk + mobility + hydration check,15,strength;general_adult;beginner,protein + fiber + hydration,"sleep, hydration, mobility, symptom check",v0.1-safe-seed-2026-06-11
PL0004-D012,PL0004,12,2,false,recovery,walk + mobility + hydration check,15,strength;general_adult;beginner,protein + fiber + hydration,"sleep, hydration, mobility, symptom check",v0.1-safe-seed-2026-06-11
PL0004-D013,PL0004,13,2,false,recovery,walk + mobility + hydration check,15,strength;general_adult;beginner,protein + fiber + hydration,"sleep, hydration, mobility, symptom check",v0.1-safe-seed-2026-06-11
PL0004-D014,PL0004,14,2,false,recovery,walk + mobility + hydration check,15,strength;general_adult;beginner,protein + fiber + hydration,"sleep, hydration, mobility, symptom check",v0.1-safe-seed-2026-06-11
PL0004-D015,PL0004,15,3,true,skill_practice,"skill_practice session with warm-up, main work, and cool-down",30,strength;general_adult;beginner,protein + fiber + hydration,"sleep, hydration, mobility, symptom check",v0.1-safe-seed-2026-06-11
PL0004-D016,PL0004,16,3,true,full_body_strength,"full_body_strength session with warm-up, main work, and cool-down",30,strength;general_adult;beginner,protein + fiber + hydration,"sleep, hydration, mobility, symptom check",v0.1-safe-seed-2026-06-11
PL0004-D017,PL0004,17,3,true,cardio_endurance,"cardio_endurance session with warm-up, main work, and cool-down",30,strength;general_adult;beginner,protein + fiber + hydration,"sleep, hydration, mobility, symptom check",v0.1-safe-seed-2026-06-11
PL0004-D018,PL0004,18,3,false,recovery,walk + mobility + hydration check,15,strength;general_adult;beginner,protein + fiber + hydration,"sleep, hydration, mobility, symptom check",v0.1-safe-seed-2026-06-11
PL0004-D019,PL0004,19,3,false,recovery,walk + mobility + hydration check,15,strength;general_adult;beginner,protein + fiber + hydration,"sleep, hydration, mobility, symptom check",v0.1-safe-seed-2026-06-11
PL0004-D020,PL0004,20,3,false,recovery,walk + mobility + hydration check,15,strength;general_adult;beginner,protein + fiber + hydration,"sleep, hydration, mobility, symptom check",v0.1-safe-seed-2026-06-11
PL0004-D021,PL0004,21,3,false,recovery,walk + mobility + hydration check,15,strength;general_adult;beginner,protein + fiber + hydration,"sleep, hydration, mobility, symptom check",v0.1-safe-seed-2026-06-11
PL0004-D022,PL0004,22,4,true,cardio_endurance,"cardio_endurance session with warm-up, main work, and cool-down",30,strength;general_adult;beginner,protein + fiber + hydration,"sleep, hydration, mobility, symptom check",v0.1-safe-seed-2026-06-11
PL0004-D023,PL0004,23,4,true,mobility_core,"mobility_core session with warm-up, main work, and cool-down",30,strength;general_adult;beginner,protein + fiber + hydration,"sleep, hydration, mobility, symptom check",v0.1-safe-seed-2026-06-11
PL0004-D024,PL0004,24,4,true,upper_lower_split,"upper_lower_split session with warm-up, main work, and cool-down",30,strength;general_adult;beginner,protein + fiber + hydration,"sleep, hydration, mobility, symptom check",v0.1-safe-seed-2026-06-11
PL0004-D025,PL0004,25,4,false,recovery,walk + mobility + hydration check,15,strength;general_adult;beginner,protein + fiber + hydration,"sleep, hydration, mobility, symptom check",v0.1-safe-seed-2026-06-11
PL0004-D026,PL0004,26,4,false,recovery,walk + mobility + hydration check,15,strength;general_adult;beginner,protein + fiber + hydration,"sleep, hydration, mobility, symptom check",v0.1-safe-seed-2026-06-11
PL0004-D027,PL0004,27,4,false,recovery,walk + mobility + hydration check,15,strength;general_adult;beginner,protein + fiber + hydration,"sleep, hydration, mobility, symptom check",v0.1-safe-seed-2026-06-11
PL0004-D028,PL0004,28,4,false,recovery,walk + mobility + hydration check,15,strength;general_adult;beginner,protein + fiber + hydration,"sleep, hydration, mobility, symptom check",v0.1-safe-seed-2026-06-11
PL0004-D029,PL0004,29,5,true,upper_lower_split,"upper_lower_split session with warm-up, main work, and cool-down",30,strength;general_adult;beginner,protein + fiber + hydration,"sleep, hydration, mobility, symptom check",v0.1-safe-seed-2026-06-11
PL0004-D030,PL0004,30,5,true,skill_practice,"skill_practice session with warm-up, main work, and cool-down",30,strength;general_adult;beginner,protein + fiber + hydration,"sleep, hydration, mobility, symptom check",v0.1-safe-seed-2026-06-11
PL0004-D031,PL0004,31,5,true,full_body_strength,"full_body_strength session with warm-up, main work, and cool-down",30,strength;general_adult;beginner,protein + fiber + hydration,"sleep, hydration, mobility, symptom check",v0.1-safe-seed-2026-06-11
PL0004-D032,PL0004,32,5,false,recovery,walk + mobility + hydration check,15,strength;general_adult;beginner,protein + fiber + hydration,"sleep, hydration, mobility, symptom check",v0.1-safe-seed-2026-06-11
PL0004-D033,PL0004,33,5,false,recovery,walk + mobility + hydration check,15,strength;general_adult;beginner,protein + fiber + hydration,"sleep, hydration, mobility, symptom check",v0.1-safe-seed-2026-06-11
PL0004-D034,PL0004,34,5,false,recovery,walk + mobility + hydration check,15,strength;general_adult;beginner,protein + fiber + hydration,"sleep, hydration, mobility, symptom check",v0.1-safe-seed-2026-06-11
PL0004-D035,PL0004,35,5,false,recovery,walk + mobility + hydration check,15,strength;general_adult;beginner,protein + fiber + hydration,"sleep, hydration, mobility, symptom check",v0.1-safe-seed-2026-06-11
PL0004-D036,PL0004,36,6,true,full_body_strength,"full_body_strength session with warm-up, main work, and cool-down",30,strength;general_adult;beginner,protein + fiber + hydration,"sleep, hydration, mobility, symptom check",v0.1-safe-seed-2026-06-11
PL0004-D037,PL0004,37,6,true,cardio_endurance,"cardio_endurance session with warm-up, main work, and cool-down",30,strength;general_adult;beginner,protein + fiber + hydration,"sleep, hydration, mobility, symptom check",v0.1-safe-seed-2026-06-11
PL0004-D038,PL0004,38,6,true,mobility_core,"mobility_core session with warm-up, main work, and cool-down",30,strength;general_adult;beginner,protein + fiber + hydration,"sleep, hydration, mobility, symptom check",v0.1-safe-seed-2026-06-11
PL0004-D039,PL0004,39,6,false,recovery,walk + mobility + hydration check,15,strength;general_adult;beginner,protein + fiber + hydration,"sleep, hydration, mobility, symptom check",v0.1-safe-seed-2026-06-11
PL0004-D040,PL0004,40,6,false,recovery,walk + mobility + hydration check,15,strength;general_adult;beginner,protein + fiber + hydration,"sleep, hydration, mobility, symptom check",v0.1-safe-seed-2026-06-11
PL0004-D041,PL0004,41,6,false,recovery,walk + mobility + hydration check,15,strength;general_adult;beginner,protein + fiber + hydration,"sleep, hydration, mobility, symptom check",v0.1-safe-seed-2026-06-11
PL0004-D042,PL0004,42,6,false,recovery,walk + mobility + hydration check,15,strength;general_adult;beginner,protein + fiber + hydration,"sleep, hydration, mobility, symptom check",v0.1-safe-seed-2026-06-11
PL0004-D043,PL0004,43,7,true,mobility_core,"mobility_core session with warm-up, main work, and cool-down",30,strength;general_adult;beginner,protein + fiber + hydration,"sleep, hydration, mobility, symptom check",v0.1-safe-seed-2026-06-11
PL0004-D044,PL0004,44,7,true,upper_lower_split,"upper_lower_split session with warm-up, main work, and cool-down",30,strength;general_adult;beginner,protein + fiber + hydration,"sleep, hydration, mobility, symptom check",v0.1-safe-seed-2026-06-11
PL0004-D045,PL0004,45,7,true,skill_practice,"skill_practice session with warm-up, main work, and cool-down",30,strength;general_adult;beginner,protein + fiber + hydration,"sleep, hydration, mobility, symptom check",v0.1-safe-seed-2026-06-11
PL0004-D046,PL0004,46,7,false,recovery,walk + mobility + hydration check,15,strength;general_adult;beginner,protein + fiber + hydration,"sleep, hydration, mobility, symptom check",v0.1-safe-seed-2026-06-11
PL0004-D047,PL0004,47,7,false,recovery,walk + mobility + hydration check,15,strength;general_adult;beginner,protein + fiber + hydration,"sleep, hydration, mobility, symptom check",v0.1-safe-seed-2026-06-11
PL0004-D048,PL0004,48,7,false,recovery,walk + mobility + hydration check,15,strength;general_adult;beginner,protein + fiber + hydration,"sleep, hydration, mobility, symptom check",v0.1-safe-seed-2026-06-11
PL0004-D049,PL0004,49,7,false,recovery,walk + mobility + hydration check,15,strength;general_adult;beginner,protein + fiber + hydration,"sleep, hydration, mobility, symptom check",v0.1-safe-seed-2026-06-11
PL0004-D050,PL0004,50,8,true,skill_practice,"skill_practice session with warm-up, main work, and cool-down",30,strength;general_adult;beginner,protein + fiber + hydration,"sleep, hydration, mobility, symptom check",v0.1-safe-seed-2026-06-11
PL0004-D051,PL0004,51,8,true,full_body_strength,"full_body_strength session with warm-up, main work, and cool-down",30,strength;general_adult;beginner,protein + fiber + hydration,"sleep, hydration, mobility, symptom check",v0.1-safe-seed-2026-06-11
PL0004-D052,PL0004,52,8,true,cardio_endurance,"cardio_endurance session with warm-up, main work, and cool-down",30,strength;general_adult;beginner,protein + fiber + hydration,"sleep, hydration, mobility, symptom check",v0.1-safe-seed-2026-06-11
PL0004-D053,PL0004,53,8,false,recovery,walk + mobility + hydration check,15,strength;general_adult;beginner,protein + fiber + hydration,"sleep, hydration, mobility, symptom check",v0.1-safe-seed-2026-06-11
PL0004-D054,PL0004,54,8,false,recovery,walk + mobility + hydration check,15,strength;general_adult;beginner,protein + fiber + hydration,"sleep, hydration, mobility, symptom check",v0.1-safe-seed-2026-06-11
PL0004-D055,PL0004,55,8,false,recovery,walk + mobility + hydration check,15,strength;general_adult;beginner,protein + fiber + hydration,"sleep, hydration, mobility, symptom check",v0.1-safe-seed-2026-06-11
PL0004-D056,PL0004,56,8,false,recovery,walk + mobility + hydration check,15,strength;general_adult;beginner,protein + fiber + hydration,"sleep, hydration, mobility, symptom check",v0.1-safe-seed-2026-06-11
PL0005-D001,PL0005,1,1,true,full_body_strength,bench technique + upper back + triceps + recovery mobility,45,bench_press_goal;general_adult;beginner,protein + fiber + hydration,"sleep, hydration, mobility, symptom check",v0.1-safe-seed-2026-06-11
PL0005-D002,PL0005,2,1,true,cardio_endurance,bench technique + upper back + triceps + recovery mobility,45,bench_press_goal;general_adult;beginner,protein + fiber + hydration,"sleep, hydration, mobility, symptom check",v0.1-safe-seed-2026-06-11
PL0005-D003,PL0005,3,1,true,mobility_core,bench technique + upper back + triceps + recovery mobility,45,bench_press_goal;general_adult;beginner,protein + fiber + hydration,"sleep, hydration, mobility, symptom check",v0.1-safe-seed-2026-06-11
PL0005-D004,PL0005,4,1,false,recovery,walk + mobility + hydration check,15,bench_press_goal;general_adult;beginner,protein + fiber + hydration,"sleep, hydration, mobility, symptom check",v0.1-safe-seed-2026-06-11
PL0005-D005,PL0005,5,1,false,recovery,walk + mobility + hydration check,15,bench_press_goal;general_adult;beginner,protein + fiber + hydration,"sleep, hydration, mobility, symptom check",v0.1-safe-seed-2026-06-11
PL0005-D006,PL0005,6,1,false,recovery,walk + mobility + hydration check,15,bench_press_goal;general_adult;beginner,protein + fiber + hydration,"sleep, hydration, mobility, symptom check",v0.1-safe-seed-2026-06-11
PL0005-D007,PL0005,7,1,false,recovery,walk + mobility + hydration check,15,bench_press_goal;general_adult;beginner,protein + fiber + hydration,"sleep, hydration, mobility, symptom check",v0.1-safe-seed-2026-06-11
PL0005-D008,PL0005,8,2,true,mobility_core,bench technique + upper back + triceps + recovery mobility,45,bench_press_goal;general_adult;beginner,protein + fiber + hydration,"sleep, hydration, mobility, symptom check",v0.1-safe-seed-2026-06-11
PL0005-D009,PL0005,9,2,true,upper_lower_split,bench technique + upper back + triceps + recovery mobility,45,bench_press_goal;general_adult;beginner,protein + fiber + hydration,"sleep, hydration, mobility, symptom check",v0.1-safe-seed-2026-06-11
PL0005-D010,PL0005,10,2,true,skill_practice,bench technique + upper back + triceps + recovery mobility,45,bench_press_goal;general_adult;beginner,protein + fiber + hydration,"sleep, hydration, mobility, symptom check",v0.1-safe-seed-2026-06-11
PL0005-D011,PL0005,11,2,false,recovery,walk + mobility + hydration check,15,bench_press_goal;general_adult;beginner,protein + fiber + hydration,"sleep, hydration, mobility, symptom check",v0.1-safe-seed-2026-06-11
PL0005-D012,PL0005,12,2,false,recovery,walk + mobility + hydration check,15,bench_press_goal;general_adult;beginner,protein + fiber + hydration,"sleep, hydration, mobility, symptom check",v0.1-safe-seed-2026-06-11
PL0005-D013,PL0005,13,2,false,recovery,walk + mobility + hydration check,15,bench_press_goal;general_adult;beginner,protein + fiber + hydration,"sleep, hydration, mobility, symptom check",v0.1-safe-seed-2026-06-11
PL0005-D014,PL0005,14,2,false,recovery,walk + mobility + hydration check,15,bench_press_goal;general_adult;beginner,protein + fiber + hydration,"sleep, hydration, mobility, symptom check",v0.1-safe-seed-2026-06-11
PL0005-D015,PL0005,15,3,true,skill_practice,bench technique + upper back + triceps + recovery mobility,45,bench_press_goal;general_adult;beginner,protein + fiber + hydration,"sleep, hydration, mobility, symptom check",v0.1-safe-seed-2026-06-11
PL0005-D016,PL0005,16,3,true,full_body_strength,bench technique + upper back + triceps + recovery mobility,45,bench_press_goal;general_adult;beginner,protein + fiber + hydration,"sleep, hydration, mobility, symptom check",v0.1-safe-seed-2026-06-11
PL0005-D017,PL0005,17,3,true,cardio_endurance,bench technique + upper back + triceps + recovery mobility,45,bench_press_goal;general_adult;beginner,protein + fiber + hydration,"sleep, hydration, mobility, symptom check",v0.1-safe-seed-2026-06-11
PL0005-D018,PL0005,18,3,false,recovery,walk + mobility + hydration check,15,bench_press_goal;general_adult;beginner,protein + fiber + hydration,"sleep, hydration, mobility, symptom check",v0.1-safe-seed-2026-06-11
PL0005-D019,PL0005,19,3,false,recovery,walk + mobility + hydration check,15,bench_press_goal;general_adult;beginner,protein + fiber + hydration,"sleep, hydration, mobility, symptom check",v0.1-safe-seed-2026-06-11
PL0005-D020,PL0005,20,3,false,recovery,walk + mobility + hydration check,15,bench_press_goal;general_adult;beginner,protein + fiber + hydration,"sleep, hydration, mobility, symptom check",v0.1-safe-seed-2026-06-11
PL0005-D021,PL0005,21,3,false,recovery,walk + mobility + hydration check,15,bench_press_goal;general_adult;beginner,protein + fiber + hydration,"sleep, hydration, mobility, symptom check",v0.1-safe-seed-2026-06-11
PL0005-D022,PL0005,22,4,true,cardio_endurance,bench technique + upper back + triceps + recovery mobility,45,bench_press_goal;general_adult;beginner,protein + fiber + hydration,"sleep, hydration, mobility, symptom check",v0.1-safe-seed-2026-06-11
PL0005-D023,PL0005,23,4,true,mobility_core,bench technique + upper back + triceps + recovery mobility,45,bench_press_goal;general_adult;beginner,protein + fiber + hydration,"sleep, hydration, mobility, symptom check",v0.1-safe-seed-2026-06-11
PL0005-D024,PL0005,24,4,true,upper_lower_split,bench technique + upper back + triceps + recovery mobility,45,bench_press_goal;general_adult;beginner,protein + fiber + hydration,"sleep, hydration, mobility, symptom check",v0.1-safe-seed-2026-06-11
PL0005-D025,PL0005,25,4,false,recovery,walk + mobility + hydration check,15,bench_press_goal;general_adult;beginner,protein + fiber + hydration,"sleep, hydration, mobility, symptom check",v0.1-safe-seed-2026-06-11
PL0005-D026,PL0005,26,4,false,recovery,walk + mobility + hydration check,15,bench_press_goal;general_adult;beginner,protein + fiber + hydration,"sleep, hydration, mobility, symptom check",v0.1-safe-seed-2026-06-11
PL0005-D027,PL0005,27,4,false,recovery,walk + mobility + hydration check,15,bench_press_goal;general_adult;beginner,protein + fiber + hydration,"sleep, hydration, mobility, symptom check",v0.1-safe-seed-2026-06-11
PL0005-D028,PL0005,28,4,false,recovery,walk + mobility + hydration check,15,bench_press_goal;general_adult;beginner,protein + fiber + hydration,"sleep, hydration, mobility, symptom check",v0.1-safe-seed-2026-06-11
PL0005-D029,PL0005,29,5,true,upper_lower_split,bench technique + upper back + triceps + recovery mobility,45,bench_press_goal;general_adult;beginner,protein + fiber + hydration,"sleep, hydration, mobility, symptom check",v0.1-safe-seed-2026-06-11
PL0005-D030,PL0005,30,5,true,skill_practice,bench technique + upper back + triceps + recovery mobility,45,bench_press_goal;general_adult;beginner,protein + fiber + hydration,"sleep, hydration, mobility, symptom check",v0.1-safe-seed-2026-06-11
PL0005-D031,PL0005,31,5,true,full_body_strength,bench technique + upper back + triceps + recovery mobility,45,bench_press_goal;general_adult;beginner,protein + fiber + hydration,"sleep, hydration, mobility, symptom check",v0.1-safe-seed-2026-06-11
PL0005-D032,PL0005,32,5,false,recovery,walk + mobility + hydration check,15,bench_press_goal;general_adult;beginner,protein + fiber + hydration,"sleep, hydration, mobility, symptom check",v0.1-safe-seed-2026-06-11
PL0005-D033,PL0005,33,5,false,recovery,walk + mobility + hydration check,15,bench_press_goal;general_adult;beginner,protein + fiber + hydration,"sleep, hydration, mobility, symptom check",v0.1-safe-seed-2026-06-11
PL0005-D034,PL0005,34,5,false,recovery,walk + mobility + hydration check,15,bench_press_goal;general_adult;beginner,protein + fiber + hydration,"sleep, hydration, mobility, symptom check",v0.1-safe-seed-2026-06-11
PL0005-D035,PL0005,35,5,false,recovery,walk + mobility + hydration check,15,bench_press_goal;general_adult;beginner,protein + fiber + hydration,"sleep, hydration, mobility, symptom check",v0.1-safe-seed-2026-06-11
PL0005-D036,PL0005,36,6,true,full_body_strength,bench technique + upper back + triceps + recovery mobility,45,bench_press_goal;general_adult;beginner,protein + fiber + hydration,"sleep, hydration, mobility, symptom check",v0.1-safe-seed-2026-06-11
PL0005-D037,PL0005,37,6,true,cardio_endurance,bench technique + upper back + triceps + recovery mobility,45,bench_press_goal;general_adult;beginner,protein + fiber + hydration,"sleep, hydration, mobility, symptom check",v0.1-safe-seed-2026-06-11
PL0005-D038,PL0005,38,6,true,mobility_core,bench technique + upper back + triceps + recovery mobility,45,bench_press_goal;general_adult;beginner,protein + fiber + hydration,"sleep, hydration, mobility, symptom check",v0.1-safe-seed-2026-06-11
PL0005-D039,PL0005,39,6,false,recovery,walk + mobility + hydration check,15,bench_press_goal;general_adult;beginner,protein + fiber + hydration,"sleep, hydration, mobility, symptom check",v0.1-safe-seed-2026-06-11
PL0005-D040,PL0005,40,6,false,recovery,walk + mobility + hydration check,15,bench_press_goal;general_adult;beginner,protein + fiber + hydration,"sleep, hydration, mobility, symptom check",v0.1-safe-seed-2026-06-11
PL0005-D041,PL0005,41,6,false,recovery,walk + mobility + hydration check,15,bench_press_goal;general_adult;beginner,protein + fiber + hydration,"sleep, hydration, mobility, symptom check",v0.1-safe-seed-2026-06-11
PL0005-D042,PL0005,42,6,false,recovery,walk + mobility + hydration check,15,bench_press_goal;general_adult;beginner,protein + fiber + hydration,"sleep, hydration, mobility, symptom check",v0.1-safe-seed-2026-06-11
PL0005-D043,PL0005,43,7,true,mobility_core,bench technique + upper back + triceps + recovery mobility,45,bench_press_goal;general_adult;beginner,protein + fiber + hydration,"sleep, hydration, mobility, symptom check",v0.1-safe-seed-2026-06-11
PL0005-D044,PL0005,44,7,true,upper_lower_split,bench technique + upper back + triceps + recovery mobility,45,bench_press_goal;general_adult;beginner,protein + fiber + hydration,"sleep, hydration, mobility, symptom check",v0.1-safe-seed-2026-06-11
PL0005-D045,PL0005,45,7,true,skill_practice,bench technique + upper back + triceps + recovery mobility,45,bench_press_goal;general_adult;beginner,protein + fiber + hydration,"sleep, hydration, mobility, symptom check",v0.1-safe-seed-2026-06-11
PL0005-D046,PL0005,46,7,false,recovery,walk + mobility + hydration check,15,bench_press_goal;general_adult;beginner,protein + fiber + hydration,"sleep, hydration, mobility, symptom check",v0.1-safe-seed-2026-06-11
PL0005-D047,PL0005,47,7,false,recovery,walk + mobility + hydration check,15,bench_press_goal;general_adult;beginner,protein + fiber + hydration,"sleep, hydration, mobility, symptom check",v0.1-safe-seed-2026-06-11
PL0005-D048,PL0005,48,7,false,recovery,walk + mobility + hydration check,15,bench_press_goal;general_adult;beginner,protein + fiber + hydration,"sleep, hydration, mobility, symptom check",v0.1-safe-seed-2026-06-11
PL0005-D049,PL0005,49,7,false,recovery,walk + mobility + hydration check,15,bench_press_goal;general_adult;beginner,protein + fiber + hydration,"sleep, hydration, mobility, symptom check",v0.1-safe-seed-2026-06-11
PL0005-D050,PL0005,50,8,true,skill_practice,bench technique + upper back + triceps + recovery mobility,45,bench_press_goal;general_adult;beginner,protein + fiber + hydration,"sleep, hydration, mobility, symptom check",v0.1-safe-seed-2026-06-11
PL0005-D051,PL0005,51,8,true,full_body_strength,bench technique + upper back + triceps + recovery mobility,45,bench_press_goal;general_adult;beginner,protein + fiber + hydration,"sleep, hydration, mobility, symptom check",v0.1-safe-seed-2026-06-11
PL0005-D052,PL0005,52,8,true,cardio_endurance,bench technique + upper back + triceps + recovery mobility,45,bench_press_goal;general_adult;beginner,protein + fiber + hydration,"sleep, hydration, mobility, symptom check",v0.1-safe-seed-2026-06-11
PL0005-D053,PL0005,53,8,false,recovery,walk + mobility + hydration check,15,bench_press_goal;general_adult;beginner,protein + fiber + hydration,"sleep, hydration, mobility, symptom check",v0.1-safe-seed-2026-06-11
PL0005-D054,PL0005,54,8,false,recovery,walk + mobility + hydration check,15,bench_press_goal;general_adult;beginner,protein + fiber + hydration,"sleep, hydration, mobility, symptom check",v0.1-safe-seed-2026-06-11
PL0005-D055,PL0005,55,8,false,recovery,walk + mobility + hydration check,15,bench_press_goal;general_adult;beginner,protein + fiber + hydration,"sleep, hydration, mobility, symptom check",v0.1-safe-seed-2026-06-11
PL0005-D056,PL0005,56,8,false,recovery,walk + mobility + hydration check,15,bench_press_goal;general_adult;beginner,protein + fiber + hydration,"sleep, hydration, mobility, symptom check",v0.1-safe-seed-2026-06-11
PL0005-D057,PL0005,57,9,true,cardio_endurance,bench technique + upper back + triceps + recovery mobility,45,bench_press_goal;general_adult;beginner,protein + fiber + hydration,"sleep, hydration, mobility, symptom check",v0.1-safe-seed-2026-06-11
PL0005-D058,PL0005,58,9,true,mobility_core,bench technique + upper back + triceps + recovery mobility,45,bench_press_goal;general_adult;beginner,protein + fiber + hydration,"sleep, hydration, mobility, symptom check",v0.1-safe-seed-2026-06-11
PL0005-D059,PL0005,59,9,true,upper_lower_split,bench technique + upper back + triceps + recovery mobility,45,bench_press_goal;general_adult;beginner,protein + fiber + hydration,"sleep, hydration, mobility, symptom check",v0.1-safe-seed-2026-06-11
PL0005-D060,PL0005,60,9,false,recovery,walk + mobility + hydration check,15,bench_press_goal;general_adult;beginner,protein + fiber + hydration,"sleep, hydration, mobility, symptom check",v0.1-safe-seed-2026-06-11
PL0005-D061,PL0005,61,9,false,recovery,walk + mobility + hydration check,15,bench_press_goal;general_adult;beginner,protein + fiber + hydration,"sleep, hydration, mobility, symptom check",v0.1-safe-seed-2026-06-11
PL0005-D062,PL0005,62,9,false,recovery,walk + mobility + hydration check,15,bench_press_goal;general_adult;beginner,protein + fiber + hydration,"sleep, hydration, mobility, symptom check",v0.1-safe-seed-2026-06-11
PL0005-D063,PL0005,63,9,false,recovery,walk + mobility + hydration check,15,bench_press_goal;general_adult;beginner,protein + fiber + hydration,"sleep, hydration, mobility, symptom check",v0.1-safe-seed-2026-06-11
PL0005-D064,PL0005,64,10,true,upper_lower_split,bench technique + upper back + triceps + recovery mobility,45,bench_press_goal;general_adult;beginner,protein + fiber + hydration,"sleep, hydration, mobility, symptom check",v0.1-safe-seed-2026-06-11
PL0005-D065,PL0005,65,10,true,skill_practice,bench technique + upper back + triceps + recovery mobility,45,bench_press_goal;general_adult;beginner,protein + fiber + hydration,"sleep, hydration, mobility, symptom check",v0.1-safe-seed-2026-06-11
PL0005-D066,PL0005,66,10,true,full_body_strength,bench technique + upper back + triceps + recovery mobility,45,bench_press_goal;general_adult;beginner,protein + fiber + hydration,"sleep, hydration, mobility, symptom check",v0.1-safe-seed-2026-06-11
PL0005-D067,PL0005,67,10,false,recovery,walk + mobility + hydration check,15,bench_press_goal;general_adult;beginner,protein + fiber + hydration,"sleep, hydration, mobility, symptom check",v0.1-safe-seed-2026-06-11
PL0005-D068,PL0005,68,10,false,recovery,walk + mobility + hydration check,15,bench_press_goal;general_adult;beginner,protein + fiber + hydration,"sleep, hydration, mobility, symptom check",v0.1-safe-seed-2026-06-11
PL0005-D069,PL0005,69,10,false,recovery,walk + mobility + hydration check,15,bench_press_goal;general_adult;beginner,protein + fiber + hydration,"sleep, hydration, mobility, symptom check",v0.1-safe-seed-2026-06-11
PL0005-D070,PL0005,70,10,false,recovery,walk + mobility + hydration check,15,bench_press_goal;general_adult;beginner,protein + fiber + hydration,"sleep, hydration, mobility, symptom check",v0.1-safe-seed-2026-06-11
PL0005-D071,PL0005,71,11,true,full_body_strength,bench technique + upper back + triceps + recovery mobility,45,bench_press_goal;general_adult;beginner,protein + fiber + hydration,"sleep, hydration, mobility, symptom check",v0.1-safe-seed-2026-06-11
PL0005-D072,PL0005,72,11,true,cardio_endurance,bench technique + upper back + triceps + recovery mobility,45,bench_press_goal;general_adult;beginner,protein + fiber + hydration,"sleep, hydration, mobility, symptom check",v0.1-safe-seed-2026-06-11
PL0005-D073,PL0005,73,11,true,mobility_core,bench technique + upper back + triceps + recovery mobility,45,bench_press_goal;general_adult;beginner,protein + fiber + hydration,"sleep, hydration, mobility, symptom check",v0.1-safe-seed-2026-06-11
PL0005-D074,PL0005,74,11,false,recovery,walk + mobility + hydration check,15,bench_press_goal;general_adult;beginner,protein + fiber + hydration,"sleep, hydration, mobility, symptom check",v0.1-safe-seed-2026-06-11
PL0005-D075,PL0005,75,11,false,recovery,walk + mobility + hydration check,15,bench_press_goal;general_adult;beginner,protein + fiber + hydration,"sleep, hydration, mobility, symptom check",v0.1-safe-seed-2026-06-11
PL0005-D076,PL0005,76,11,false,recovery,walk + mobility + hydration check,15,bench_press_goal;general_adult;beginner,protein + fiber + hydration,"sleep, hydration, mobility, symptom check",v0.1-safe-seed-2026-06-11
PL0005-D077,PL0005,77,11,false,recovery,walk + mobility + hydration check,15,bench_press_goal;general_adult;beginner,protein + fiber + hydration,"sleep, hydration, mobility, symptom check",v0.1-safe-seed-2026-06-11
PL0005-D078,PL0005,78,12,true,mobility_core,bench technique + upper back + triceps + recovery mobility,45,bench_press_goal;general_adult;beginner,protein + fiber + hydration,"sleep, hydration, mobility, symptom check",v0.1-safe-seed-2026-06-11
PL0005-D079,PL0005,79,12,true,upper_lower_split,bench technique + upper back + triceps + recovery mobility,45,bench_press_goal;general_adult;beginner,protein + fiber + hydration,"sleep, hydration, mobility, symptom check",v0.1-safe-seed-2026-06-11
PL0005-D080,PL0005,80,12,true,skill_practice,bench technique + upper back + triceps + recovery mobility,45,bench_press_goal;general_adult;beginner,protein + fiber + hydration,"sleep, hydration, mobility, symptom check",v0.1-safe-seed-2026-06-11
PL0005-D081,PL0005,81,12,false,recovery,walk + mobility + hydration check,15,bench_press_goal;general_adult;beginner,protein + fiber + hydration,"sleep, hydration, mobility, symptom check",v0.1-safe-seed-2026-06-11
PL0005-D082,PL0005,82,12,false,recovery,walk + mobility + hydration check,15,bench_press_goal;general_adult;beginner,protein + fiber + hydration,"sleep, hydration, mobility, symptom check",v0.1-safe-seed-2026-06-11
PL0005-D083,PL0005,83,12,false,recovery,walk + mobility + hydration check,15,bench_press_goal;general_adult;beginner,protein + fiber + hydration,"sleep, hydration, mobility, symptom check",v0.1-safe-seed-2026-06-11
PL0005-D084,PL0005,84,12,false,recovery,walk + mobility + hydration check,15,bench_press_goal;general_adult;beginner,protein + fiber + hydration,"sleep, hydration, mobility, symptom check",v0.1-safe-seed-2026-06-11
PL0006-D001,PL0006,1,1,true,full_body_strength,walk/run intervals with gradual run-distance increase,20,run_5k;general_adult;beginner,protein + fiber + hydration,"sleep, hydration, mobility, symptom check",v0.1-safe-seed-2026-06-11
PL0006-D002,PL0006,2,1,true,cardio_endurance,walk/run intervals with gradual run-distance increase,20,run_5k;general_adult;beginner,protein + fiber + hydration,"sleep, hydration, mobility, symptom check",v0.1-safe-seed-2026-06-11
PL0006-D003,PL0006,3,1,true,mobility_core,walk/run intervals with gradual run-distance increase,20,run_5k;general_adult;beginner,protein + fiber + hydration,"sleep, hydration, mobility, symptom check",v0.1-safe-seed-2026-06-11
PL0006-D004,PL0006,4,1,false,recovery,walk + mobility + hydration check,15,run_5k;general_adult;beginner,protein + fiber + hydration,"sleep, hydration, mobility, symptom check",v0.1-safe-seed-2026-06-11
PL0006-D005,PL0006,5,1,false,recovery,walk + mobility + hydration check,15,run_5k;general_adult;beginner,protein + fiber + hydration,"sleep, hydration, mobility, symptom check",v0.1-safe-seed-2026-06-11
PL0006-D006,PL0006,6,1,false,recovery,walk + mobility + hydration check,15,run_5k;general_adult;beginner,protein + fiber + hydration,"sleep, hydration, mobility, symptom check",v0.1-safe-seed-2026-06-11
PL0006-D007,PL0006,7,1,false,recovery,walk + mobility + hydration check,15,run_5k;general_adult;beginner,protein + fiber + hydration,"sleep, hydration, mobility, symptom check",v0.1-safe-seed-2026-06-11
PL0006-D008,PL0006,8,2,true,mobility_core,walk/run intervals with gradual run-distance increase,24,run_5k;general_adult;beginner,protein + fiber + hydration,"sleep, hydration, mobility, symptom check",v0.1-safe-seed-2026-06-11
PL0006-D009,PL0006,9,2,true,upper_lower_split,walk/run intervals with gradual run-distance increase,24,run_5k;general_adult;beginner,protein + fiber + hydration,"sleep, hydration, mobility, symptom check",v0.1-safe-seed-2026-06-11
PL0006-D010,PL0006,10,2,true,skill_practice,walk/run intervals with gradual run-distance increase,24,run_5k;general_adult;beginner,protein + fiber + hydration,"sleep, hydration, mobility, symptom check",v0.1-safe-seed-2026-06-11
PL0006-D011,PL0006,11,2,false,recovery,walk + mobility + hydration check,15,run_5k;general_adult;beginner,protein + fiber + hydration,"sleep, hydration, mobility, symptom check",v0.1-safe-seed-2026-06-11
PL0006-D012,PL0006,12,2,false,recovery,walk + mobility + hydration check,15,run_5k;general_adult;beginner,protein + fiber + hydration,"sleep, hydration, mobility, symptom check",v0.1-safe-seed-2026-06-11
PL0006-D013,PL0006,13,2,false,recovery,walk + mobility + hydration check,15,run_5k;general_adult;beginner,protein + fiber + hydration,"sleep, hydration, mobility, symptom check",v0.1-safe-seed-2026-06-11
PL0006-D014,PL0006,14,2,false,recovery,walk + mobility + hydration check,15,run_5k;general_adult;beginner,protein + fiber + hydration,"sleep, hydration, mobility, symptom check",v0.1-safe-seed-2026-06-11
PL0006-D015,PL0006,15,3,true,skill_practice,walk/run intervals with gradual run-distance increase,26,run_5k;general_adult;beginner,protein + fiber + hydration,"sleep, hydration, mobility, symptom check",v0.1-safe-seed-2026-06-11
PL0006-D016,PL0006,16,3,true,full_body_strength,walk/run intervals with gradual run-distance increase,28,run_5k;general_adult;beginner,protein + fiber + hydration,"sleep, hydration, mobility, symptom check",v0.1-safe-seed-2026-06-11
PL0006-D017,PL0006,17,3,true,cardio_endurance,walk/run intervals with gradual run-distance increase,28,run_5k;general_adult;beginner,protein + fiber + hydration,"sleep, hydration, mobility, symptom check",v0.1-safe-seed-2026-06-11
PL0006-D018,PL0006,18,3,false,recovery,walk + mobility + hydration check,15,run_5k;general_adult;beginner,protein + fiber + hydration,"sleep, hydration, mobility, symptom check",v0.1-safe-seed-2026-06-11
PL0006-D019,PL0006,19,3,false,recovery,walk + mobility + hydration check,15,run_5k;general_adult;beginner,protein + fiber + hydration,"sleep, hydration, mobility, symptom check",v0.1-safe-seed-2026-06-11
PL0006-D020,PL0006,20,3,false,recovery,walk + mobility + hydration check,15,run_5k;general_adult;beginner,protein + fiber + hydration,"sleep, hydration, mobility, symptom check",v0.1-safe-seed-2026-06-11
PL0006-D021,PL0006,21,3,false,recovery,walk + mobility + hydration check,15,run_5k;general_adult;beginner,protein + fiber + hydration,"sleep, hydration, mobility, symptom check",v0.1-safe-seed-2026-06-11
PL0006-D022,PL0006,22,4,true,cardio_endurance,walk/run intervals with gradual run-distance increase,30,run_5k;general_adult;beginner,protein + fiber + hydration,"sleep, hydration, mobility, symptom check",v0.1-safe-seed-2026-06-11
PL0006-D023,PL0006,23,4,true,mobility_core,walk/run intervals with gradual run-distance increase,30,run_5k;general_adult;beginner,protein + fiber + hydration,"sleep, hydration, mobility, symptom check",v0.1-safe-seed-2026-06-11
PL0006-D024,PL0006,24,4,true,upper_lower_split,walk/run intervals with gradual run-distance increase,32,run_5k;general_adult;beginner,protein + fiber + hydration,"sleep, hydration, mobility, symptom check",v0.1-safe-seed-2026-06-11
PL0006-D025,PL0006,25,4,false,recovery,walk + mobility + hydration check,15,run_5k;general_adult;beginner,protein + fiber + hydration,"sleep, hydration, mobility, symptom check",v0.1-safe-seed-2026-06-11
PL0006-D026,PL0006,26,4,false,recovery,walk + mobility + hydration check,15,run_5k;general_adult;beginner,protein + fiber + hydration,"sleep, hydration, mobility, symptom check",v0.1-safe-seed-2026-06-11
PL0006-D027,PL0006,27,4,false,recovery,walk + mobility + hydration check,15,run_5k;general_adult;beginner,protein + fiber + hydration,"sleep, hydration, mobility, symptom check",v0.1-safe-seed-2026-06-11
PL0006-D028,PL0006,28,4,false,recovery,walk + mobility + hydration check,15,run_5k;general_adult;beginner,protein + fiber + hydration,"sleep, hydration, mobility, symptom check",v0.1-safe-seed-2026-06-11
PL0006-D029,PL0006,29,5,true,upper_lower_split,walk/run intervals with gradual run-distance increase,34,run_5k;general_adult;beginner,protein + fiber + hydration,"sleep, hydration, mobility, symptom check",v0.1-safe-seed-2026-06-11
PL0006-D030,PL0006,30,5,true,skill_practice,walk/run intervals with gradual run-distance increase,34,run_5k;general_adult;beginner,protein + fiber + hydration,"sleep, hydration, mobility, symptom check",v0.1-safe-seed-2026-06-11
PL0006-D031,PL0006,31,5,true,full_body_strength,walk/run intervals with gradual run-distance increase,34,run_5k;general_adult;beginner,protein + fiber + hydration,"sleep, hydration, mobility, symptom check",v0.1-safe-seed-2026-06-11
PL0006-D032,PL0006,32,5,false,recovery,walk + mobility + hydration check,15,run_5k;general_adult;beginner,protein + fiber + hydration,"sleep, hydration, mobility, symptom check",v0.1-safe-seed-2026-06-11
PL0006-D033,PL0006,33,5,false,recovery,walk + mobility + hydration check,15,run_5k;general_adult;beginner,protein + fiber + hydration,"sleep, hydration, mobility, symptom check",v0.1-safe-seed-2026-06-11
PL0006-D034,PL0006,34,5,false,recovery,walk + mobility + hydration check,15,run_5k;general_adult;beginner,protein + fiber + hydration,"sleep, hydration, mobility, symptom check",v0.1-safe-seed-2026-06-11
PL0006-D035,PL0006,35,5,false,recovery,walk + mobility + hydration check,15,run_5k;general_adult;beginner,protein + fiber + hydration,"sleep, hydration, mobility, symptom check",v0.1-safe-seed-2026-06-11
PL0006-D036,PL0006,36,6,true,full_body_strength,walk/run intervals with gradual run-distance increase,38,run_5k;general_adult;beginner,protein + fiber + hydration,"sleep, hydration, mobility, symptom check",v0.1-safe-seed-2026-06-11
PL0006-D037,PL0006,37,6,true,cardio_endurance,walk/run intervals with gradual run-distance increase,38,run_5k;general_adult;beginner,protein + fiber + hydration,"sleep, hydration, mobility, symptom check",v0.1-safe-seed-2026-06-11
PL0006-D038,PL0006,38,6,true,mobility_core,walk/run intervals with gradual run-distance increase,38,run_5k;general_adult;beginner,protein + fiber + hydration,"sleep, hydration, mobility, symptom check",v0.1-safe-seed-2026-06-11
PL0006-D039,PL0006,39,6,false,recovery,walk + mobility + hydration check,15,run_5k;general_adult;beginner,protein + fiber + hydration,"sleep, hydration, mobility, symptom check",v0.1-safe-seed-2026-06-11
PL0006-D040,PL0006,40,6,false,recovery,walk + mobility + hydration check,15,run_5k;general_adult;beginner,protein + fiber + hydration,"sleep, hydration, mobility, symptom check",v0.1-safe-seed-2026-06-11
PL0006-D041,PL0006,41,6,false,recovery,walk + mobility + hydration check,15,run_5k;general_adult;beginner,protein + fiber + hydration,"sleep, hydration, mobility, symptom check",v0.1-safe-seed-2026-06-11
PL0006-D042,PL0006,42,6,false,recovery,walk + mobility + hydration check,15,run_5k;general_adult;beginner,protein + fiber + hydration,"sleep, hydration, mobility, symptom check",v0.1-safe-seed-2026-06-11
PL0006-D043,PL0006,43,7,true,mobility_core,walk/run intervals with gradual run-distance increase,40,run_5k;general_adult;beginner,protein + fiber + hydration,"sleep, hydration, mobility, symptom check",v0.1-safe-seed-2026-06-11
PL0006-D044,PL0006,44,7,true,upper_lower_split,walk/run intervals with gradual run-distance increase,42,run_5k;general_adult;beginner,protein + fiber + hydration,"sleep, hydration, mobility, symptom check",v0.1-safe-seed-2026-06-11
PL0006-D045,PL0006,45,7,true,skill_practice,walk/run intervals with gradual run-distance increase,42,run_5k;general_adult;beginner,protein + fiber + hydration,"sleep, hydration, mobility, symptom check",v0.1-safe-seed-2026-06-11
PL0006-D046,PL0006,46,7,false,recovery,walk + mobility + hydration check,15,run_5k;general_adult;beginner,protein + fiber + hydration,"sleep, hydration, mobility, symptom check",v0.1-safe-seed-2026-06-11
PL0006-D047,PL0006,47,7,false,recovery,walk + mobility + hydration check,15,run_5k;general_adult;beginner,protein + fiber + hydration,"sleep, hydration, mobility, symptom check",v0.1-safe-seed-2026-06-11
PL0006-D048,PL0006,48,7,false,recovery,walk + mobility + hydration check,15,run_5k;general_adult;beginner,protein + fiber + hydration,"sleep, hydration, mobility, symptom check",v0.1-safe-seed-2026-06-11
PL0006-D049,PL0006,49,7,false,recovery,walk + mobility + hydration check,15,run_5k;general_adult;beginner,protein + fiber + hydration,"sleep, hydration, mobility, symptom check",v0.1-safe-seed-2026-06-11
PL0006-D050,PL0006,50,8,true,skill_practice,walk/run intervals with gradual run-distance increase,44,run_5k;general_adult;beginner,protein + fiber + hydration,"sleep, hydration, mobility, symptom check",v0.1-safe-seed-2026-06-11
PL0006-D051,PL0006,51,8,true,full_body_strength,walk/run intervals with gradual run-distance increase,44,run_5k;general_adult;beginner,protein + fiber + hydration,"sleep, hydration, mobility, symptom check",v0.1-safe-seed-2026-06-11
PL0006-D052,PL0006,52,8,true,cardio_endurance,walk/run intervals with gradual run-distance increase,45,run_5k;general_adult;beginner,protein + fiber + hydration,"sleep, hydration, mobility, symptom check",v0.1-safe-seed-2026-06-11
PL0006-D053,PL0006,53,8,false,recovery,walk + mobility + hydration check,15,run_5k;general_adult;beginner,protein + fiber + hydration,"sleep, hydration, mobility, symptom check",v0.1-safe-seed-2026-06-11
PL0006-D054,PL0006,54,8,false,recovery,walk + mobility + hydration check,15,run_5k;general_adult;beginner,protein + fiber + hydration,"sleep, hydration, mobility, symptom check",v0.1-safe-seed-2026-06-11
PL0006-D055,PL0006,55,8,false,recovery,walk + mobility + hydration check,15,run_5k;general_adult;beginner,protein + fiber + hydration,"sleep, hydration, mobility, symptom check",v0.1-safe-seed-2026-06-11
PL0006-D056,PL0006,56,8,false,recovery,walk + mobility + hydration check,15,run_5k;general_adult;beginner,protein + fiber + hydration,"sleep, hydration, mobility, symptom check",v0.1-safe-seed-2026-06-11
PL0006-D057,PL0006,57,9,true,cardio_endurance,walk/run intervals with gradual run-distance increase,45,run_5k;general_adult;beginner,protein + fiber + hydration,"sleep, hydration, mobility, symptom check",v0.1-safe-seed-2026-06-11
PL0006-D058,PL0006,58,9,true,mobility_core,walk/run intervals with gradual run-distance increase,45,run_5k;general_adult;beginner,protein + fiber + hydration,"sleep, hydration, mobility, symptom check",v0.1-safe-seed-2026-06-11
PL0006-D059,PL0006,59,9,true,upper_lower_split,walk/run intervals with gradual run-distance increase,45,run_5k;general_adult;beginner,protein + fiber + hydration,"sleep, hydration, mobility, symptom check",v0.1-safe-seed-2026-06-11
PL0006-D060,PL0006,60,9,false,recovery,walk + mobility + hydration check,15,run_5k;general_adult;beginner,protein + fiber + hydration,"sleep, hydration, mobility, symptom check",v0.1-safe-seed-2026-06-11
PL0006-D061,PL0006,61,9,false,recovery,walk + mobility + hydration check,15,run_5k;general_adult;beginner,protein + fiber + hydration,"sleep, hydration, mobility, symptom check",v0.1-safe-seed-2026-06-11
PL0006-D062,PL0006,62,9,false,recovery,walk + mobility + hydration check,15,run_5k;general_adult;beginner,protein + fiber + hydration,"sleep, hydration, mobility, symptom check",v0.1-safe-seed-2026-06-11
PL0006-D063,PL0006,63,9,false,recovery,walk + mobility + hydration check,15,run_5k;general_adult;beginner,protein + fiber + hydration,"sleep, hydration, mobility, symptom check",v0.1-safe-seed-2026-06-11
PL0006-D064,PL0006,64,10,true,upper_lower_split,walk/run intervals with gradual run-distance increase,45,run_5k;general_adult;beginner,protein + fiber + hydration,"sleep, hydration, mobility, symptom check",v0.1-safe-seed-2026-06-11
PL0006-D065,PL0006,65,10,true,skill_practice,walk/run intervals with gradual run-distance increase,45,run_5k;general_adult;beginner,protein + fiber + hydration,"sleep, hydration, mobility, symptom check",v0.1-safe-seed-2026-06-11
PL0006-D066,PL0006,66,10,true,full_body_strength,walk/run intervals with gradual run-distance increase,45,run_5k;general_adult;beginner,protein + fiber + hydration,"sleep, hydration, mobility, symptom check",v0.1-safe-seed-2026-06-11
PL0006-D067,PL0006,67,10,false,recovery,walk + mobility + hydration check,15,run_5k;general_adult;beginner,protein + fiber + hydration,"sleep, hydration, mobility, symptom check",v0.1-safe-seed-2026-06-11
PL0006-D068,PL0006,68,10,false,recovery,walk + mobility + hydration check,15,run_5k;general_adult;beginner,protein + fiber + hydration,"sleep, hydration, mobility, symptom check",v0.1-safe-seed-2026-06-11
PL0006-D069,PL0006,69,10,false,recovery,walk + mobility + hydration check,15,run_5k;general_adult;beginner,protein + fiber + hydration,"sleep, hydration, mobility, symptom check",v0.1-safe-seed-2026-06-11
PL0006-D070,PL0006,70,10,false,recovery,walk + mobility + hydration check,15,run_5k;general_adult;beginner,protein + fiber + hydration,"sleep, hydration, mobility, symptom check",v0.1-safe-seed-2026-06-11
PL0006-D071,PL0006,71,11,true,full_body_strength,walk/run intervals with gradual run-distance increase,45,run_5k;general_adult;beginner,protein + fiber + hydration,"sleep, hydration, mobility, symptom check",v0.1-safe-seed-2026-06-11
PL0006-D072,PL0006,72,11,true,cardio_endurance,walk/run intervals with gradual run-distance increase,45,run_5k;general_adult;beginner,protein + fiber + hydration,"sleep, hydration, mobility, symptom check",v0.1-safe-seed-2026-06-11
PL0006-D073,PL0006,73,11,true,mobility_core,walk/run intervals with gradual run-distance increase,45,run_5k;general_adult;beginner,protein + fiber + hydration,"sleep, hydration, mobility, symptom check",v0.1-safe-seed-2026-06-11
PL0006-D074,PL0006,74,11,false,recovery,walk + mobility + hydration check,15,run_5k;general_adult;beginner,protein + fiber + hydration,"sleep, hydration, mobility, symptom check",v0.1-safe-seed-2026-06-11
PL0006-D075,PL0006,75,11,false,recovery,walk + mobility + hydration check,15,run_5k;general_adult;beginner,protein + fiber + hydration,"sleep, hydration, mobility, symptom check",v0.1-safe-seed-2026-06-11
PL0006-D076,PL0006,76,11,false,recovery,walk + mobility + hydration check,15,run_5k;general_adult;beginner,protein + fiber + hydration,"sleep, hydration, mobility, symptom check",v0.1-safe-seed-2026-06-11
PL0006-D077,PL0006,77,11,false,recovery,walk + mobility + hydration check,15,run_5k;general_adult;beginner,protein + fiber + hydration,"sleep, hydration, mobility, symptom check",v0.1-safe-seed-2026-06-11
PL0006-D078,PL0006,78,12,true,mobility_core,walk/run intervals with gradual run-distance increase,45,run_5k;general_adult;beginner,protein + fiber + hydration,"sleep, hydration, mobility, symptom check",v0.1-safe-seed-2026-06-11
PL0006-D079,PL0006,79,12,true,upper_lower_split,walk/run intervals with gradual run-distance increase,45,run_5k;general_adult;beginner,protein + fiber + hydration,"sleep, hydration, mobility, symptom check",v0.1-safe-seed-2026-06-11
PL0006-D080,PL0006,80,12,true,skill_practice,walk/run intervals with gradual run-distance increase,45,run_5k;general_adult;beginner,protein + fiber + hydration,"sleep, hydration, mobility, symptom check",v0.1-safe-seed-2026-06-11
PL0006-D081,PL0006,81,12,false,recovery,walk + mobility + hydration check,15,run_5k;general_adult;beginner,protein + fiber + hydration,"sleep, hydration, mobility, symptom check",v0.1-safe-seed-2026-06-11
PL0006-D082,PL0006,82,12,false,recovery,walk + mobility + hydration check,15,run_5k;general_adult;beginner,protein + fiber + hydration,"sleep, hydration, mobility, symptom check",v0.1-safe-seed-2026-06-11
PL0006-D083,PL0006,83,12,false,recovery,walk + mobility + hydration check,15,run_5k;general_adult;beginner,protein + fiber + hydration,"sleep, hydration, mobility, symptom check",v0.1-safe-seed-2026-06-11
PL0006-D084,PL0006,84,12,false,recovery,walk + mobility + hydration check,15,run_5k;general_adult;beginner,protein + fiber + hydration,"sleep, hydration, mobility, symptom check",v0.1-safe-seed-2026-06-11
PL0007-D001,PL0007,1,1,true,full_body_strength,"full_body_strength session with warm-up, main work, and cool-down",30,mobility;general_adult;beginner,protein + fiber + hydration,"sleep, hydration, mobility, symptom check",v0.1-safe-seed-2026-06-11
PL0007-D002,PL0007,2,1,true,cardio_endurance,"cardio_endurance session with warm-up, main work, and cool-down",30,mobility;general_adult;beginner,protein + fiber + hydration,"sleep, hydration, mobility, symptom check",v0.1-safe-seed-2026-06-11
PL0007-D003,PL0007,3,1,true,mobility_core,"mobility_core session with warm-up, main work, and cool-down",30,mobility;general_adult;beginner,protein + fiber + hydration,"sleep, hydration, mobility, symptom check",v0.1-safe-seed-2026-06-11
PL0007-D004,PL0007,4,1,true,upper_lower_split,"upper_lower_split session with warm-up, main work, and cool-down",30,mobility;general_adult;beginner,protein + fiber + hydration,"sleep, hydration, mobility, symptom check",v0.1-safe-seed-2026-06-11
PL0007-D005,PL0007,5,1,true,skill_practice,"skill_practice session with warm-up, main work, and cool-down",30,mobility;general_adult;beginner,protein + fiber + hydration,"sleep, hydration, mobility, symptom check",v0.1-safe-seed-2026-06-11
PL0007-D006,PL0007,6,1,false,recovery,walk + mobility + hydration check,15,mobility;general_adult;beginner,protein + fiber + hydration,"sleep, hydration, mobility, symptom check",v0.1-safe-seed-2026-06-11
PL0007-D007,PL0007,7,1,false,recovery,walk + mobility + hydration check,15,mobility;general_adult;beginner,protein + fiber + hydration,"sleep, hydration, mobility, symptom check",v0.1-safe-seed-2026-06-11
PL0007-D008,PL0007,8,2,true,mobility_core,"mobility_core session with warm-up, main work, and cool-down",30,mobility;general_adult;beginner,protein + fiber + hydration,"sleep, hydration, mobility, symptom check",v0.1-safe-seed-2026-06-11
PL0007-D009,PL0007,9,2,true,upper_lower_split,"upper_lower_split session with warm-up, main work, and cool-down",30,mobility;general_adult;beginner,protein + fiber + hydration,"sleep, hydration, mobility, symptom check",v0.1-safe-seed-2026-06-11
PL0007-D010,PL0007,10,2,true,skill_practice,"skill_practice session with warm-up, main work, and cool-down",30,mobility;general_adult;beginner,protein + fiber + hydration,"sleep, hydration, mobility, symptom check",v0.1-safe-seed-2026-06-11
PL0007-D011,PL0007,11,2,true,full_body_strength,"full_body_strength session with warm-up, main work, and cool-down",30,mobility;general_adult;beginner,protein + fiber + hydration,"sleep, hydration, mobility, symptom check",v0.1-safe-seed-2026-06-11
PL0007-D012,PL0007,12,2,true,cardio_endurance,"cardio_endurance session with warm-up, main work, and cool-down",30,mobility;general_adult;beginner,protein + fiber + hydration,"sleep, hydration, mobility, symptom check",v0.1-safe-seed-2026-06-11
PL0007-D013,PL0007,13,2,false,recovery,walk + mobility + hydration check,15,mobility;general_adult;beginner,protein + fiber + hydration,"sleep, hydration, mobility, symptom check",v0.1-safe-seed-2026-06-11
PL0007-D014,PL0007,14,2,false,recovery,walk + mobility + hydration check,15,mobility;general_adult;beginner,protein + fiber + hydration,"sleep, hydration, mobility, symptom check",v0.1-safe-seed-2026-06-11
PL0007-D015,PL0007,15,3,true,skill_practice,"skill_practice session with warm-up, main work, and cool-down",30,mobility;general_adult;beginner,protein + fiber + hydration,"sleep, hydration, mobility, symptom check",v0.1-safe-seed-2026-06-11
PL0007-D016,PL0007,16,3,true,full_body_strength,"full_body_strength session with warm-up, main work, and cool-down",30,mobility;general_adult;beginner,protein + fiber + hydration,"sleep, hydration, mobility, symptom check",v0.1-safe-seed-2026-06-11
PL0007-D017,PL0007,17,3,true,cardio_endurance,"cardio_endurance session with warm-up, main work, and cool-down",30,mobility;general_adult;beginner,protein + fiber + hydration,"sleep, hydration, mobility, symptom check",v0.1-safe-seed-2026-06-11
PL0007-D018,PL0007,18,3,true,mobility_core,"mobility_core session with warm-up, main work, and cool-down",30,mobility;general_adult;beginner,protein + fiber + hydration,"sleep, hydration, mobility, symptom check",v0.1-safe-seed-2026-06-11
PL0007-D019,PL0007,19,3,true,upper_lower_split,"upper_lower_split session with warm-up, main work, and cool-down",30,mobility;general_adult;beginner,protein + fiber + hydration,"sleep, hydration, mobility, symptom check",v0.1-safe-seed-2026-06-11
PL0007-D020,PL0007,20,3,false,recovery,walk + mobility + hydration check,15,mobility;general_adult;beginner,protein + fiber + hydration,"sleep, hydration, mobility, symptom check",v0.1-safe-seed-2026-06-11
PL0007-D021,PL0007,21,3,false,recovery,walk + mobility + hydration check,15,mobility;general_adult;beginner,protein + fiber + hydration,"sleep, hydration, mobility, symptom check",v0.1-safe-seed-2026-06-11
PL0007-D022,PL0007,22,4,true,cardio_endurance,"cardio_endurance session with warm-up, main work, and cool-down",30,mobility;general_adult;beginner,protein + fiber + hydration,"sleep, hydration, mobility, symptom check",v0.1-safe-seed-2026-06-11
PL0007-D023,PL0007,23,4,true,mobility_core,"mobility_core session with warm-up, main work, and cool-down",30,mobility;general_adult;beginner,protein + fiber + hydration,"sleep, hydration, mobility, symptom check",v0.1-safe-seed-2026-06-11
PL0007-D024,PL0007,24,4,true,upper_lower_split,"upper_lower_split session with warm-up, main work, and cool-down",30,mobility;general_adult;beginner,protein + fiber + hydration,"sleep, hydration, mobility, symptom check",v0.1-safe-seed-2026-06-11
PL0007-D025,PL0007,25,4,true,skill_practice,"skill_practice session with warm-up, main work, and cool-down",30,mobility;general_adult;beginner,protein + fiber + hydration,"sleep, hydration, mobility, symptom check",v0.1-safe-seed-2026-06-11
PL0007-D026,PL0007,26,4,true,full_body_strength,"full_body_strength session with warm-up, main work, and cool-down",30,mobility;general_adult;beginner,protein + fiber + hydration,"sleep, hydration, mobility, symptom check",v0.1-safe-seed-2026-06-11
PL0007-D027,PL0007,27,4,false,recovery,walk + mobility + hydration check,15,mobility;general_adult;beginner,protein + fiber + hydration,"sleep, hydration, mobility, symptom check",v0.1-safe-seed-2026-06-11
PL0007-D028,PL0007,28,4,false,recovery,walk + mobility + hydration check,15,mobility;general_adult;beginner,protein + fiber + hydration,"sleep, hydration, mobility, symptom check",v0.1-safe-seed-2026-06-11
PL0008-D001,PL0008,1,1,true,full_body_strength,"full_body_strength session with warm-up, main work, and cool-down",45,pull_up_goal;general_adult;intermediate,protein + fiber + hydration,"sleep, hydration, mobility, symptom check",v0.1-safe-seed-2026-06-11
PL0008-D002,PL0008,2,1,true,cardio_endurance,"cardio_endurance session with warm-up, main work, and cool-down",45,pull_up_goal;general_adult;intermediate,protein + fiber + hydration,"sleep, hydration, mobility, symptom check",v0.1-safe-seed-2026-06-11
PL0008-D003,PL0008,3,1,true,mobility_core,"mobility_core session with warm-up, main work, and cool-down",45,pull_up_goal;general_adult;intermediate,protein + fiber + hydration,"sleep, hydration, mobility, symptom check",v0.1-safe-seed-2026-06-11
PL0008-D004,PL0008,4,1,false,recovery,walk + mobility + hydration check,15,pull_up_goal;general_adult;intermediate,protein + fiber + hydration,"sleep, hydration, mobility, symptom check",v0.1-safe-seed-2026-06-11
PL0008-D005,PL0008,5,1,false,recovery,walk + mobility + hydration check,15,pull_up_goal;general_adult;intermediate,protein + fiber + hydration,"sleep, hydration, mobility, symptom check",v0.1-safe-seed-2026-06-11
PL0008-D006,PL0008,6,1,false,recovery,walk + mobility + hydration check,15,pull_up_goal;general_adult;intermediate,protein + fiber + hydration,"sleep, hydration, mobility, symptom check",v0.1-safe-seed-2026-06-11
PL0008-D007,PL0008,7,1,false,recovery,walk + mobility + hydration check,15,pull_up_goal;general_adult;intermediate,protein + fiber + hydration,"sleep, hydration, mobility, symptom check",v0.1-safe-seed-2026-06-11
PL0008-D008,PL0008,8,2,true,mobility_core,"mobility_core session with warm-up, main work, and cool-down",45,pull_up_goal;general_adult;intermediate,protein + fiber + hydration,"sleep, hydration, mobility, symptom check",v0.1-safe-seed-2026-06-11
PL0008-D009,PL0008,9,2,true,upper_lower_split,"upper_lower_split session with warm-up, main work, and cool-down",45,pull_up_goal;general_adult;intermediate,protein + fiber + hydration,"sleep, hydration, mobility, symptom check",v0.1-safe-seed-2026-06-11
PL0008-D010,PL0008,10,2,true,skill_practice,"skill_practice session with warm-up, main work, and cool-down",45,pull_up_goal;general_adult;intermediate,protein + fiber + hydration,"sleep, hydration, mobility, symptom check",v0.1-safe-seed-2026-06-11
PL0008-D011,PL0008,11,2,false,recovery,walk + mobility + hydration check,15,pull_up_goal;general_adult;intermediate,protein + fiber + hydration,"sleep, hydration, mobility, symptom check",v0.1-safe-seed-2026-06-11
PL0008-D012,PL0008,12,2,false,recovery,walk + mobility + hydration check,15,pull_up_goal;general_adult;intermediate,protein + fiber + hydration,"sleep, hydration, mobility, symptom check",v0.1-safe-seed-2026-06-11
PL0008-D013,PL0008,13,2,false,recovery,walk + mobility + hydration check,15,pull_up_goal;general_adult;intermediate,protein + fiber + hydration,"sleep, hydration, mobility, symptom check",v0.1-safe-seed-2026-06-11
PL0008-D014,PL0008,14,2,false,recovery,walk + mobility + hydration check,15,pull_up_goal;general_adult;intermediate,protein + fiber + hydration,"sleep, hydration, mobility, symptom check",v0.1-safe-seed-2026-06-11
PL0008-D015,PL0008,15,3,true,skill_practice,"skill_practice session with warm-up, main work, and cool-down",45,pull_up_goal;general_adult;intermediate,protein + fiber + hydration,"sleep, hydration, mobility, symptom check",v0.1-safe-seed-2026-06-11
PL0008-D016,PL0008,16,3,true,full_body_strength,"full_body_strength session with warm-up, main work, and cool-down",45,pull_up_goal;general_adult;intermediate,protein + fiber + hydration,"sleep, hydration, mobility, symptom check",v0.1-safe-seed-2026-06-11
PL0008-D017,PL0008,17,3,true,cardio_endurance,"cardio_endurance session with warm-up, main work, and cool-down",45,pull_up_goal;general_adult;intermediate,protein + fiber + hydration,"sleep, hydration, mobility, symptom check",v0.1-safe-seed-2026-06-11
PL0008-D018,PL0008,18,3,false,recovery,walk + mobility + hydration check,15,pull_up_goal;general_adult;intermediate,protein + fiber + hydration,"sleep, hydration, mobility, symptom check",v0.1-safe-seed-2026-06-11
PL0008-D019,PL0008,19,3,false,recovery,walk + mobility + hydration check,15,pull_up_goal;general_adult;intermediate,protein + fiber + hydration,"sleep, hydration, mobility, symptom check",v0.1-safe-seed-2026-06-11
PL0008-D020,PL0008,20,3,false,recovery,walk + mobility + hydration check,15,pull_up_goal;general_adult;intermediate,protein + fiber + hydration,"sleep, hydration, mobility, symptom check",v0.1-safe-seed-2026-06-11
PL0008-D021,PL0008,21,3,false,recovery,walk + mobility + hydration check,15,pull_up_goal;general_adult;intermediate,protein + fiber + hydration,"sleep, hydration, mobility, symptom check",v0.1-safe-seed-2026-06-11
PL0008-D022,PL0008,22,4,true,cardio_endurance,"cardio_endurance session with warm-up, main work, and cool-down",45,pull_up_goal;general_adult;intermediate,protein + fiber + hydration,"sleep, hydration, mobility, symptom check",v0.1-safe-seed-2026-06-11
PL0008-D023,PL0008,23,4,true,mobility_core,"mobility_core session with warm-up, main work, and cool-down",45,pull_up_goal;general_adult;intermediate,protein + fiber + hydration,"sleep, hydration, mobility, symptom check",v0.1-safe-seed-2026-06-11
PL0008-D024,PL0008,24,4,true,upper_lower_split,"upper_lower_split session with warm-up, main work, and cool-down",45,pull_up_goal;general_adult;intermediate,protein + fiber + hydration,"sleep, hydration, mobility, symptom check",v0.1-safe-seed-2026-06-11
PL0008-D025,PL0008,25,4,false,recovery,walk + mobility + hydration check,15,pull_up_goal;general_adult;intermediate,protein + fiber + hydration,"sleep, hydration, mobility, symptom check",v0.1-safe-seed-2026-06-11
PL0008-D026,PL0008,26,4,false,recovery,walk + mobility + hydration check,15,pull_up_goal;general_adult;intermediate,protein + fiber + hydration,"sleep, hydration, mobility, symptom check",v0.1-safe-seed-2026-06-11
PL0008-D027,PL0008,27,4,false,recovery,walk + mobility + hydration check,15,pull_up_goal;general_adult;intermediate,protein + fiber + hydration,"sleep, hydration, mobility, symptom check",v0.1-safe-seed-2026-06-11
PL0008-D028,PL0008,28,4,false,recovery,walk + mobility + hydration check,15,pull_up_goal;general_adult;intermediate,protein + fiber + hydration,"sleep, hydration, mobility, symptom check",v0.1-safe-seed-2026-06-11
PL0008-D029,PL0008,29,5,true,upper_lower_split,"upper_lower_split session with warm-up, main work, and cool-down",45,pull_up_goal;general_adult;intermediate,protein + fiber + hydration,"sleep, hydration, mobility, symptom check",v0.1-safe-seed-2026-06-11
PL0008-D030,PL0008,30,5,true,skill_practice,"skill_practice session with warm-up, main work, and cool-down",45,pull_up_goal;general_adult;intermediate,protein + fiber + hydration,"sleep, hydration, mobility, symptom check",v0.1-safe-seed-2026-06-11
PL0008-D031,PL0008,31,5,true,full_body_strength,"full_body_strength session with warm-up, main work, and cool-down",45,pull_up_goal;general_adult;intermediate,protein + fiber + hydration,"sleep, hydration, mobility, symptom check",v0.1-safe-seed-2026-06-11
PL0008-D032,PL0008,32,5,false,recovery,walk + mobility + hydration check,15,pull_up_goal;general_adult;intermediate,protein + fiber + hydration,"sleep, hydration, mobility, symptom check",v0.1-safe-seed-2026-06-11
PL0008-D033,PL0008,33,5,false,recovery,walk + mobility + hydration check,15,pull_up_goal;general_adult;intermediate,protein + fiber + hydration,"sleep, hydration, mobility, symptom check",v0.1-safe-seed-2026-06-11
PL0008-D034,PL0008,34,5,false,recovery,walk + mobility + hydration check,15,pull_up_goal;general_adult;intermediate,protein + fiber + hydration,"sleep, hydration, mobility, symptom check",v0.1-safe-seed-2026-06-11
PL0008-D035,PL0008,35,5,false,recovery,walk + mobility + hydration check,15,pull_up_goal;general_adult;intermediate,protein + fiber + hydration,"sleep, hydration, mobility, symptom check",v0.1-safe-seed-2026-06-11
PL0008-D036,PL0008,36,6,true,full_body_strength,"full_body_strength session with warm-up, main work, and cool-down",45,pull_up_goal;general_adult;intermediate,protein + fiber + hydration,"sleep, hydration, mobility, symptom check",v0.1-safe-seed-2026-06-11
PL0008-D037,PL0008,37,6,true,cardio_endurance,"cardio_endurance session with warm-up, main work, and cool-down",45,pull_up_goal;general_adult;intermediate,protein + fiber + hydration,"sleep, hydration, mobility, symptom check",v0.1-safe-seed-2026-06-11
PL0008-D038,PL0008,38,6,true,mobility_core,"mobility_core session with warm-up, main work, and cool-down",45,pull_up_goal;general_adult;intermediate,protein + fiber + hydration,"sleep, hydration, mobility, symptom check",v0.1-safe-seed-2026-06-11
PL0008-D039,PL0008,39,6,false,recovery,walk + mobility + hydration check,15,pull_up_goal;general_adult;intermediate,protein + fiber + hydration,"sleep, hydration, mobility, symptom check",v0.1-safe-seed-2026-06-11
PL0008-D040,PL0008,40,6,false,recovery,walk + mobility + hydration check,15,pull_up_goal;general_adult;intermediate,protein + fiber + hydration,"sleep, hydration, mobility, symptom check",v0.1-safe-seed-2026-06-11
PL0008-D041,PL0008,41,6,false,recovery,walk + mobility + hydration check,15,pull_up_goal;general_adult;intermediate,protein + fiber + hydration,"sleep, hydration, mobility, symptom check",v0.1-safe-seed-2026-06-11
PL0008-D042,PL0008,42,6,false,recovery,walk + mobility + hydration check,15,pull_up_goal;general_adult;intermediate,protein + fiber + hydration,"sleep, hydration, mobility, symptom check",v0.1-safe-seed-2026-06-11
PL0009-D001,PL0009,1,1,true,full_body_strength,"full_body_strength session with warm-up, main work, and cool-down",30,push_up_goal;general_adult;beginner,protein + fiber + hydration,"sleep, hydration, mobility, symptom check",v0.1-safe-seed-2026-06-11
PL0009-D002,PL0009,2,1,true,cardio_endurance,"cardio_endurance session with warm-up, main work, and cool-down",30,push_up_goal;general_adult;beginner,protein + fiber + hydration,"sleep, hydration, mobility, symptom check",v0.1-safe-seed-2026-06-11
PL0009-D003,PL0009,3,1,true,mobility_core,"mobility_core session with warm-up, main work, and cool-down",30,push_up_goal;general_adult;beginner,protein + fiber + hydration,"sleep, hydration, mobility, symptom check",v0.1-safe-seed-2026-06-11
PL0009-D004,PL0009,4,1,false,recovery,walk + mobility + hydration check,15,push_up_goal;general_adult;beginner,protein + fiber + hydration,"sleep, hydration, mobility, symptom check",v0.1-safe-seed-2026-06-11
PL0009-D005,PL0009,5,1,false,recovery,walk + mobility + hydration check,15,push_up_goal;general_adult;beginner,protein + fiber + hydration,"sleep, hydration, mobility, symptom check",v0.1-safe-seed-2026-06-11
PL0009-D006,PL0009,6,1,false,recovery,walk + mobility + hydration check,15,push_up_goal;general_adult;beginner,protein + fiber + hydration,"sleep, hydration, mobility, symptom check",v0.1-safe-seed-2026-06-11
PL0009-D007,PL0009,7,1,false,recovery,walk + mobility + hydration check,15,push_up_goal;general_adult;beginner,protein + fiber + hydration,"sleep, hydration, mobility, symptom check",v0.1-safe-seed-2026-06-11
PL0009-D008,PL0009,8,2,true,mobility_core,"mobility_core session with warm-up, main work, and cool-down",30,push_up_goal;general_adult;beginner,protein + fiber + hydration,"sleep, hydration, mobility, symptom check",v0.1-safe-seed-2026-06-11
PL0009-D009,PL0009,9,2,true,upper_lower_split,"upper_lower_split session with warm-up, main work, and cool-down",30,push_up_goal;general_adult;beginner,protein + fiber + hydration,"sleep, hydration, mobility, symptom check",v0.1-safe-seed-2026-06-11
PL0009-D010,PL0009,10,2,true,skill_practice,"skill_practice session with warm-up, main work, and cool-down",30,push_up_goal;general_adult;beginner,protein + fiber + hydration,"sleep, hydration, mobility, symptom check",v0.1-safe-seed-2026-06-11
PL0009-D011,PL0009,11,2,false,recovery,walk + mobility + hydration check,15,push_up_goal;general_adult;beginner,protein + fiber + hydration,"sleep, hydration, mobility, symptom check",v0.1-safe-seed-2026-06-11
PL0009-D012,PL0009,12,2,false,recovery,walk + mobility + hydration check,15,push_up_goal;general_adult;beginner,protein + fiber + hydration,"sleep, hydration, mobility, symptom check",v0.1-safe-seed-2026-06-11
PL0009-D013,PL0009,13,2,false,recovery,walk + mobility + hydration check,15,push_up_goal;general_adult;beginner,protein + fiber + hydration,"sleep, hydration, mobility, symptom check",v0.1-safe-seed-2026-06-11
PL0009-D014,PL0009,14,2,false,recovery,walk + mobility + hydration check,15,push_up_goal;general_adult;beginner,protein + fiber + hydration,"sleep, hydration, mobility, symptom check",v0.1-safe-seed-2026-06-11
PL0009-D015,PL0009,15,3,true,skill_practice,"skill_practice session with warm-up, main work, and cool-down",30,push_up_goal;general_adult;beginner,protein + fiber + hydration,"sleep, hydration, mobility, symptom check",v0.1-safe-seed-2026-06-11
PL0009-D016,PL0009,16,3,true,full_body_strength,"full_body_strength session with warm-up, main work, and cool-down",30,push_up_goal;general_adult;beginner,protein + fiber + hydration,"sleep, hydration, mobility, symptom check",v0.1-safe-seed-2026-06-11
PL0009-D017,PL0009,17,3,true,cardio_endurance,"cardio_endurance session with warm-up, main work, and cool-down",30,push_up_goal;general_adult;beginner,protein + fiber + hydration,"sleep, hydration, mobility, symptom check",v0.1-safe-seed-2026-06-11
PL0009-D018,PL0009,18,3,false,recovery,walk + mobility + hydration check,15,push_up_goal;general_adult;beginner,protein + fiber + hydration,"sleep, hydration, mobility, symptom check",v0.1-safe-seed-2026-06-11
PL0009-D019,PL0009,19,3,false,recovery,walk + mobility + hydration check,15,push_up_goal;general_adult;beginner,protein + fiber + hydration,"sleep, hydration, mobility, symptom check",v0.1-safe-seed-2026-06-11
PL0009-D020,PL0009,20,3,false,recovery,walk + mobility + hydration check,15,push_up_goal;general_adult;beginner,protein + fiber + hydration,"sleep, hydration, mobility, symptom check",v0.1-safe-seed-2026-06-11
PL0009-D021,PL0009,21,3,false,recovery,walk + mobility + hydration check,15,push_up_goal;general_adult;beginner,protein + fiber + hydration,"sleep, hydration, mobility, symptom check",v0.1-safe-seed-2026-06-11
PL0009-D022,PL0009,22,4,true,cardio_endurance,"cardio_endurance session with warm-up, main work, and cool-down",30,push_up_goal;general_adult;beginner,protein + fiber + hydration,"sleep, hydration, mobility, symptom check",v0.1-safe-seed-2026-06-11
PL0009-D023,PL0009,23,4,true,mobility_core,"mobility_core session with warm-up, main work, and cool-down",30,push_up_goal;general_adult;beginner,protein + fiber + hydration,"sleep, hydration, mobility, symptom check",v0.1-safe-seed-2026-06-11
PL0009-D024,PL0009,24,4,true,upper_lower_split,"upper_lower_split session with warm-up, main work, and cool-down",30,push_up_goal;general_adult;beginner,protein + fiber + hydration,"sleep, hydration, mobility, symptom check",v0.1-safe-seed-2026-06-11
PL0009-D025,PL0009,25,4,false,recovery,walk + mobility + hydration check,15,push_up_goal;general_adult;beginner,protein + fiber + hydration,"sleep, hydration, mobility, symptom check",v0.1-safe-seed-2026-06-11
PL0009-D026,PL0009,26,4,false,recovery,walk + mobility + hydration check,15,push_up_goal;general_adult;beginner,protein + fiber + hydration,"sleep, hydration, mobility, symptom check",v0.1-safe-seed-2026-06-11
PL0009-D027,PL0009,27,4,false,recovery,walk + mobility + hydration check,15,push_up_goal;general_adult;beginner,protein + fiber + hydration,"sleep, hydration, mobility, symptom check",v0.1-safe-seed-2026-06-11
PL0009-D028,PL0009,28,4,false,recovery,walk + mobility + hydration check,15,push_up_goal;general_adult;beginner,protein + fiber + hydration,"sleep, hydration, mobility, symptom check",v0.1-safe-seed-2026-06-11
PL0009-D029,PL0009,29,5,true,upper_lower_split,"upper_lower_split session with warm-up, main work, and cool-down",30,push_up_goal;general_adult;beginner,protein + fiber + hydration,"sleep, hydration, mobility, symptom check",v0.1-safe-seed-2026-06-11
PL0009-D030,PL0009,30,5,true,skill_practice,"skill_practice session with warm-up, main work, and cool-down",30,push_up_goal;general_adult;beginner,protein + fiber + hydration,"sleep, hydration, mobility, symptom check",v0.1-safe-seed-2026-06-11
PL0009-D031,PL0009,31,5,true,full_body_strength,"full_body_strength session with warm-up, main work, and cool-down",30,push_up_goal;general_adult;beginner,protein + fiber + hydration,"sleep, hydration, mobility, symptom check",v0.1-safe-seed-2026-06-11
PL0009-D032,PL0009,32,5,false,recovery,walk + mobility + hydration check,15,push_up_goal;general_adult;beginner,protein + fiber + hydration,"sleep, hydration, mobility, symptom check",v0.1-safe-seed-2026-06-11
PL0009-D033,PL0009,33,5,false,recovery,walk + mobility + hydration check,15,push_up_goal;general_adult;beginner,protein + fiber + hydration,"sleep, hydration, mobility, symptom check",v0.1-safe-seed-2026-06-11
PL0009-D034,PL0009,34,5,false,recovery,walk + mobility + hydration check,15,push_up_goal;general_adult;beginner,protein + fiber + hydration,"sleep, hydration, mobility, symptom check",v0.1-safe-seed-2026-06-11
PL0009-D035,PL0009,35,5,false,recovery,walk + mobility + hydration check,15,push_up_goal;general_adult;beginner,protein + fiber + hydration,"sleep, hydration, mobility, symptom check",v0.1-safe-seed-2026-06-11
PL0009-D036,PL0009,36,6,true,full_body_strength,"full_body_strength session with warm-up, main work, and cool-down",30,push_up_goal;general_adult;beginner,protein + fiber + hydration,"sleep, hydration, mobility, symptom check",v0.1-safe-seed-2026-06-11
PL0009-D037,PL0009,37,6,true,cardio_endurance,"cardio_endurance session with warm-up, main work, and cool-down",30,push_up_goal;general_adult;beginner,protein + fiber + hydration,"sleep, hydration, mobility, symptom check",v0.1-safe-seed-2026-06-11
PL0009-D038,PL0009,38,6,true,mobility_core,"mobility_core session with warm-up, main work, and cool-down",30,push_up_goal;general_adult;beginner,protein + fiber + hydration,"sleep, hydration, mobility, symptom check",v0.1-safe-seed-2026-06-11
PL0009-D039,PL0009,39,6,false,recovery,walk + mobility + hydration check,15,push_up_goal;general_adult;beginner,protein + fiber + hydration,"sleep, hydration, mobility, symptom check",v0.1-safe-seed-2026-06-11
PL0009-D040,PL0009,40,6,false,recovery,walk + mobility + hydration check,15,push_up_goal;general_adult;beginner,protein + fiber + hydration,"sleep, hydration, mobility, symptom check",v0.1-safe-seed-2026-06-11
PL0009-D041,PL0009,41,6,false,recovery,walk + mobility + hydration check,15,push_up_goal;general_adult;beginner,protein + fiber + hydration,"sleep, hydration, mobility, symptom check",v0.1-safe-seed-2026-06-11
PL0009-D042,PL0009,42,6,false,recovery,walk + mobility + hydration check,15,push_up_goal;general_adult;beginner,protein + fiber + hydration,"sleep, hydration, mobility, symptom check",v0.1-safe-seed-2026-06-11
PL0010-D001,PL0010,1,1,true,full_body_strength,"full_body_strength session with warm-up, main work, and cool-down",45,high_performance;general_adult;advanced,protein + fiber + hydration,"sleep, hydration, mobility, symptom check",v0.1-safe-seed-2026-06-11
PL0010-D002,PL0010,2,1,true,cardio_endurance,"cardio_endurance session with warm-up, main work, and cool-down",45,high_performance;general_adult;advanced,protein + fiber + hydration,"sleep, hydration, mobility, symptom check",v0.1-safe-seed-2026-06-11
PL0010-D003,PL0010,3,1,true,mobility_core,"mobility_core session with warm-up, main work, and cool-down",45,high_performance;general_adult;advanced,protein + fiber + hydration,"sleep, hydration, mobility, symptom check",v0.1-safe-seed-2026-06-11
PL0010-D004,PL0010,4,1,true,upper_lower_split,"upper_lower_split session with warm-up, main work, and cool-down",45,high_performance;general_adult;advanced,protein + fiber + hydration,"sleep, hydration, mobility, symptom check",v0.1-safe-seed-2026-06-11
PL0010-D005,PL0010,5,1,true,skill_practice,"skill_practice session with warm-up, main work, and cool-down",45,high_performance;general_adult;advanced,protein + fiber + hydration,"sleep, hydration, mobility, symptom check",v0.1-safe-seed-2026-06-11
PL0010-D006,PL0010,6,1,false,recovery,walk + mobility + hydration check,15,high_performance;general_adult;advanced,protein + fiber + hydration,"sleep, hydration, mobility, symptom check",v0.1-safe-seed-2026-06-11
PL0010-D007,PL0010,7,1,false,recovery,walk + mobility + hydration check,15,high_performance;general_adult;advanced,protein + fiber + hydration,"sleep, hydration, mobility, symptom check",v0.1-safe-seed-2026-06-11
PL0010-D008,PL0010,8,2,true,mobility_core,"mobility_core session with warm-up, main work, and cool-down",45,high_performance;general_adult;advanced,protein + fiber + hydration,"sleep, hydration, mobility, symptom check",v0.1-safe-seed-2026-06-11
PL0010-D009,PL0010,9,2,true,upper_lower_split,"upper_lower_split session with warm-up, main work, and cool-down",45,high_performance;general_adult;advanced,protein + fiber + hydration,"sleep, hydration, mobility, symptom check",v0.1-safe-seed-2026-06-11
PL0010-D010,PL0010,10,2,true,skill_practice,"skill_practice session with warm-up, main work, and cool-down",45,high_performance;general_adult;advanced,protein + fiber + hydration,"sleep, hydration, mobility, symptom check",v0.1-safe-seed-2026-06-11
PL0010-D011,PL0010,11,2,true,full_body_strength,"full_body_strength session with warm-up, main work, and cool-down",45,high_performance;general_adult;advanced,protein + fiber + hydration,"sleep, hydration, mobility, symptom check",v0.1-safe-seed-2026-06-11
PL0010-D012,PL0010,12,2,true,cardio_endurance,"cardio_endurance session with warm-up, main work, and cool-down",45,high_performance;general_adult;advanced,protein + fiber + hydration,"sleep, hydration, mobility, symptom check",v0.1-safe-seed-2026-06-11
PL0010-D013,PL0010,13,2,false,recovery,walk + mobility + hydration check,15,high_performance;general_adult;advanced,protein + fiber + hydration,"sleep, hydration, mobility, symptom check",v0.1-safe-seed-2026-06-11
PL0010-D014,PL0010,14,2,false,recovery,walk + mobility + hydration check,15,high_performance;general_adult;advanced,protein + fiber + hydration,"sleep, hydration, mobility, symptom check",v0.1-safe-seed-2026-06-11
PL0010-D015,PL0010,15,3,true,skill_practice,"skill_practice session with warm-up, main work, and cool-down",45,high_performance;general_adult;advanced,protein + fiber + hydration,"sleep, hydration, mobility, symptom check",v0.1-safe-seed-2026-06-11
PL0010-D016,PL0010,16,3,true,full_body_strength,"full_body_strength session with warm-up, main work, and cool-down",45,high_performance;general_adult;advanced,protein + fiber + hydration,"sleep, hydration, mobility, symptom check",v0.1-safe-seed-2026-06-11
PL0010-D017,PL0010,17,3,true,cardio_endurance,"cardio_endurance session with warm-up, main work, and cool-down",45,high_performance;general_adult;advanced,protein + fiber + hydration,"sleep, hydration, mobility, symptom check",v0.1-safe-seed-2026-06-11
PL0010-D018,PL0010,18,3,true,mobility_core,"mobility_core session with warm-up, main work, and cool-down",45,high_performance;general_adult;advanced,protein + fiber + hydration,"sleep, hydration, mobility, symptom check",v0.1-safe-seed-2026-06-11
PL0010-D019,PL0010,19,3,true,upper_lower_split,"upper_lower_split session with warm-up, main work, and cool-down",45,high_performance;general_adult;advanced,protein + fiber + hydration,"sleep, hydration, mobility, symptom check",v0.1-safe-seed-2026-06-11
PL0010-D020,PL0010,20,3,false,recovery,walk + mobility + hydration check,15,high_performance;general_adult;advanced,protein + fiber + hydration,"sleep, hydration, mobility, symptom check",v0.1-safe-seed-2026-06-11
PL0010-D021,PL0010,21,3,false,recovery,walk + mobility + hydration check,15,high_performance;general_adult;advanced,protein + fiber + hydration,"sleep, hydration, mobility, symptom check",v0.1-safe-seed-2026-06-11
PL0010-D022,PL0010,22,4,true,cardio_endurance,"cardio_endurance session with warm-up, main work, and cool-down",45,high_performance;general_adult;advanced,protein + fiber + hydration,"sleep, hydration, mobility, symptom check",v0.1-safe-seed-2026-06-11
PL0010-D023,PL0010,23,4,true,mobility_core,"mobility_core session with warm-up, main work, and cool-down",45,high_performance;general_adult;advanced,protein + fiber + hydration,"sleep, hydration, mobility, symptom check",v0.1-safe-seed-2026-06-11
PL0010-D024,PL0010,24,4,true,upper_lower_split,"upper_lower_split session with warm-up, main work, and cool-down",45,high_performance;general_adult;advanced,protein + fiber + hydration,"sleep, hydration, mobility, symptom check",v0.1-safe-seed-2026-06-11
PL0010-D025,PL0010,25,4,true,skill_practice,"skill_practice session with warm-up, main work, and cool-down",45,high_performance;general_adult;advanced,protein + fiber + hydration,"sleep, hydration, mobility, symptom check",v0.1-safe-seed-2026-06-11
PL0010-D026,PL0010,26,4,true,full_body_strength,"full_body_strength session with warm-up, main work, and cool-down",45,high_performance;general_adult;advanced,protein + fiber + hydration,"sleep, hydration, mobility, symptom check",v0.1-safe-seed-2026-06-11
PL0010-D027,PL0010,27,4,false,recovery,walk + mobility + hydration check,15,high_performance;general_adult;advanced,protein + fiber + hydration,"sleep, hydration, mobility, symptom check",v0.1-safe-seed-2026-06-11
PL0010-D028,PL0010,28,4,false,recovery,walk + mobility + hydration check,15,high_performance;general_adult;advanced,protein + fiber + hydration,"sleep, hydration, mobility, symptom check",v0.1-safe-seed-2026-06-11
PL0011-D001,PL0011,1,1,true,full_body_strength,breathing + supported strength + walking/mobility,20,pregnancy_health;pregnant_woman;beginner,protein + fiber + hydration,"sleep, hydration, mobility, symptom check",v0.1-safe-seed-2026-06-11
PL0011-D002,PL0011,2,1,true,cardio_endurance,breathing + supported strength + walking/mobility,20,pregnancy_health;pregnant_woman;beginner,protein + fiber + hydration,"sleep, hydration, mobility, symptom check",v0.1-safe-seed-2026-06-11
PL0011-D003,PL0011,3,1,true,mobility_core,breathing + supported strength + walking/mobility,20,pregnancy_health;pregnant_woman;beginner,protein + fiber + hydration,"sleep, hydration, mobility, symptom check",v0.1-safe-seed-2026-06-11
PL0011-D004,PL0011,4,1,true,upper_lower_split,breathing + supported strength + walking/mobility,20,pregnancy_health;pregnant_woman;beginner,protein + fiber + hydration,"sleep, hydration, mobility, symptom check",v0.1-safe-seed-2026-06-11
PL0011-D005,PL0011,5,1,false,recovery,walk + mobility + hydration check,15,pregnancy_health;pregnant_woman;beginner,protein + fiber + hydration,"sleep, hydration, mobility, symptom check",v0.1-safe-seed-2026-06-11
PL0011-D006,PL0011,6,1,false,recovery,walk + mobility + hydration check,15,pregnancy_health;pregnant_woman;beginner,protein + fiber + hydration,"sleep, hydration, mobility, symptom check",v0.1-safe-seed-2026-06-11
PL0011-D007,PL0011,7,1,false,recovery,walk + mobility + hydration check,15,pregnancy_health;pregnant_woman;beginner,protein + fiber + hydration,"sleep, hydration, mobility, symptom check",v0.1-safe-seed-2026-06-11
PL0011-D008,PL0011,8,2,true,mobility_core,breathing + supported strength + walking/mobility,20,pregnancy_health;pregnant_woman;beginner,protein + fiber + hydration,"sleep, hydration, mobility, symptom check",v0.1-safe-seed-2026-06-11
PL0011-D009,PL0011,9,2,true,upper_lower_split,breathing + supported strength + walking/mobility,20,pregnancy_health;pregnant_woman;beginner,protein + fiber + hydration,"sleep, hydration, mobility, symptom check",v0.1-safe-seed-2026-06-11
PL0011-D010,PL0011,10,2,true,skill_practice,breathing + supported strength + walking/mobility,20,pregnancy_health;pregnant_woman;beginner,protein + fiber + hydration,"sleep, hydration, mobility, symptom check",v0.1-safe-seed-2026-06-11
PL0011-D011,PL0011,11,2,true,full_body_strength,breathing + supported strength + walking/mobility,20,pregnancy_health;pregnant_woman;beginner,protein + fiber + hydration,"sleep, hydration, mobility, symptom check",v0.1-safe-seed-2026-06-11
PL0011-D012,PL0011,12,2,false,recovery,walk + mobility + hydration check,15,pregnancy_health;pregnant_woman;beginner,protein + fiber + hydration,"sleep, hydration, mobility, symptom check",v0.1-safe-seed-2026-06-11
PL0011-D013,PL0011,13,2,false,recovery,walk + mobility + hydration check,15,pregnancy_health;pregnant_woman;beginner,protein + fiber + hydration,"sleep, hydration, mobility, symptom check",v0.1-safe-seed-2026-06-11
PL0011-D014,PL0011,14,2,false,recovery,walk + mobility + hydration check,15,pregnancy_health;pregnant_woman;beginner,protein + fiber + hydration,"sleep, hydration, mobility, symptom check",v0.1-safe-seed-2026-06-11
PL0011-D015,PL0011,15,3,true,skill_practice,breathing + supported strength + walking/mobility,20,pregnancy_health;pregnant_woman;beginner,protein + fiber + hydration,"sleep, hydration, mobility, symptom check",v0.1-safe-seed-2026-06-11
PL0011-D016,PL0011,16,3,true,full_body_strength,breathing + supported strength + walking/mobility,20,pregnancy_health;pregnant_woman;beginner,protein + fiber + hydration,"sleep, hydration, mobility, symptom check",v0.1-safe-seed-2026-06-11
PL0011-D017,PL0011,17,3,true,cardio_endurance,breathing + supported strength + walking/mobility,20,pregnancy_health;pregnant_woman;beginner,protein + fiber + hydration,"sleep, hydration, mobility, symptom check",v0.1-safe-seed-2026-06-11
PL0011-D018,PL0011,18,3,true,mobility_core,breathing + supported strength + walking/mobility,20,pregnancy_health;pregnant_woman;beginner,protein + fiber + hydration,"sleep, hydration, mobility, symptom check",v0.1-safe-seed-2026-06-11
PL0011-D019,PL0011,19,3,false,recovery,walk + mobility + hydration check,15,pregnancy_health;pregnant_woman;beginner,protein + fiber + hydration,"sleep, hydration, mobility, symptom check",v0.1-safe-seed-2026-06-11
PL0011-D020,PL0011,20,3,false,recovery,walk + mobility + hydration check,15,pregnancy_health;pregnant_woman;beginner,protein + fiber + hydration,"sleep, hydration, mobility, symptom check",v0.1-safe-seed-2026-06-11
PL0011-D021,PL0011,21,3,false,recovery,walk + mobility + hydration check,15,pregnancy_health;pregnant_woman;beginner,protein + fiber + hydration,"sleep, hydration, mobility, symptom check",v0.1-safe-seed-2026-06-11
PL0011-D022,PL0011,22,4,true,cardio_endurance,breathing + supported strength + walking/mobility,20,pregnancy_health;pregnant_woman;beginner,protein + fiber + hydration,"sleep, hydration, mobility, symptom check",v0.1-safe-seed-2026-06-11
PL0011-D023,PL0011,23,4,true,mobility_core,breathing + supported strength + walking/mobility,20,pregnancy_health;pregnant_woman;beginner,protein + fiber + hydration,"sleep, hydration, mobility, symptom check",v0.1-safe-seed-2026-06-11
PL0011-D024,PL0011,24,4,true,upper_lower_split,breathing + supported strength + walking/mobility,20,pregnancy_health;pregnant_woman;beginner,protein + fiber + hydration,"sleep, hydration, mobility, symptom check",v0.1-safe-seed-2026-06-11
PL0011-D025,PL0011,25,4,true,skill_practice,breathing + supported strength + walking/mobility,20,pregnancy_health;pregnant_woman;beginner,protein + fiber + hydration,"sleep, hydration, mobility, symptom check",v0.1-safe-seed-2026-06-11
PL0011-D026,PL0011,26,4,false,recovery,walk + mobility + hydration check,15,pregnancy_health;pregnant_woman;beginner,protein + fiber + hydration,"sleep, hydration, mobility, symptom check",v0.1-safe-seed-2026-06-11
PL0011-D027,PL0011,27,4,false,recovery,walk + mobility + hydration check,15,pregnancy_health;pregnant_woman;beginner,protein + fiber + hydration,"sleep, hydration, mobility, symptom check",v0.1-safe-seed-2026-06-11
PL0011-D028,PL0011,28,4,false,recovery,walk + mobility + hydration check,15,pregnancy_health;pregnant_woman;beginner,protein + fiber + hydration,"sleep, hydration, mobility, symptom check",v0.1-safe-seed-2026-06-11
PL0012-D001,PL0012,1,1,true,full_body_strength,breathing + supported strength + walking/mobility,20,pregnancy_health;pregnant_woman;beginner,protein + fiber + hydration,"sleep, hydration, mobility, symptom check",v0.1-safe-seed-2026-06-11
PL0012-D002,PL0012,2,1,true,cardio_endurance,breathing + supported strength + walking/mobility,20,pregnancy_health;pregnant_woman;beginner,protein + fiber + hydration,"sleep, hydration, mobility, symptom check",v0.1-safe-seed-2026-06-11
PL0012-D003,PL0012,3,1,true,mobility_core,breathing + supported strength + walking/mobility,20,pregnancy_health;pregnant_woman;beginner,protein + fiber + hydration,"sleep, hydration, mobility, symptom check",v0.1-safe-seed-2026-06-11
PL0012-D004,PL0012,4,1,true,upper_lower_split,breathing + supported strength + walking/mobility,20,pregnancy_health;pregnant_woman;beginner,protein + fiber + hydration,"sleep, hydration, mobility, symptom check",v0.1-safe-seed-2026-06-11
PL0012-D005,PL0012,5,1,false,recovery,walk + mobility + hydration check,15,pregnancy_health;pregnant_woman;beginner,protein + fiber + hydration,"sleep, hydration, mobility, symptom check",v0.1-safe-seed-2026-06-11
PL0012-D006,PL0012,6,1,false,recovery,walk + mobility + hydration check,15,pregnancy_health;pregnant_woman;beginner,protein + fiber + hydration,"sleep, hydration, mobility, symptom check",v0.1-safe-seed-2026-06-11
PL0012-D007,PL0012,7,1,false,recovery,walk + mobility + hydration check,15,pregnancy_health;pregnant_woman;beginner,protein + fiber + hydration,"sleep, hydration, mobility, symptom check",v0.1-safe-seed-2026-06-11
PL0012-D008,PL0012,8,2,true,mobility_core,breathing + supported strength + walking/mobility,20,pregnancy_health;pregnant_woman;beginner,protein + fiber + hydration,"sleep, hydration, mobility, symptom check",v0.1-safe-seed-2026-06-11
PL0012-D009,PL0012,9,2,true,upper_lower_split,breathing + supported strength + walking/mobility,20,pregnancy_health;pregnant_woman;beginner,protein + fiber + hydration,"sleep, hydration, mobility, symptom check",v0.1-safe-seed-2026-06-11
PL0012-D010,PL0012,10,2,true,skill_practice,breathing + supported strength + walking/mobility,20,pregnancy_health;pregnant_woman;beginner,protein + fiber + hydration,"sleep, hydration, mobility, symptom check",v0.1-safe-seed-2026-06-11
PL0012-D011,PL0012,11,2,true,full_body_strength,breathing + supported strength + walking/mobility,20,pregnancy_health;pregnant_woman;beginner,protein + fiber + hydration,"sleep, hydration, mobility, symptom check",v0.1-safe-seed-2026-06-11
PL0012-D012,PL0012,12,2,false,recovery,walk + mobility + hydration check,15,pregnancy_health;pregnant_woman;beginner,protein + fiber + hydration,"sleep, hydration, mobility, symptom check",v0.1-safe-seed-2026-06-11
PL0012-D013,PL0012,13,2,false,recovery,walk + mobility + hydration check,15,pregnancy_health;pregnant_woman;beginner,protein + fiber + hydration,"sleep, hydration, mobility, symptom check",v0.1-safe-seed-2026-06-11
PL0012-D014,PL0012,14,2,false,recovery,walk + mobility + hydration check,15,pregnancy_health;pregnant_woman;beginner,protein + fiber + hydration,"sleep, hydration, mobility, symptom check",v0.1-safe-seed-2026-06-11
PL0012-D015,PL0012,15,3,true,skill_practice,breathing + supported strength + walking/mobility,20,pregnancy_health;pregnant_woman;beginner,protein + fiber + hydration,"sleep, hydration, mobility, symptom check",v0.1-safe-seed-2026-06-11
PL0012-D016,PL0012,16,3,true,full_body_strength,breathing + supported strength + walking/mobility,20,pregnancy_health;pregnant_woman;beginner,protein + fiber + hydration,"sleep, hydration, mobility, symptom check",v0.1-safe-seed-2026-06-11
PL0012-D017,PL0012,17,3,true,cardio_endurance,breathing + supported strength + walking/mobility,20,pregnancy_health;pregnant_woman;beginner,protein + fiber + hydration,"sleep, hydration, mobility, symptom check",v0.1-safe-seed-2026-06-11
PL0012-D018,PL0012,18,3,true,mobility_core,breathing + supported strength + walking/mobility,20,pregnancy_health;pregnant_woman;beginner,protein + fiber + hydration,"sleep, hydration, mobility, symptom check",v0.1-safe-seed-2026-06-11
PL0012-D019,PL0012,19,3,false,recovery,walk + mobility + hydration check,15,pregnancy_health;pregnant_woman;beginner,protein + fiber + hydration,"sleep, hydration, mobility, symptom check",v0.1-safe-seed-2026-06-11
PL0012-D020,PL0012,20,3,false,recovery,walk + mobility + hydration check,15,pregnancy_health;pregnant_woman;beginner,protein + fiber + hydration,"sleep, hydration, mobility, symptom check",v0.1-safe-seed-2026-06-11
PL0012-D021,PL0012,21,3,false,recovery,walk + mobility + hydration check,15,pregnancy_health;pregnant_woman;beginner,protein + fiber + hydration,"sleep, hydration, mobility, symptom check",v0.1-safe-seed-2026-06-11
PL0012-D022,PL0012,22,4,true,cardio_endurance,breathing + supported strength + walking/mobility,20,pregnancy_health;pregnant_woman;beginner,protein + fiber + hydration,"sleep, hydration, mobility, symptom check",v0.1-safe-seed-2026-06-11
PL0012-D023,PL0012,23,4,true,mobility_core,breathing + supported strength + walking/mobility,20,pregnancy_health;pregnant_woman;beginner,protein + fiber + hydration,"sleep, hydration, mobility, symptom check",v0.1-safe-seed-2026-06-11
PL0012-D024,PL0012,24,4,true,upper_lower_split,breathing + supported strength + walking/mobility,20,pregnancy_health;pregnant_woman;beginner,protein + fiber + hydration,"sleep, hydration, mobility, symptom check",v0.1-safe-seed-2026-06-11
PL0012-D025,PL0012,25,4,true,skill_practice,breathing + supported strength + walking/mobility,20,pregnancy_health;pregnant_woman;beginner,protein + fiber + hydration,"sleep, hydration, mobility, symptom check",v0.1-safe-seed-2026-06-11
PL0012-D026,PL0012,26,4,false,recovery,walk + mobility + hydration check,15,pregnancy_health;pregnant_woman;beginner,protein + fiber + hydration,"sleep, hydration, mobility, symptom check",v0.1-safe-seed-2026-06-11
PL0012-D027,PL0012,27,4,false,recovery,walk + mobility + hydration check,15,pregnancy_health;pregnant_woman;beginner,protein + fiber + hydration,"sleep, hydration, mobility, symptom check",v0.1-safe-seed-2026-06-11
PL0012-D028,PL0012,28,4,false,recovery,walk + mobility + hydration check,15,pregnancy_health;pregnant_woman;beginner,protein + fiber + hydration,"sleep, hydration, mobility, symptom check",v0.1-safe-seed-2026-06-11
PL0013-D001,PL0013,1,1,true,full_body_strength,breathing + supported strength + walking/mobility,20,pregnancy_health;pregnant_woman;beginner,protein + fiber + hydration,"sleep, hydration, mobility, symptom check",v0.1-safe-seed-2026-06-11
PL0013-D002,PL0013,2,1,true,cardio_endurance,breathing + supported strength + walking/mobility,20,pregnancy_health;pregnant_woman;beginner,protein + fiber + hydration,"sleep, hydration, mobility, symptom check",v0.1-safe-seed-2026-06-11
PL0013-D003,PL0013,3,1,true,mobility_core,breathing + supported strength + walking/mobility,20,pregnancy_health;pregnant_woman;beginner,protein + fiber + hydration,"sleep, hydration, mobility, symptom check",v0.1-safe-seed-2026-06-11
PL0013-D004,PL0013,4,1,true,upper_lower_split,breathing + supported strength + walking/mobility,20,pregnancy_health;pregnant_woman;beginner,protein + fiber + hydration,"sleep, hydration, mobility, symptom check",v0.1-safe-seed-2026-06-11
PL0013-D005,PL0013,5,1,false,recovery,walk + mobility + hydration check,15,pregnancy_health;pregnant_woman;beginner,protein + fiber + hydration,"sleep, hydration, mobility, symptom check",v0.1-safe-seed-2026-06-11
PL0013-D006,PL0013,6,1,false,recovery,walk + mobility + hydration check,15,pregnancy_health;pregnant_woman;beginner,protein + fiber + hydration,"sleep, hydration, mobility, symptom check",v0.1-safe-seed-2026-06-11
PL0013-D007,PL0013,7,1,false,recovery,walk + mobility + hydration check,15,pregnancy_health;pregnant_woman;beginner,protein + fiber + hydration,"sleep, hydration, mobility, symptom check",v0.1-safe-seed-2026-06-11
PL0013-D008,PL0013,8,2,true,mobility_core,breathing + supported strength + walking/mobility,20,pregnancy_health;pregnant_woman;beginner,protein + fiber + hydration,"sleep, hydration, mobility, symptom check",v0.1-safe-seed-2026-06-11
PL0013-D009,PL0013,9,2,true,upper_lower_split,breathing + supported strength + walking/mobility,20,pregnancy_health;pregnant_woman;beginner,protein + fiber + hydration,"sleep, hydration, mobility, symptom check",v0.1-safe-seed-2026-06-11
PL0013-D010,PL0013,10,2,true,skill_practice,breathing + supported strength + walking/mobility,20,pregnancy_health;pregnant_woman;beginner,protein + fiber + hydration,"sleep, hydration, mobility, symptom check",v0.1-safe-seed-2026-06-11
PL0013-D011,PL0013,11,2,true,full_body_strength,breathing + supported strength + walking/mobility,20,pregnancy_health;pregnant_woman;beginner,protein + fiber + hydration,"sleep, hydration, mobility, symptom check",v0.1-safe-seed-2026-06-11
PL0013-D012,PL0013,12,2,false,recovery,walk + mobility + hydration check,15,pregnancy_health;pregnant_woman;beginner,protein + fiber + hydration,"sleep, hydration, mobility, symptom check",v0.1-safe-seed-2026-06-11
PL0013-D013,PL0013,13,2,false,recovery,walk + mobility + hydration check,15,pregnancy_health;pregnant_woman;beginner,protein + fiber + hydration,"sleep, hydration, mobility, symptom check",v0.1-safe-seed-2026-06-11
PL0013-D014,PL0013,14,2,false,recovery,walk + mobility + hydration check,15,pregnancy_health;pregnant_woman;beginner,protein + fiber + hydration,"sleep, hydration, mobility, symptom check",v0.1-safe-seed-2026-06-11
PL0013-D015,PL0013,15,3,true,skill_practice,breathing + supported strength + walking/mobility,20,pregnancy_health;pregnant_woman;beginner,protein + fiber + hydration,"sleep, hydration, mobility, symptom check",v0.1-safe-seed-2026-06-11
PL0013-D016,PL0013,16,3,true,full_body_strength,breathing + supported strength + walking/mobility,20,pregnancy_health;pregnant_woman;beginner,protein + fiber + hydration,"sleep, hydration, mobility, symptom check",v0.1-safe-seed-2026-06-11
PL0013-D017,PL0013,17,3,true,cardio_endurance,breathing + supported strength + walking/mobility,20,pregnancy_health;pregnant_woman;beginner,protein + fiber + hydration,"sleep, hydration, mobility, symptom check",v0.1-safe-seed-2026-06-11
PL0013-D018,PL0013,18,3,true,mobility_core,breathing + supported strength + walking/mobility,20,pregnancy_health;pregnant_woman;beginner,protein + fiber + hydration,"sleep, hydration, mobility, symptom check",v0.1-safe-seed-2026-06-11
PL0013-D019,PL0013,19,3,false,recovery,walk + mobility + hydration check,15,pregnancy_health;pregnant_woman;beginner,protein + fiber + hydration,"sleep, hydration, mobility, symptom check",v0.1-safe-seed-2026-06-11
PL0013-D020,PL0013,20,3,false,recovery,walk + mobility + hydration check,15,pregnancy_health;pregnant_woman;beginner,protein + fiber + hydration,"sleep, hydration, mobility, symptom check",v0.1-safe-seed-2026-06-11
PL0013-D021,PL0013,21,3,false,recovery,walk + mobility + hydration check,15,pregnancy_health;pregnant_woman;beginner,protein + fiber + hydration,"sleep, hydration, mobility, symptom check",v0.1-safe-seed-2026-06-11
PL0013-D022,PL0013,22,4,true,cardio_endurance,breathing + supported strength + walking/mobility,20,pregnancy_health;pregnant_woman;beginner,protein + fiber + hydration,"sleep, hydration, mobility, symptom check",v0.1-safe-seed-2026-06-11
PL0013-D023,PL0013,23,4,true,mobility_core,breathing + supported strength + walking/mobility,20,pregnancy_health;pregnant_woman;beginner,protein + fiber + hydration,"sleep, hydration, mobility, symptom check",v0.1-safe-seed-2026-06-11
PL0013-D024,PL0013,24,4,true,upper_lower_split,breathing + supported strength + walking/mobility,20,pregnancy_health;pregnant_woman;beginner,protein + fiber + hydration,"sleep, hydration, mobility, symptom check",v0.1-safe-seed-2026-06-11
PL0013-D025,PL0013,25,4,true,skill_practice,breathing + supported strength + walking/mobility,20,pregnancy_health;pregnant_woman;beginner,protein + fiber + hydration,"sleep, hydration, mobility, symptom check",v0.1-safe-seed-2026-06-11
PL0013-D026,PL0013,26,4,false,recovery,walk + mobility + hydration check,15,pregnancy_health;pregnant_woman;beginner,protein + fiber + hydration,"sleep, hydration, mobility, symptom check",v0.1-safe-seed-2026-06-11
PL0013-D027,PL0013,27,4,false,recovery,walk + mobility + hydration check,15,pregnancy_health;pregnant_woman;beginner,protein + fiber + hydration,"sleep, hydration, mobility, symptom check",v0.1-safe-seed-2026-06-11
PL0013-D028,PL0013,28,4,false,recovery,walk + mobility + hydration check,15,pregnancy_health;pregnant_woman;beginner,protein + fiber + hydration,"sleep, hydration, mobility, symptom check",v0.1-safe-seed-2026-06-11
PL0014-D001,PL0014,1,1,true,full_body_strength,"full_body_strength session with warm-up, main work, and cool-down",30,postpartum_recovery;postpartum_parent;beginner,protein + fiber + hydration,"sleep, hydration, mobility, symptom check",v0.1-safe-seed-2026-06-11
PL0014-D002,PL0014,2,1,true,cardio_endurance,"cardio_endurance session with warm-up, main work, and cool-down",30,postpartum_recovery;postpartum_parent;beginner,protein + fiber + hydration,"sleep, hydration, mobility, symptom check",v0.1-safe-seed-2026-06-11
PL0014-D003,PL0014,3,1,true,mobility_core,"mobility_core session with warm-up, main work, and cool-down",30,postpartum_recovery;postpartum_parent;beginner,protein + fiber + hydration,"sleep, hydration, mobility, symptom check",v0.1-safe-seed-2026-06-11
PL0014-D004,PL0014,4,1,false,recovery,walk + mobility + hydration check,15,postpartum_recovery;postpartum_parent;beginner,protein + fiber + hydration,"sleep, hydration, mobility, symptom check",v0.1-safe-seed-2026-06-11
PL0014-D005,PL0014,5,1,false,recovery,walk + mobility + hydration check,15,postpartum_recovery;postpartum_parent;beginner,protein + fiber + hydration,"sleep, hydration, mobility, symptom check",v0.1-safe-seed-2026-06-11
PL0014-D006,PL0014,6,1,false,recovery,walk + mobility + hydration check,15,postpartum_recovery;postpartum_parent;beginner,protein + fiber + hydration,"sleep, hydration, mobility, symptom check",v0.1-safe-seed-2026-06-11
PL0014-D007,PL0014,7,1,false,recovery,walk + mobility + hydration check,15,postpartum_recovery;postpartum_parent;beginner,protein + fiber + hydration,"sleep, hydration, mobility, symptom check",v0.1-safe-seed-2026-06-11
PL0014-D008,PL0014,8,2,true,mobility_core,"mobility_core session with warm-up, main work, and cool-down",30,postpartum_recovery;postpartum_parent;beginner,protein + fiber + hydration,"sleep, hydration, mobility, symptom check",v0.1-safe-seed-2026-06-11
PL0014-D009,PL0014,9,2,true,upper_lower_split,"upper_lower_split session with warm-up, main work, and cool-down",30,postpartum_recovery;postpartum_parent;beginner,protein + fiber + hydration,"sleep, hydration, mobility, symptom check",v0.1-safe-seed-2026-06-11
PL0014-D010,PL0014,10,2,true,skill_practice,"skill_practice session with warm-up, main work, and cool-down",30,postpartum_recovery;postpartum_parent;beginner,protein + fiber + hydration,"sleep, hydration, mobility, symptom check",v0.1-safe-seed-2026-06-11
PL0014-D011,PL0014,11,2,false,recovery,walk + mobility + hydration check,15,postpartum_recovery;postpartum_parent;beginner,protein + fiber + hydration,"sleep, hydration, mobility, symptom check",v0.1-safe-seed-2026-06-11
PL0014-D012,PL0014,12,2,false,recovery,walk + mobility + hydration check,15,postpartum_recovery;postpartum_parent;beginner,protein + fiber + hydration,"sleep, hydration, mobility, symptom check",v0.1-safe-seed-2026-06-11
PL0014-D013,PL0014,13,2,false,recovery,walk + mobility + hydration check,15,postpartum_recovery;postpartum_parent;beginner,protein + fiber + hydration,"sleep, hydration, mobility, symptom check",v0.1-safe-seed-2026-06-11
PL0014-D014,PL0014,14,2,false,recovery,walk + mobility + hydration check,15,postpartum_recovery;postpartum_parent;beginner,protein + fiber + hydration,"sleep, hydration, mobility, symptom check",v0.1-safe-seed-2026-06-11
PL0014-D015,PL0014,15,3,true,skill_practice,"skill_practice session with warm-up, main work, and cool-down",30,postpartum_recovery;postpartum_parent;beginner,protein + fiber + hydration,"sleep, hydration, mobility, symptom check",v0.1-safe-seed-2026-06-11
PL0014-D016,PL0014,16,3,true,full_body_strength,"full_body_strength session with warm-up, main work, and cool-down",30,postpartum_recovery;postpartum_parent;beginner,protein + fiber + hydration,"sleep, hydration, mobility, symptom check",v0.1-safe-seed-2026-06-11
PL0014-D017,PL0014,17,3,true,cardio_endurance,"cardio_endurance session with warm-up, main work, and cool-down",30,postpartum_recovery;postpartum_parent;beginner,protein + fiber + hydration,"sleep, hydration, mobility, symptom check",v0.1-safe-seed-2026-06-11
PL0014-D018,PL0014,18,3,false,recovery,walk + mobility + hydration check,15,postpartum_recovery;postpartum_parent;beginner,protein + fiber + hydration,"sleep, hydration, mobility, symptom check",v0.1-safe-seed-2026-06-11
PL0014-D019,PL0014,19,3,false,recovery,walk + mobility + hydration check,15,postpartum_recovery;postpartum_parent;beginner,protein + fiber + hydration,"sleep, hydration, mobility, symptom check",v0.1-safe-seed-2026-06-11
PL0014-D020,PL0014,20,3,false,recovery,walk + mobility + hydration check,15,postpartum_recovery;postpartum_parent;beginner,protein + fiber + hydration,"sleep, hydration, mobility, symptom check",v0.1-safe-seed-2026-06-11
PL0014-D021,PL0014,21,3,false,recovery,walk + mobility + hydration check,15,postpartum_recovery;postpartum_parent;beginner,protein + fiber + hydration,"sleep, hydration, mobility, symptom check",v0.1-safe-seed-2026-06-11
PL0014-D022,PL0014,22,4,true,cardio_endurance,"cardio_endurance session with warm-up, main work, and cool-down",30,postpartum_recovery;postpartum_parent;beginner,protein + fiber + hydration,"sleep, hydration, mobility, symptom check",v0.1-safe-seed-2026-06-11
PL0014-D023,PL0014,23,4,true,mobility_core,"mobility_core session with warm-up, main work, and cool-down",30,postpartum_recovery;postpartum_parent;beginner,protein + fiber + hydration,"sleep, hydration, mobility, symptom check",v0.1-safe-seed-2026-06-11
PL0014-D024,PL0014,24,4,true,upper_lower_split,"upper_lower_split session with warm-up, main work, and cool-down",30,postpartum_recovery;postpartum_parent;beginner,protein + fiber + hydration,"sleep, hydration, mobility, symptom check",v0.1-safe-seed-2026-06-11
PL0014-D025,PL0014,25,4,false,recovery,walk + mobility + hydration check,15,postpartum_recovery;postpartum_parent;beginner,protein + fiber + hydration,"sleep, hydration, mobility, symptom check",v0.1-safe-seed-2026-06-11
PL0014-D026,PL0014,26,4,false,recovery,walk + mobility + hydration check,15,postpartum_recovery;postpartum_parent;beginner,protein + fiber + hydration,"sleep, hydration, mobility, symptom check",v0.1-safe-seed-2026-06-11
PL0014-D027,PL0014,27,4,false,recovery,walk + mobility + hydration check,15,postpartum_recovery;postpartum_parent;beginner,protein + fiber + hydration,"sleep, hydration, mobility, symptom check",v0.1-safe-seed-2026-06-11
PL0014-D028,PL0014,28,4,false,recovery,walk + mobility + hydration check,15,postpartum_recovery;postpartum_parent;beginner,protein + fiber + hydration,"sleep, hydration, mobility, symptom check",v0.1-safe-seed-2026-06-11
PL0014-D029,PL0014,29,5,true,upper_lower_split,"upper_lower_split session with warm-up, main work, and cool-down",30,postpartum_recovery;postpartum_parent;beginner,protein + fiber + hydration,"sleep, hydration, mobility, symptom check",v0.1-safe-seed-2026-06-11
PL0014-D030,PL0014,30,5,true,skill_practice,"skill_practice session with warm-up, main work, and cool-down",30,postpartum_recovery;postpartum_parent;beginner,protein + fiber + hydration,"sleep, hydration, mobility, symptom check",v0.1-safe-seed-2026-06-11
PL0014-D031,PL0014,31,5,true,full_body_strength,"full_body_strength session with warm-up, main work, and cool-down",30,postpartum_recovery;postpartum_parent;beginner,protein + fiber + hydration,"sleep, hydration, mobility, symptom check",v0.1-safe-seed-2026-06-11
PL0014-D032,PL0014,32,5,false,recovery,walk + mobility + hydration check,15,postpartum_recovery;postpartum_parent;beginner,protein + fiber + hydration,"sleep, hydration, mobility, symptom check",v0.1-safe-seed-2026-06-11
PL0014-D033,PL0014,33,5,false,recovery,walk + mobility + hydration check,15,postpartum_recovery;postpartum_parent;beginner,protein + fiber + hydration,"sleep, hydration, mobility, symptom check",v0.1-safe-seed-2026-06-11
PL0014-D034,PL0014,34,5,false,recovery,walk + mobility + hydration check,15,postpartum_recovery;postpartum_parent;beginner,protein + fiber + hydration,"sleep, hydration, mobility, symptom check",v0.1-safe-seed-2026-06-11
PL0014-D035,PL0014,35,5,false,recovery,walk + mobility + hydration check,15,postpartum_recovery;postpartum_parent;beginner,protein + fiber + hydration,"sleep, hydration, mobility, symptom check",v0.1-safe-seed-2026-06-11
PL0014-D036,PL0014,36,6,true,full_body_strength,"full_body_strength session with warm-up, main work, and cool-down",30,postpartum_recovery;postpartum_parent;beginner,protein + fiber + hydration,"sleep, hydration, mobility, symptom check",v0.1-safe-seed-2026-06-11
PL0014-D037,PL0014,37,6,true,cardio_endurance,"cardio_endurance session with warm-up, main work, and cool-down",30,postpartum_recovery;postpartum_parent;beginner,protein + fiber + hydration,"sleep, hydration, mobility, symptom check",v0.1-safe-seed-2026-06-11
PL0014-D038,PL0014,38,6,true,mobility_core,"mobility_core session with warm-up, main work, and cool-down",30,postpartum_recovery;postpartum_parent;beginner,protein + fiber + hydration,"sleep, hydration, mobility, symptom check",v0.1-safe-seed-2026-06-11
PL0014-D039,PL0014,39,6,false,recovery,walk + mobility + hydration check,15,postpartum_recovery;postpartum_parent;beginner,protein + fiber + hydration,"sleep, hydration, mobility, symptom check",v0.1-safe-seed-2026-06-11
PL0014-D040,PL0014,40,6,false,recovery,walk + mobility + hydration check,15,postpartum_recovery;postpartum_parent;beginner,protein + fiber + hydration,"sleep, hydration, mobility, symptom check",v0.1-safe-seed-2026-06-11
PL0014-D041,PL0014,41,6,false,recovery,walk + mobility + hydration check,15,postpartum_recovery;postpartum_parent;beginner,protein + fiber + hydration,"sleep, hydration, mobility, symptom check",v0.1-safe-seed-2026-06-11
PL0014-D042,PL0014,42,6,false,recovery,walk + mobility + hydration check,15,postpartum_recovery;postpartum_parent;beginner,protein + fiber + hydration,"sleep, hydration, mobility, symptom check",v0.1-safe-seed-2026-06-11
PL0015-D001,PL0015,1,1,true,full_body_strength,"full_body_strength session with warm-up, main work, and cool-down",30,family_activity;child_6_12;beginner,protein + fiber + hydration,"sleep, hydration, mobility, symptom check",v0.1-safe-seed-2026-06-11
PL0015-D002,PL0015,2,1,true,cardio_endurance,"cardio_endurance session with warm-up, main work, and cool-down",30,family_activity;child_6_12;beginner,protein + fiber + hydration,"sleep, hydration, mobility, symptom check",v0.1-safe-seed-2026-06-11
PL0015-D003,PL0015,3,1,true,mobility_core,"mobility_core session with warm-up, main work, and cool-down",30,family_activity;child_6_12;beginner,protein + fiber + hydration,"sleep, hydration, mobility, symptom check",v0.1-safe-seed-2026-06-11
PL0015-D004,PL0015,4,1,true,upper_lower_split,"upper_lower_split session with warm-up, main work, and cool-down",30,family_activity;child_6_12;beginner,protein + fiber + hydration,"sleep, hydration, mobility, symptom check",v0.1-safe-seed-2026-06-11
PL0015-D005,PL0015,5,1,true,skill_practice,"skill_practice session with warm-up, main work, and cool-down",30,family_activity;child_6_12;beginner,protein + fiber + hydration,"sleep, hydration, mobility, symptom check",v0.1-safe-seed-2026-06-11
PL0015-D006,PL0015,6,1,false,recovery,walk + mobility + hydration check,15,family_activity;child_6_12;beginner,protein + fiber + hydration,"sleep, hydration, mobility, symptom check",v0.1-safe-seed-2026-06-11
PL0015-D007,PL0015,7,1,false,recovery,walk + mobility + hydration check,15,family_activity;child_6_12;beginner,protein + fiber + hydration,"sleep, hydration, mobility, symptom check",v0.1-safe-seed-2026-06-11
PL0015-D008,PL0015,8,2,true,mobility_core,"mobility_core session with warm-up, main work, and cool-down",30,family_activity;child_6_12;beginner,protein + fiber + hydration,"sleep, hydration, mobility, symptom check",v0.1-safe-seed-2026-06-11
PL0015-D009,PL0015,9,2,true,upper_lower_split,"upper_lower_split session with warm-up, main work, and cool-down",30,family_activity;child_6_12;beginner,protein + fiber + hydration,"sleep, hydration, mobility, symptom check",v0.1-safe-seed-2026-06-11
PL0015-D010,PL0015,10,2,true,skill_practice,"skill_practice session with warm-up, main work, and cool-down",30,family_activity;child_6_12;beginner,protein + fiber + hydration,"sleep, hydration, mobility, symptom check",v0.1-safe-seed-2026-06-11
PL0015-D011,PL0015,11,2,true,full_body_strength,"full_body_strength session with warm-up, main work, and cool-down",30,family_activity;child_6_12;beginner,protein + fiber + hydration,"sleep, hydration, mobility, symptom check",v0.1-safe-seed-2026-06-11
PL0015-D012,PL0015,12,2,true,cardio_endurance,"cardio_endurance session with warm-up, main work, and cool-down",30,family_activity;child_6_12;beginner,protein + fiber + hydration,"sleep, hydration, mobility, symptom check",v0.1-safe-seed-2026-06-11
PL0015-D013,PL0015,13,2,false,recovery,walk + mobility + hydration check,15,family_activity;child_6_12;beginner,protein + fiber + hydration,"sleep, hydration, mobility, symptom check",v0.1-safe-seed-2026-06-11
PL0015-D014,PL0015,14,2,false,recovery,walk + mobility + hydration check,15,family_activity;child_6_12;beginner,protein + fiber + hydration,"sleep, hydration, mobility, symptom check",v0.1-safe-seed-2026-06-11
PL0015-D015,PL0015,15,3,true,skill_practice,"skill_practice session with warm-up, main work, and cool-down",30,family_activity;child_6_12;beginner,protein + fiber + hydration,"sleep, hydration, mobility, symptom check",v0.1-safe-seed-2026-06-11
PL0015-D016,PL0015,16,3,true,full_body_strength,"full_body_strength session with warm-up, main work, and cool-down",30,family_activity;child_6_12;beginner,protein + fiber + hydration,"sleep, hydration, mobility, symptom check",v0.1-safe-seed-2026-06-11
PL0015-D017,PL0015,17,3,true,cardio_endurance,"cardio_endurance session with warm-up, main work, and cool-down",30,family_activity;child_6_12;beginner,protein + fiber + hydration,"sleep, hydration, mobility, symptom check",v0.1-safe-seed-2026-06-11
PL0015-D018,PL0015,18,3,true,mobility_core,"mobility_core session with warm-up, main work, and cool-down",30,family_activity;child_6_12;beginner,protein + fiber + hydration,"sleep, hydration, mobility, symptom check",v0.1-safe-seed-2026-06-11
PL0015-D019,PL0015,19,3,true,upper_lower_split,"upper_lower_split session with warm-up, main work, and cool-down",30,family_activity;child_6_12;beginner,protein + fiber + hydration,"sleep, hydration, mobility, symptom check",v0.1-safe-seed-2026-06-11
PL0015-D020,PL0015,20,3,false,recovery,walk + mobility + hydration check,15,family_activity;child_6_12;beginner,protein + fiber + hydration,"sleep, hydration, mobility, symptom check",v0.1-safe-seed-2026-06-11
PL0015-D021,PL0015,21,3,false,recovery,walk + mobility + hydration check,15,family_activity;child_6_12;beginner,protein + fiber + hydration,"sleep, hydration, mobility, symptom check",v0.1-safe-seed-2026-06-11
PL0015-D022,PL0015,22,4,true,cardio_endurance,"cardio_endurance session with warm-up, main work, and cool-down",30,family_activity;child_6_12;beginner,protein + fiber + hydration,"sleep, hydration, mobility, symptom check",v0.1-safe-seed-2026-06-11
PL0015-D023,PL0015,23,4,true,mobility_core,"mobility_core session with warm-up, main work, and cool-down",30,family_activity;child_6_12;beginner,protein + fiber + hydration,"sleep, hydration, mobility, symptom check",v0.1-safe-seed-2026-06-11
PL0015-D024,PL0015,24,4,true,upper_lower_split,"upper_lower_split session with warm-up, main work, and cool-down",30,family_activity;child_6_12;beginner,protein + fiber + hydration,"sleep, hydration, mobility, symptom check",v0.1-safe-seed-2026-06-11
PL0015-D025,PL0015,25,4,true,skill_practice,"skill_practice session with warm-up, main work, and cool-down",30,family_activity;child_6_12;beginner,protein + fiber + hydration,"sleep, hydration, mobility, symptom check",v0.1-safe-seed-2026-06-11
PL0015-D026,PL0015,26,4,true,full_body_strength,"full_body_strength session with warm-up, main work, and cool-down",30,family_activity;child_6_12;beginner,protein + fiber + hydration,"sleep, hydration, mobility, symptom check",v0.1-safe-seed-2026-06-11
PL0015-D027,PL0015,27,4,false,recovery,walk + mobility + hydration check,15,family_activity;child_6_12;beginner,protein + fiber + hydration,"sleep, hydration, mobility, symptom check",v0.1-safe-seed-2026-06-11
PL0015-D028,PL0015,28,4,false,recovery,walk + mobility + hydration check,15,family_activity;child_6_12;beginner,protein + fiber + hydration,"sleep, hydration, mobility, symptom check",v0.1-safe-seed-2026-06-11
PL0016-D001,PL0016,1,1,true,full_body_strength,"full_body_strength session with warm-up, main work, and cool-down",30,strength_skill;teen_13_17;beginner,protein + fiber + hydration,"sleep, hydration, mobility, symptom check",v0.1-safe-seed-2026-06-11
PL0016-D002,PL0016,2,1,true,cardio_endurance,"cardio_endurance session with warm-up, main work, and cool-down",30,strength_skill;teen_13_17;beginner,protein + fiber + hydration,"sleep, hydration, mobility, symptom check",v0.1-safe-seed-2026-06-11
PL0016-D003,PL0016,3,1,true,mobility_core,"mobility_core session with warm-up, main work, and cool-down",30,strength_skill;teen_13_17;beginner,protein + fiber + hydration,"sleep, hydration, mobility, symptom check",v0.1-safe-seed-2026-06-11
PL0016-D004,PL0016,4,1,false,recovery,walk + mobility + hydration check,15,strength_skill;teen_13_17;beginner,protein + fiber + hydration,"sleep, hydration, mobility, symptom check",v0.1-safe-seed-2026-06-11
PL0016-D005,PL0016,5,1,false,recovery,walk + mobility + hydration check,15,strength_skill;teen_13_17;beginner,protein + fiber + hydration,"sleep, hydration, mobility, symptom check",v0.1-safe-seed-2026-06-11
PL0016-D006,PL0016,6,1,false,recovery,walk + mobility + hydration check,15,strength_skill;teen_13_17;beginner,protein + fiber + hydration,"sleep, hydration, mobility, symptom check",v0.1-safe-seed-2026-06-11
PL0016-D007,PL0016,7,1,false,recovery,walk + mobility + hydration check,15,strength_skill;teen_13_17;beginner,protein + fiber + hydration,"sleep, hydration, mobility, symptom check",v0.1-safe-seed-2026-06-11
PL0016-D008,PL0016,8,2,true,mobility_core,"mobility_core session with warm-up, main work, and cool-down",30,strength_skill;teen_13_17;beginner,protein + fiber + hydration,"sleep, hydration, mobility, symptom check",v0.1-safe-seed-2026-06-11
PL0016-D009,PL0016,9,2,true,upper_lower_split,"upper_lower_split session with warm-up, main work, and cool-down",30,strength_skill;teen_13_17;beginner,protein + fiber + hydration,"sleep, hydration, mobility, symptom check",v0.1-safe-seed-2026-06-11
PL0016-D010,PL0016,10,2,true,skill_practice,"skill_practice session with warm-up, main work, and cool-down",30,strength_skill;teen_13_17;beginner,protein + fiber + hydration,"sleep, hydration, mobility, symptom check",v0.1-safe-seed-2026-06-11
PL0016-D011,PL0016,11,2,false,recovery,walk + mobility + hydration check,15,strength_skill;teen_13_17;beginner,protein + fiber + hydration,"sleep, hydration, mobility, symptom check",v0.1-safe-seed-2026-06-11
PL0016-D012,PL0016,12,2,false,recovery,walk + mobility + hydration check,15,strength_skill;teen_13_17;beginner,protein + fiber + hydration,"sleep, hydration, mobility, symptom check",v0.1-safe-seed-2026-06-11
PL0016-D013,PL0016,13,2,false,recovery,walk + mobility + hydration check,15,strength_skill;teen_13_17;beginner,protein + fiber + hydration,"sleep, hydration, mobility, symptom check",v0.1-safe-seed-2026-06-11
PL0016-D014,PL0016,14,2,false,recovery,walk + mobility + hydration check,15,strength_skill;teen_13_17;beginner,protein + fiber + hydration,"sleep, hydration, mobility, symptom check",v0.1-safe-seed-2026-06-11
PL0016-D015,PL0016,15,3,true,skill_practice,"skill_practice session with warm-up, main work, and cool-down",30,strength_skill;teen_13_17;beginner,protein + fiber + hydration,"sleep, hydration, mobility, symptom check",v0.1-safe-seed-2026-06-11
PL0016-D016,PL0016,16,3,true,full_body_strength,"full_body_strength session with warm-up, main work, and cool-down",30,strength_skill;teen_13_17;beginner,protein + fiber + hydration,"sleep, hydration, mobility, symptom check",v0.1-safe-seed-2026-06-11
PL0016-D017,PL0016,17,3,true,cardio_endurance,"cardio_endurance session with warm-up, main work, and cool-down",30,strength_skill;teen_13_17;beginner,protein + fiber + hydration,"sleep, hydration, mobility, symptom check",v0.1-safe-seed-2026-06-11
PL0016-D018,PL0016,18,3,false,recovery,walk + mobility + hydration check,15,strength_skill;teen_13_17;beginner,protein + fiber + hydration,"sleep, hydration, mobility, symptom check",v0.1-safe-seed-2026-06-11
PL0016-D019,PL0016,19,3,false,recovery,walk + mobility + hydration check,15,strength_skill;teen_13_17;beginner,protein + fiber + hydration,"sleep, hydration, mobility, symptom check",v0.1-safe-seed-2026-06-11
PL0016-D020,PL0016,20,3,false,recovery,walk + mobility + hydration check,15,strength_skill;teen_13_17;beginner,protein + fiber + hydration,"sleep, hydration, mobility, symptom check",v0.1-safe-seed-2026-06-11
PL0016-D021,PL0016,21,3,false,recovery,walk + mobility + hydration check,15,strength_skill;teen_13_17;beginner,protein + fiber + hydration,"sleep, hydration, mobility, symptom check",v0.1-safe-seed-2026-06-11
PL0016-D022,PL0016,22,4,true,cardio_endurance,"cardio_endurance session with warm-up, main work, and cool-down",30,strength_skill;teen_13_17;beginner,protein + fiber + hydration,"sleep, hydration, mobility, symptom check",v0.1-safe-seed-2026-06-11
PL0016-D023,PL0016,23,4,true,mobility_core,"mobility_core session with warm-up, main work, and cool-down",30,strength_skill;teen_13_17;beginner,protein + fiber + hydration,"sleep, hydration, mobility, symptom check",v0.1-safe-seed-2026-06-11
PL0016-D024,PL0016,24,4,true,upper_lower_split,"upper_lower_split session with warm-up, main work, and cool-down",30,strength_skill;teen_13_17;beginner,protein + fiber + hydration,"sleep, hydration, mobility, symptom check",v0.1-safe-seed-2026-06-11
PL0016-D025,PL0016,25,4,false,recovery,walk + mobility + hydration check,15,strength_skill;teen_13_17;beginner,protein + fiber + hydration,"sleep, hydration, mobility, symptom check",v0.1-safe-seed-2026-06-11
PL0016-D026,PL0016,26,4,false,recovery,walk + mobility + hydration check,15,strength_skill;teen_13_17;beginner,protein + fiber + hydration,"sleep, hydration, mobility, symptom check",v0.1-safe-seed-2026-06-11
PL0016-D027,PL0016,27,4,false,recovery,walk + mobility + hydration check,15,strength_skill;teen_13_17;beginner,protein + fiber + hydration,"sleep, hydration, mobility, symptom check",v0.1-safe-seed-2026-06-11
PL0016-D028,PL0016,28,4,false,recovery,walk + mobility + hydration check,15,strength_skill;teen_13_17;beginner,protein + fiber + hydration,"sleep, hydration, mobility, symptom check",v0.1-safe-seed-2026-06-11
PL0016-D029,PL0016,29,5,true,upper_lower_split,"upper_lower_split session with warm-up, main work, and cool-down",30,strength_skill;teen_13_17;beginner,protein + fiber + hydration,"sleep, hydration, mobility, symptom check",v0.1-safe-seed-2026-06-11
PL0016-D030,PL0016,30,5,true,skill_practice,"skill_practice session with warm-up, main work, and cool-down",30,strength_skill;teen_13_17;beginner,protein + fiber + hydration,"sleep, hydration, mobility, symptom check",v0.1-safe-seed-2026-06-11
PL0016-D031,PL0016,31,5,true,full_body_strength,"full_body_strength session with warm-up, main work, and cool-down",30,strength_skill;teen_13_17;beginner,protein + fiber + hydration,"sleep, hydration, mobility, symptom check",v0.1-safe-seed-2026-06-11
PL0016-D032,PL0016,32,5,false,recovery,walk + mobility + hydration check,15,strength_skill;teen_13_17;beginner,protein + fiber + hydration,"sleep, hydration, mobility, symptom check",v0.1-safe-seed-2026-06-11
PL0016-D033,PL0016,33,5,false,recovery,walk + mobility + hydration check,15,strength_skill;teen_13_17;beginner,protein + fiber + hydration,"sleep, hydration, mobility, symptom check",v0.1-safe-seed-2026-06-11
PL0016-D034,PL0016,34,5,false,recovery,walk + mobility + hydration check,15,strength_skill;teen_13_17;beginner,protein + fiber + hydration,"sleep, hydration, mobility, symptom check",v0.1-safe-seed-2026-06-11
PL0016-D035,PL0016,35,5,false,recovery,walk + mobility + hydration check,15,strength_skill;teen_13_17;beginner,protein + fiber + hydration,"sleep, hydration, mobility, symptom check",v0.1-safe-seed-2026-06-11
PL0016-D036,PL0016,36,6,true,full_body_strength,"full_body_strength session with warm-up, main work, and cool-down",30,strength_skill;teen_13_17;beginner,protein + fiber + hydration,"sleep, hydration, mobility, symptom check",v0.1-safe-seed-2026-06-11
PL0016-D037,PL0016,37,6,true,cardio_endurance,"cardio_endurance session with warm-up, main work, and cool-down",30,strength_skill;teen_13_17;beginner,protein + fiber + hydration,"sleep, hydration, mobility, symptom check",v0.1-safe-seed-2026-06-11
PL0016-D038,PL0016,38,6,true,mobility_core,"mobility_core session with warm-up, main work, and cool-down",30,strength_skill;teen_13_17;beginner,protein + fiber + hydration,"sleep, hydration, mobility, symptom check",v0.1-safe-seed-2026-06-11
PL0016-D039,PL0016,39,6,false,recovery,walk + mobility + hydration check,15,strength_skill;teen_13_17;beginner,protein + fiber + hydration,"sleep, hydration, mobility, symptom check",v0.1-safe-seed-2026-06-11
PL0016-D040,PL0016,40,6,false,recovery,walk + mobility + hydration check,15,strength_skill;teen_13_17;beginner,protein + fiber + hydration,"sleep, hydration, mobility, symptom check",v0.1-safe-seed-2026-06-11
PL0016-D041,PL0016,41,6,false,recovery,walk + mobility + hydration check,15,strength_skill;teen_13_17;beginner,protein + fiber + hydration,"sleep, hydration, mobility, symptom check",v0.1-safe-seed-2026-06-11
PL0016-D042,PL0016,42,6,false,recovery,walk + mobility + hydration check,15,strength_skill;teen_13_17;beginner,protein + fiber + hydration,"sleep, hydration, mobility, symptom check",v0.1-safe-seed-2026-06-11
PL0017-D001,PL0017,1,1,true,full_body_strength,"full_body_strength session with warm-up, main work, and cool-down",30,strength_hypertrophy;young_adult_18_25;beginner,protein + fiber + hydration,"sleep, hydration, mobility, symptom check",v0.1-safe-seed-2026-06-11
PL0017-D002,PL0017,2,1,true,cardio_endurance,"cardio_endurance session with warm-up, main work, and cool-down",30,strength_hypertrophy;young_adult_18_25;beginner,protein + fiber + hydration,"sleep, hydration, mobility, symptom check",v0.1-safe-seed-2026-06-11
PL0017-D003,PL0017,3,1,true,mobility_core,"mobility_core session with warm-up, main work, and cool-down",30,strength_hypertrophy;young_adult_18_25;beginner,protein + fiber + hydration,"sleep, hydration, mobility, symptom check",v0.1-safe-seed-2026-06-11
PL0017-D004,PL0017,4,1,true,upper_lower_split,"upper_lower_split session with warm-up, main work, and cool-down",30,strength_hypertrophy;young_adult_18_25;beginner,protein + fiber + hydration,"sleep, hydration, mobility, symptom check",v0.1-safe-seed-2026-06-11
PL0017-D005,PL0017,5,1,false,recovery,walk + mobility + hydration check,15,strength_hypertrophy;young_adult_18_25;beginner,protein + fiber + hydration,"sleep, hydration, mobility, symptom check",v0.1-safe-seed-2026-06-11
PL0017-D006,PL0017,6,1,false,recovery,walk + mobility + hydration check,15,strength_hypertrophy;young_adult_18_25;beginner,protein + fiber + hydration,"sleep, hydration, mobility, symptom check",v0.1-safe-seed-2026-06-11
PL0017-D007,PL0017,7,1,false,recovery,walk + mobility + hydration check,15,strength_hypertrophy;young_adult_18_25;beginner,protein + fiber + hydration,"sleep, hydration, mobility, symptom check",v0.1-safe-seed-2026-06-11
PL0017-D008,PL0017,8,2,true,mobility_core,"mobility_core session with warm-up, main work, and cool-down",30,strength_hypertrophy;young_adult_18_25;beginner,protein + fiber + hydration,"sleep, hydration, mobility, symptom check",v0.1-safe-seed-2026-06-11
PL0017-D009,PL0017,9,2,true,upper_lower_split,"upper_lower_split session with warm-up, main work, and cool-down",30,strength_hypertrophy;young_adult_18_25;beginner,protein + fiber + hydration,"sleep, hydration, mobility, symptom check",v0.1-safe-seed-2026-06-11
PL0017-D010,PL0017,10,2,true,skill_practice,"skill_practice session with warm-up, main work, and cool-down",30,strength_hypertrophy;young_adult_18_25;beginner,protein + fiber + hydration,"sleep, hydration, mobility, symptom check",v0.1-safe-seed-2026-06-11
PL0017-D011,PL0017,11,2,true,full_body_strength,"full_body_strength session with warm-up, main work, and cool-down",30,strength_hypertrophy;young_adult_18_25;beginner,protein + fiber + hydration,"sleep, hydration, mobility, symptom check",v0.1-safe-seed-2026-06-11
PL0017-D012,PL0017,12,2,false,recovery,walk + mobility + hydration check,15,strength_hypertrophy;young_adult_18_25;beginner,protein + fiber + hydration,"sleep, hydration, mobility, symptom check",v0.1-safe-seed-2026-06-11
PL0017-D013,PL0017,13,2,false,recovery,walk + mobility + hydration check,15,strength_hypertrophy;young_adult_18_25;beginner,protein + fiber + hydration,"sleep, hydration, mobility, symptom check",v0.1-safe-seed-2026-06-11
PL0017-D014,PL0017,14,2,false,recovery,walk + mobility + hydration check,15,strength_hypertrophy;young_adult_18_25;beginner,protein + fiber + hydration,"sleep, hydration, mobility, symptom check",v0.1-safe-seed-2026-06-11
PL0017-D015,PL0017,15,3,true,skill_practice,"skill_practice session with warm-up, main work, and cool-down",30,strength_hypertrophy;young_adult_18_25;beginner,protein + fiber + hydration,"sleep, hydration, mobility, symptom check",v0.1-safe-seed-2026-06-11
PL0017-D016,PL0017,16,3,true,full_body_strength,"full_body_strength session with warm-up, main work, and cool-down",30,strength_hypertrophy;young_adult_18_25;beginner,protein + fiber + hydration,"sleep, hydration, mobility, symptom check",v0.1-safe-seed-2026-06-11
PL0017-D017,PL0017,17,3,true,cardio_endurance,"cardio_endurance session with warm-up, main work, and cool-down",30,strength_hypertrophy;young_adult_18_25;beginner,protein + fiber + hydration,"sleep, hydration, mobility, symptom check",v0.1-safe-seed-2026-06-11
PL0017-D018,PL0017,18,3,true,mobility_core,"mobility_core session with warm-up, main work, and cool-down",30,strength_hypertrophy;young_adult_18_25;beginner,protein + fiber + hydration,"sleep, hydration, mobility, symptom check",v0.1-safe-seed-2026-06-11
PL0017-D019,PL0017,19,3,false,recovery,walk + mobility + hydration check,15,strength_hypertrophy;young_adult_18_25;beginner,protein + fiber + hydration,"sleep, hydration, mobility, symptom check",v0.1-safe-seed-2026-06-11
PL0017-D020,PL0017,20,3,false,recovery,walk + mobility + hydration check,15,strength_hypertrophy;young_adult_18_25;beginner,protein + fiber + hydration,"sleep, hydration, mobility, symptom check",v0.1-safe-seed-2026-06-11
PL0017-D021,PL0017,21,3,false,recovery,walk + mobility + hydration check,15,strength_hypertrophy;young_adult_18_25;beginner,protein + fiber + hydration,"sleep, hydration, mobility, symptom check",v0.1-safe-seed-2026-06-11
PL0017-D022,PL0017,22,4,true,cardio_endurance,"cardio_endurance session with warm-up, main work, and cool-down",30,strength_hypertrophy;young_adult_18_25;beginner,protein + fiber + hydration,"sleep, hydration, mobility, symptom check",v0.1-safe-seed-2026-06-11
PL0017-D023,PL0017,23,4,true,mobility_core,"mobility_core session with warm-up, main work, and cool-down",30,strength_hypertrophy;young_adult_18_25;beginner,protein + fiber + hydration,"sleep, hydration, mobility, symptom check",v0.1-safe-seed-2026-06-11
PL0017-D024,PL0017,24,4,true,upper_lower_split,"upper_lower_split session with warm-up, main work, and cool-down",30,strength_hypertrophy;young_adult_18_25;beginner,protein + fiber + hydration,"sleep, hydration, mobility, symptom check",v0.1-safe-seed-2026-06-11
PL0017-D025,PL0017,25,4,true,skill_practice,"skill_practice session with warm-up, main work, and cool-down",30,strength_hypertrophy;young_adult_18_25;beginner,protein + fiber + hydration,"sleep, hydration, mobility, symptom check",v0.1-safe-seed-2026-06-11
PL0017-D026,PL0017,26,4,false,recovery,walk + mobility + hydration check,15,strength_hypertrophy;young_adult_18_25;beginner,protein + fiber + hydration,"sleep, hydration, mobility, symptom check",v0.1-safe-seed-2026-06-11
PL0017-D027,PL0017,27,4,false,recovery,walk + mobility + hydration check,15,strength_hypertrophy;young_adult_18_25;beginner,protein + fiber + hydration,"sleep, hydration, mobility, symptom check",v0.1-safe-seed-2026-06-11
PL0017-D028,PL0017,28,4,false,recovery,walk + mobility + hydration check,15,strength_hypertrophy;young_adult_18_25;beginner,protein + fiber + hydration,"sleep, hydration, mobility, symptom check",v0.1-safe-seed-2026-06-11
PL0017-D029,PL0017,29,5,true,upper_lower_split,"upper_lower_split session with warm-up, main work, and cool-down",30,strength_hypertrophy;young_adult_18_25;beginner,protein + fiber + hydration,"sleep, hydration, mobility, symptom check",v0.1-safe-seed-2026-06-11
PL0017-D030,PL0017,30,5,true,skill_practice,"skill_practice session with warm-up, main work, and cool-down",30,strength_hypertrophy;young_adult_18_25;beginner,protein + fiber + hydration,"sleep, hydration, mobility, symptom check",v0.1-safe-seed-2026-06-11
PL0017-D031,PL0017,31,5,true,full_body_strength,"full_body_strength session with warm-up, main work, and cool-down",30,strength_hypertrophy;young_adult_18_25;beginner,protein + fiber + hydration,"sleep, hydration, mobility, symptom check",v0.1-safe-seed-2026-06-11
PL0017-D032,PL0017,32,5,true,cardio_endurance,"cardio_endurance session with warm-up, main work, and cool-down",30,strength_hypertrophy;young_adult_18_25;beginner,protein + fiber + hydration,"sleep, hydration, mobility, symptom check",v0.1-safe-seed-2026-06-11
PL0017-D033,PL0017,33,5,false,recovery,walk + mobility + hydration check,15,strength_hypertrophy;young_adult_18_25;beginner,protein + fiber + hydration,"sleep, hydration, mobility, symptom check",v0.1-safe-seed-2026-06-11
PL0017-D034,PL0017,34,5,false,recovery,walk + mobility + hydration check,15,strength_hypertrophy;young_adult_18_25;beginner,protein + fiber + hydration,"sleep, hydration, mobility, symptom check",v0.1-safe-seed-2026-06-11
PL0017-D035,PL0017,35,5,false,recovery,walk + mobility + hydration check,15,strength_hypertrophy;young_adult_18_25;beginner,protein + fiber + hydration,"sleep, hydration, mobility, symptom check",v0.1-safe-seed-2026-06-11
PL0017-D036,PL0017,36,6,true,full_body_strength,"full_body_strength session with warm-up, main work, and cool-down",30,strength_hypertrophy;young_adult_18_25;beginner,protein + fiber + hydration,"sleep, hydration, mobility, symptom check",v0.1-safe-seed-2026-06-11
PL0017-D037,PL0017,37,6,true,cardio_endurance,"cardio_endurance session with warm-up, main work, and cool-down",30,strength_hypertrophy;young_adult_18_25;beginner,protein + fiber + hydration,"sleep, hydration, mobility, symptom check",v0.1-safe-seed-2026-06-11
PL0017-D038,PL0017,38,6,true,mobility_core,"mobility_core session with warm-up, main work, and cool-down",30,strength_hypertrophy;young_adult_18_25;beginner,protein + fiber + hydration,"sleep, hydration, mobility, symptom check",v0.1-safe-seed-2026-06-11
PL0017-D039,PL0017,39,6,true,upper_lower_split,"upper_lower_split session with warm-up, main work, and cool-down",30,strength_hypertrophy;young_adult_18_25;beginner,protein + fiber + hydration,"sleep, hydration, mobility, symptom check",v0.1-safe-seed-2026-06-11
PL0017-D040,PL0017,40,6,false,recovery,walk + mobility + hydration check,15,strength_hypertrophy;young_adult_18_25;beginner,protein + fiber + hydration,"sleep, hydration, mobility, symptom check",v0.1-safe-seed-2026-06-11
PL0017-D041,PL0017,41,6,false,recovery,walk + mobility + hydration check,15,strength_hypertrophy;young_adult_18_25;beginner,protein + fiber + hydration,"sleep, hydration, mobility, symptom check",v0.1-safe-seed-2026-06-11
PL0017-D042,PL0017,42,6,false,recovery,walk + mobility + hydration check,15,strength_hypertrophy;young_adult_18_25;beginner,protein + fiber + hydration,"sleep, hydration, mobility, symptom check",v0.1-safe-seed-2026-06-11
PL0017-D043,PL0017,43,7,true,mobility_core,"mobility_core session with warm-up, main work, and cool-down",30,strength_hypertrophy;young_adult_18_25;beginner,protein + fiber + hydration,"sleep, hydration, mobility, symptom check",v0.1-safe-seed-2026-06-11
PL0017-D044,PL0017,44,7,true,upper_lower_split,"upper_lower_split session with warm-up, main work, and cool-down",30,strength_hypertrophy;young_adult_18_25;beginner,protein + fiber + hydration,"sleep, hydration, mobility, symptom check",v0.1-safe-seed-2026-06-11
PL0017-D045,PL0017,45,7,true,skill_practice,"skill_practice session with warm-up, main work, and cool-down",30,strength_hypertrophy;young_adult_18_25;beginner,protein + fiber + hydration,"sleep, hydration, mobility, symptom check",v0.1-safe-seed-2026-06-11
PL0017-D046,PL0017,46,7,true,full_body_strength,"full_body_strength session with warm-up, main work, and cool-down",30,strength_hypertrophy;young_adult_18_25;beginner,protein + fiber + hydration,"sleep, hydration, mobility, symptom check",v0.1-safe-seed-2026-06-11
PL0017-D047,PL0017,47,7,false,recovery,walk + mobility + hydration check,15,strength_hypertrophy;young_adult_18_25;beginner,protein + fiber + hydration,"sleep, hydration, mobility, symptom check",v0.1-safe-seed-2026-06-11
PL0017-D048,PL0017,48,7,false,recovery,walk + mobility + hydration check,15,strength_hypertrophy;young_adult_18_25;beginner,protein + fiber + hydration,"sleep, hydration, mobility, symptom check",v0.1-safe-seed-2026-06-11
PL0017-D049,PL0017,49,7,false,recovery,walk + mobility + hydration check,15,strength_hypertrophy;young_adult_18_25;beginner,protein + fiber + hydration,"sleep, hydration, mobility, symptom check",v0.1-safe-seed-2026-06-11
PL0017-D050,PL0017,50,8,true,skill_practice,"skill_practice session with warm-up, main work, and cool-down",30,strength_hypertrophy;young_adult_18_25;beginner,protein + fiber + hydration,"sleep, hydration, mobility, symptom check",v0.1-safe-seed-2026-06-11
PL0017-D051,PL0017,51,8,true,full_body_strength,"full_body_strength session with warm-up, main work, and cool-down",30,strength_hypertrophy;young_adult_18_25;beginner,protein + fiber + hydration,"sleep, hydration, mobility, symptom check",v0.1-safe-seed-2026-06-11
PL0017-D052,PL0017,52,8,true,cardio_endurance,"cardio_endurance session with warm-up, main work, and cool-down",30,strength_hypertrophy;young_adult_18_25;beginner,protein + fiber + hydration,"sleep, hydration, mobility, symptom check",v0.1-safe-seed-2026-06-11
PL0017-D053,PL0017,53,8,true,mobility_core,"mobility_core session with warm-up, main work, and cool-down",30,strength_hypertrophy;young_adult_18_25;beginner,protein + fiber + hydration,"sleep, hydration, mobility, symptom check",v0.1-safe-seed-2026-06-11
PL0017-D054,PL0017,54,8,false,recovery,walk + mobility + hydration check,15,strength_hypertrophy;young_adult_18_25;beginner,protein + fiber + hydration,"sleep, hydration, mobility, symptom check",v0.1-safe-seed-2026-06-11
PL0017-D055,PL0017,55,8,false,recovery,walk + mobility + hydration check,15,strength_hypertrophy;young_adult_18_25;beginner,protein + fiber + hydration,"sleep, hydration, mobility, symptom check",v0.1-safe-seed-2026-06-11
PL0017-D056,PL0017,56,8,false,recovery,walk + mobility + hydration check,15,strength_hypertrophy;young_adult_18_25;beginner,protein + fiber + hydration,"sleep, hydration, mobility, symptom check",v0.1-safe-seed-2026-06-11
PL0018-D001,PL0018,1,1,true,full_body_strength,short baby-led play blocks spread across the day,5,development;baby_developmental_play;baby,age-appropriate infant feeding only,"sleep, hydration, mobility, symptom check",v0.1-safe-seed-2026-06-11
PL0018-D002,PL0018,2,1,true,cardio_endurance,short baby-led play blocks spread across the day,5,development;baby_developmental_play;baby,age-appropriate infant feeding only,"sleep, hydration, mobility, symptom check",v0.1-safe-seed-2026-06-11
PL0018-D003,PL0018,3,1,true,mobility_core,short baby-led play blocks spread across the day,5,development;baby_developmental_play;baby,age-appropriate infant feeding only,"sleep, hydration, mobility, symptom check",v0.1-safe-seed-2026-06-11
PL0018-D004,PL0018,4,1,true,upper_lower_split,short baby-led play blocks spread across the day,5,development;baby_developmental_play;baby,age-appropriate infant feeding only,"sleep, hydration, mobility, symptom check",v0.1-safe-seed-2026-06-11
PL0018-D005,PL0018,5,1,true,skill_practice,short baby-led play blocks spread across the day,5,development;baby_developmental_play;baby,age-appropriate infant feeding only,"sleep, hydration, mobility, symptom check",v0.1-safe-seed-2026-06-11
PL0018-D006,PL0018,6,1,true,full_body_strength,short baby-led play blocks spread across the day,5,development;baby_developmental_play;baby,age-appropriate infant feeding only,"sleep, hydration, mobility, symptom check",v0.1-safe-seed-2026-06-11
PL0018-D007,PL0018,7,1,true,cardio_endurance,short baby-led play blocks spread across the day,5,development;baby_developmental_play;baby,age-appropriate infant feeding only,"sleep, hydration, mobility, symptom check",v0.1-safe-seed-2026-06-11
PL0018-D008,PL0018,8,2,true,mobility_core,short baby-led play blocks spread across the day,5,development;baby_developmental_play;baby,age-appropriate infant feeding only,"sleep, hydration, mobility, symptom check",v0.1-safe-seed-2026-06-11
PL0018-D009,PL0018,9,2,true,upper_lower_split,short baby-led play blocks spread across the day,5,development;baby_developmental_play;baby,age-appropriate infant feeding only,"sleep, hydration, mobility, symptom check",v0.1-safe-seed-2026-06-11
PL0018-D010,PL0018,10,2,true,skill_practice,short baby-led play blocks spread across the day,5,development;baby_developmental_play;baby,age-appropriate infant feeding only,"sleep, hydration, mobility, symptom check",v0.1-safe-seed-2026-06-11
PL0018-D011,PL0018,11,2,true,full_body_strength,short baby-led play blocks spread across the day,5,development;baby_developmental_play;baby,age-appropriate infant feeding only,"sleep, hydration, mobility, symptom check",v0.1-safe-seed-2026-06-11
PL0018-D012,PL0018,12,2,true,cardio_endurance,short baby-led play blocks spread across the day,5,development;baby_developmental_play;baby,age-appropriate infant feeding only,"sleep, hydration, mobility, symptom check",v0.1-safe-seed-2026-06-11
PL0018-D013,PL0018,13,2,true,mobility_core,short baby-led play blocks spread across the day,5,development;baby_developmental_play;baby,age-appropriate infant feeding only,"sleep, hydration, mobility, symptom check",v0.1-safe-seed-2026-06-11
PL0018-D014,PL0018,14,2,true,upper_lower_split,short baby-led play blocks spread across the day,5,development;baby_developmental_play;baby,age-appropriate infant feeding only,"sleep, hydration, mobility, symptom check",v0.1-safe-seed-2026-06-11
PL0018-D015,PL0018,15,3,true,skill_practice,short baby-led play blocks spread across the day,5,development;baby_developmental_play;baby,age-appropriate infant feeding only,"sleep, hydration, mobility, symptom check",v0.1-safe-seed-2026-06-11
PL0018-D016,PL0018,16,3,true,full_body_strength,short baby-led play blocks spread across the day,5,development;baby_developmental_play;baby,age-appropriate infant feeding only,"sleep, hydration, mobility, symptom check",v0.1-safe-seed-2026-06-11
PL0018-D017,PL0018,17,3,true,cardio_endurance,short baby-led play blocks spread across the day,5,development;baby_developmental_play;baby,age-appropriate infant feeding only,"sleep, hydration, mobility, symptom check",v0.1-safe-seed-2026-06-11
PL0018-D018,PL0018,18,3,true,mobility_core,short baby-led play blocks spread across the day,5,development;baby_developmental_play;baby,age-appropriate infant feeding only,"sleep, hydration, mobility, symptom check",v0.1-safe-seed-2026-06-11
PL0018-D019,PL0018,19,3,true,upper_lower_split,short baby-led play blocks spread across the day,5,development;baby_developmental_play;baby,age-appropriate infant feeding only,"sleep, hydration, mobility, symptom check",v0.1-safe-seed-2026-06-11
PL0018-D020,PL0018,20,3,true,skill_practice,short baby-led play blocks spread across the day,5,development;baby_developmental_play;baby,age-appropriate infant feeding only,"sleep, hydration, mobility, symptom check",v0.1-safe-seed-2026-06-11
PL0018-D021,PL0018,21,3,true,full_body_strength,short baby-led play blocks spread across the day,5,development;baby_developmental_play;baby,age-appropriate infant feeding only,"sleep, hydration, mobility, symptom check",v0.1-safe-seed-2026-06-11
PL0018-D022,PL0018,22,4,true,cardio_endurance,short baby-led play blocks spread across the day,5,development;baby_developmental_play;baby,age-appropriate infant feeding only,"sleep, hydration, mobility, symptom check",v0.1-safe-seed-2026-06-11
PL0018-D023,PL0018,23,4,true,mobility_core,short baby-led play blocks spread across the day,5,development;baby_developmental_play;baby,age-appropriate infant feeding only,"sleep, hydration, mobility, symptom check",v0.1-safe-seed-2026-06-11
PL0018-D024,PL0018,24,4,true,upper_lower_split,short baby-led play blocks spread across the day,5,development;baby_developmental_play;baby,age-appropriate infant feeding only,"sleep, hydration, mobility, symptom check",v0.1-safe-seed-2026-06-11
PL0018-D025,PL0018,25,4,true,skill_practice,short baby-led play blocks spread across the day,5,development;baby_developmental_play;baby,age-appropriate infant feeding only,"sleep, hydration, mobility, symptom check",v0.1-safe-seed-2026-06-11
PL0018-D026,PL0018,26,4,true,full_body_strength,short baby-led play blocks spread across the day,5,development;baby_developmental_play;baby,age-appropriate infant feeding only,"sleep, hydration, mobility, symptom check",v0.1-safe-seed-2026-06-11
PL0018-D027,PL0018,27,4,true,cardio_endurance,short baby-led play blocks spread across the day,5,development;baby_developmental_play;baby,age-appropriate infant feeding only,"sleep, hydration, mobility, symptom check",v0.1-safe-seed-2026-06-11
PL0018-D028,PL0018,28,4,true,mobility_core,short baby-led play blocks spread across the day,5,development;baby_developmental_play;baby,age-appropriate infant feeding only,"sleep, hydration, mobility, symptom check",v0.1-safe-seed-2026-06-11
PL0019-D001,PL0019,1,1,true,full_body_strength,"full_body_strength session with warm-up, main work, and cool-down",30,core;general_adult;beginner,protein + fiber + hydration,"sleep, hydration, mobility, symptom check",v0.1-safe-seed-2026-06-11
PL0019-D002,PL0019,2,1,true,cardio_endurance,"cardio_endurance session with warm-up, main work, and cool-down",30,core;general_adult;beginner,protein + fiber + hydration,"sleep, hydration, mobility, symptom check",v0.1-safe-seed-2026-06-11
PL0019-D003,PL0019,3,1,true,mobility_core,"mobility_core session with warm-up, main work, and cool-down",30,core;general_adult;beginner,protein + fiber + hydration,"sleep, hydration, mobility, symptom check",v0.1-safe-seed-2026-06-11
PL0019-D004,PL0019,4,1,true,upper_lower_split,"upper_lower_split session with warm-up, main work, and cool-down",30,core;general_adult;beginner,protein + fiber + hydration,"sleep, hydration, mobility, symptom check",v0.1-safe-seed-2026-06-11
PL0019-D005,PL0019,5,1,false,recovery,walk + mobility + hydration check,15,core;general_adult;beginner,protein + fiber + hydration,"sleep, hydration, mobility, symptom check",v0.1-safe-seed-2026-06-11
PL0019-D006,PL0019,6,1,false,recovery,walk + mobility + hydration check,15,core;general_adult;beginner,protein + fiber + hydration,"sleep, hydration, mobility, symptom check",v0.1-safe-seed-2026-06-11
PL0019-D007,PL0019,7,1,false,recovery,walk + mobility + hydration check,15,core;general_adult;beginner,protein + fiber + hydration,"sleep, hydration, mobility, symptom check",v0.1-safe-seed-2026-06-11
PL0019-D008,PL0019,8,2,true,mobility_core,"mobility_core session with warm-up, main work, and cool-down",30,core;general_adult;beginner,protein + fiber + hydration,"sleep, hydration, mobility, symptom check",v0.1-safe-seed-2026-06-11
PL0019-D009,PL0019,9,2,true,upper_lower_split,"upper_lower_split session with warm-up, main work, and cool-down",30,core;general_adult;beginner,protein + fiber + hydration,"sleep, hydration, mobility, symptom check",v0.1-safe-seed-2026-06-11
PL0019-D010,PL0019,10,2,true,skill_practice,"skill_practice session with warm-up, main work, and cool-down",30,core;general_adult;beginner,protein + fiber + hydration,"sleep, hydration, mobility, symptom check",v0.1-safe-seed-2026-06-11
PL0019-D011,PL0019,11,2,true,full_body_strength,"full_body_strength session with warm-up, main work, and cool-down",30,core;general_adult;beginner,protein + fiber + hydration,"sleep, hydration, mobility, symptom check",v0.1-safe-seed-2026-06-11
PL0019-D012,PL0019,12,2,false,recovery,walk + mobility + hydration check,15,core;general_adult;beginner,protein + fiber + hydration,"sleep, hydration, mobility, symptom check",v0.1-safe-seed-2026-06-11
PL0019-D013,PL0019,13,2,false,recovery,walk + mobility + hydration check,15,core;general_adult;beginner,protein + fiber + hydration,"sleep, hydration, mobility, symptom check",v0.1-safe-seed-2026-06-11
PL0019-D014,PL0019,14,2,false,recovery,walk + mobility + hydration check,15,core;general_adult;beginner,protein + fiber + hydration,"sleep, hydration, mobility, symptom check",v0.1-safe-seed-2026-06-11
PL0019-D015,PL0019,15,3,true,skill_practice,"skill_practice session with warm-up, main work, and cool-down",30,core;general_adult;beginner,protein + fiber + hydration,"sleep, hydration, mobility, symptom check",v0.1-safe-seed-2026-06-11
PL0019-D016,PL0019,16,3,true,full_body_strength,"full_body_strength session with warm-up, main work, and cool-down",30,core;general_adult;beginner,protein + fiber + hydration,"sleep, hydration, mobility, symptom check",v0.1-safe-seed-2026-06-11
PL0019-D017,PL0019,17,3,true,cardio_endurance,"cardio_endurance session with warm-up, main work, and cool-down",30,core;general_adult;beginner,protein + fiber + hydration,"sleep, hydration, mobility, symptom check",v0.1-safe-seed-2026-06-11
PL0019-D018,PL0019,18,3,true,mobility_core,"mobility_core session with warm-up, main work, and cool-down",30,core;general_adult;beginner,protein + fiber + hydration,"sleep, hydration, mobility, symptom check",v0.1-safe-seed-2026-06-11
PL0019-D019,PL0019,19,3,false,recovery,walk + mobility + hydration check,15,core;general_adult;beginner,protein + fiber + hydration,"sleep, hydration, mobility, symptom check",v0.1-safe-seed-2026-06-11
PL0019-D020,PL0019,20,3,false,recovery,walk + mobility + hydration check,15,core;general_adult;beginner,protein + fiber + hydration,"sleep, hydration, mobility, symptom check",v0.1-safe-seed-2026-06-11
PL0019-D021,PL0019,21,3,false,recovery,walk + mobility + hydration check,15,core;general_adult;beginner,protein + fiber + hydration,"sleep, hydration, mobility, symptom check",v0.1-safe-seed-2026-06-11
PL0019-D022,PL0019,22,4,true,cardio_endurance,"cardio_endurance session with warm-up, main work, and cool-down",30,core;general_adult;beginner,protein + fiber + hydration,"sleep, hydration, mobility, symptom check",v0.1-safe-seed-2026-06-11
PL0019-D023,PL0019,23,4,true,mobility_core,"mobility_core session with warm-up, main work, and cool-down",30,core;general_adult;beginner,protein + fiber + hydration,"sleep, hydration, mobility, symptom check",v0.1-safe-seed-2026-06-11
PL0019-D024,PL0019,24,4,true,upper_lower_split,"upper_lower_split session with warm-up, main work, and cool-down",30,core;general_adult;beginner,protein + fiber + hydration,"sleep, hydration, mobility, symptom check",v0.1-safe-seed-2026-06-11
PL0019-D025,PL0019,25,4,true,skill_practice,"skill_practice session with warm-up, main work, and cool-down",30,core;general_adult;beginner,protein + fiber + hydration,"sleep, hydration, mobility, symptom check",v0.1-safe-seed-2026-06-11
PL0019-D026,PL0019,26,4,false,recovery,walk + mobility + hydration check,15,core;general_adult;beginner,protein + fiber + hydration,"sleep, hydration, mobility, symptom check",v0.1-safe-seed-2026-06-11
PL0019-D027,PL0019,27,4,false,recovery,walk + mobility + hydration check,15,core;general_adult;beginner,protein + fiber + hydration,"sleep, hydration, mobility, symptom check",v0.1-safe-seed-2026-06-11
PL0019-D028,PL0019,28,4,false,recovery,walk + mobility + hydration check,15,core;general_adult;beginner,protein + fiber + hydration,"sleep, hydration, mobility, symptom check",v0.1-safe-seed-2026-06-11
PL0020-D001,PL0020,1,1,true,full_body_strength,"full_body_strength session with warm-up, main work, and cool-down",45,core;general_adult;intermediate,protein + fiber + hydration,"sleep, hydration, mobility, symptom check",v0.1-safe-seed-2026-06-11
PL0020-D002,PL0020,2,1,true,cardio_endurance,"cardio_endurance session with warm-up, main work, and cool-down",45,core;general_adult;intermediate,protein + fiber + hydration,"sleep, hydration, mobility, symptom check",v0.1-safe-seed-2026-06-11
PL0020-D003,PL0020,3,1,true,mobility_core,"mobility_core session with warm-up, main work, and cool-down",45,core;general_adult;intermediate,protein + fiber + hydration,"sleep, hydration, mobility, symptom check",v0.1-safe-seed-2026-06-11
PL0020-D004,PL0020,4,1,true,upper_lower_split,"upper_lower_split session with warm-up, main work, and cool-down",45,core;general_adult;intermediate,protein + fiber + hydration,"sleep, hydration, mobility, symptom check",v0.1-safe-seed-2026-06-11
PL0020-D005,PL0020,5,1,false,recovery,walk + mobility + hydration check,15,core;general_adult;intermediate,protein + fiber + hydration,"sleep, hydration, mobility, symptom check",v0.1-safe-seed-2026-06-11
PL0020-D006,PL0020,6,1,false,recovery,walk + mobility + hydration check,15,core;general_adult;intermediate,protein + fiber + hydration,"sleep, hydration, mobility, symptom check",v0.1-safe-seed-2026-06-11
PL0020-D007,PL0020,7,1,false,recovery,walk + mobility + hydration check,15,core;general_adult;intermediate,protein + fiber + hydration,"sleep, hydration, mobility, symptom check",v0.1-safe-seed-2026-06-11
PL0020-D008,PL0020,8,2,true,mobility_core,"mobility_core session with warm-up, main work, and cool-down",45,core;general_adult;intermediate,protein + fiber + hydration,"sleep, hydration, mobility, symptom check",v0.1-safe-seed-2026-06-11
PL0020-D009,PL0020,9,2,true,upper_lower_split,"upper_lower_split session with warm-up, main work, and cool-down",45,core;general_adult;intermediate,protein + fiber + hydration,"sleep, hydration, mobility, symptom check",v0.1-safe-seed-2026-06-11
PL0020-D010,PL0020,10,2,true,skill_practice,"skill_practice session with warm-up, main work, and cool-down",45,core;general_adult;intermediate,protein + fiber + hydration,"sleep, hydration, mobility, symptom check",v0.1-safe-seed-2026-06-11
PL0020-D011,PL0020,11,2,true,full_body_strength,"full_body_strength session with warm-up, main work, and cool-down",45,core;general_adult;intermediate,protein + fiber + hydration,"sleep, hydration, mobility, symptom check",v0.1-safe-seed-2026-06-11
PL0020-D012,PL0020,12,2,false,recovery,walk + mobility + hydration check,15,core;general_adult;intermediate,protein + fiber + hydration,"sleep, hydration, mobility, symptom check",v0.1-safe-seed-2026-06-11
PL0020-D013,PL0020,13,2,false,recovery,walk + mobility + hydration check,15,core;general_adult;intermediate,protein + fiber + hydration,"sleep, hydration, mobility, symptom check",v0.1-safe-seed-2026-06-11
PL0020-D014,PL0020,14,2,false,recovery,walk + mobility + hydration check,15,core;general_adult;intermediate,protein + fiber + hydration,"sleep, hydration, mobility, symptom check",v0.1-safe-seed-2026-06-11
PL0020-D015,PL0020,15,3,true,skill_practice,"skill_practice session with warm-up, main work, and cool-down",45,core;general_adult;intermediate,protein + fiber + hydration,"sleep, hydration, mobility, symptom check",v0.1-safe-seed-2026-06-11
PL0020-D016,PL0020,16,3,true,full_body_strength,"full_body_strength session with warm-up, main work, and cool-down",45,core;general_adult;intermediate,protein + fiber + hydration,"sleep, hydration, mobility, symptom check",v0.1-safe-seed-2026-06-11
PL0020-D017,PL0020,17,3,true,cardio_endurance,"cardio_endurance session with warm-up, main work, and cool-down",45,core;general_adult;intermediate,protein + fiber + hydration,"sleep, hydration, mobility, symptom check",v0.1-safe-seed-2026-06-11
PL0020-D018,PL0020,18,3,true,mobility_core,"mobility_core session with warm-up, main work, and cool-down",45,core;general_adult;intermediate,protein + fiber + hydration,"sleep, hydration, mobility, symptom check",v0.1-safe-seed-2026-06-11
PL0020-D019,PL0020,19,3,false,recovery,walk + mobility + hydration check,15,core;general_adult;intermediate,protein + fiber + hydration,"sleep, hydration, mobility, symptom check",v0.1-safe-seed-2026-06-11
PL0020-D020,PL0020,20,3,false,recovery,walk + mobility + hydration check,15,core;general_adult;intermediate,protein + fiber + hydration,"sleep, hydration, mobility, symptom check",v0.1-safe-seed-2026-06-11
PL0020-D021,PL0020,21,3,false,recovery,walk + mobility + hydration check,15,core;general_adult;intermediate,protein + fiber + hydration,"sleep, hydration, mobility, symptom check",v0.1-safe-seed-2026-06-11
PL0020-D022,PL0020,22,4,true,cardio_endurance,"cardio_endurance session with warm-up, main work, and cool-down",45,core;general_adult;intermediate,protein + fiber + hydration,"sleep, hydration, mobility, symptom check",v0.1-safe-seed-2026-06-11
PL0020-D023,PL0020,23,4,true,mobility_core,"mobility_core session with warm-up, main work, and cool-down",45,core;general_adult;intermediate,protein + fiber + hydration,"sleep, hydration, mobility, symptom check",v0.1-safe-seed-2026-06-11
PL0020-D024,PL0020,24,4,true,upper_lower_split,"upper_lower_split session with warm-up, main work, and cool-down",45,core;general_adult;intermediate,protein + fiber + hydration,"sleep, hydration, mobility, symptom check",v0.1-safe-seed-2026-06-11
PL0020-D025,PL0020,25,4,true,skill_practice,"skill_practice session with warm-up, main work, and cool-down",45,core;general_adult;intermediate,protein + fiber + hydration,"sleep, hydration, mobility, symptom check",v0.1-safe-seed-2026-06-11
PL0020-D026,PL0020,26,4,false,recovery,walk + mobility + hydration check,15,core;general_adult;intermediate,protein + fiber + hydration,"sleep, hydration, mobility, symptom check",v0.1-safe-seed-2026-06-11
PL0020-D027,PL0020,27,4,false,recovery,walk + mobility + hydration check,15,core;general_adult;intermediate,protein + fiber + hydration,"sleep, hydration, mobility, symptom check",v0.1-safe-seed-2026-06-11
PL0020-D028,PL0020,28,4,false,recovery,walk + mobility + hydration check,15,core;general_adult;intermediate,protein + fiber + hydration,"sleep, hydration, mobility, symptom check",v0.1-safe-seed-2026-06-11
PL0021-D001,PL0021,1,1,true,full_body_strength,"full_body_strength session with warm-up, main work, and cool-down",45,core;general_adult;advanced,protein + fiber + hydration,"sleep, hydration, mobility, symptom check",v0.1-safe-seed-2026-06-11
PL0021-D002,PL0021,2,1,true,cardio_endurance,"cardio_endurance session with warm-up, main work, and cool-down",45,core;general_adult;advanced,protein + fiber + hydration,"sleep, hydration, mobility, symptom check",v0.1-safe-seed-2026-06-11
PL0021-D003,PL0021,3,1,true,mobility_core,"mobility_core session with warm-up, main work, and cool-down",45,core;general_adult;advanced,protein + fiber + hydration,"sleep, hydration, mobility, symptom check",v0.1-safe-seed-2026-06-11
PL0021-D004,PL0021,4,1,true,upper_lower_split,"upper_lower_split session with warm-up, main work, and cool-down",45,core;general_adult;advanced,protein + fiber + hydration,"sleep, hydration, mobility, symptom check",v0.1-safe-seed-2026-06-11
PL0021-D005,PL0021,5,1,false,recovery,walk + mobility + hydration check,15,core;general_adult;advanced,protein + fiber + hydration,"sleep, hydration, mobility, symptom check",v0.1-safe-seed-2026-06-11
PL0021-D006,PL0021,6,1,false,recovery,walk + mobility + hydration check,15,core;general_adult;advanced,protein + fiber + hydration,"sleep, hydration, mobility, symptom check",v0.1-safe-seed-2026-06-11
PL0021-D007,PL0021,7,1,false,recovery,walk + mobility + hydration check,15,core;general_adult;advanced,protein + fiber + hydration,"sleep, hydration, mobility, symptom check",v0.1-safe-seed-2026-06-11
PL0021-D008,PL0021,8,2,true,mobility_core,"mobility_core session with warm-up, main work, and cool-down",45,core;general_adult;advanced,protein + fiber + hydration,"sleep, hydration, mobility, symptom check",v0.1-safe-seed-2026-06-11
PL0021-D009,PL0021,9,2,true,upper_lower_split,"upper_lower_split session with warm-up, main work, and cool-down",45,core;general_adult;advanced,protein + fiber + hydration,"sleep, hydration, mobility, symptom check",v0.1-safe-seed-2026-06-11
PL0021-D010,PL0021,10,2,true,skill_practice,"skill_practice session with warm-up, main work, and cool-down",45,core;general_adult;advanced,protein + fiber + hydration,"sleep, hydration, mobility, symptom check",v0.1-safe-seed-2026-06-11
PL0021-D011,PL0021,11,2,true,full_body_strength,"full_body_strength session with warm-up, main work, and cool-down",45,core;general_adult;advanced,protein + fiber + hydration,"sleep, hydration, mobility, symptom check",v0.1-safe-seed-2026-06-11
PL0021-D012,PL0021,12,2,false,recovery,walk + mobility + hydration check,15,core;general_adult;advanced,protein + fiber + hydration,"sleep, hydration, mobility, symptom check",v0.1-safe-seed-2026-06-11
PL0021-D013,PL0021,13,2,false,recovery,walk + mobility + hydration check,15,core;general_adult;advanced,protein + fiber + hydration,"sleep, hydration, mobility, symptom check",v0.1-safe-seed-2026-06-11
PL0021-D014,PL0021,14,2,false,recovery,walk + mobility + hydration check,15,core;general_adult;advanced,protein + fiber + hydration,"sleep, hydration, mobility, symptom check",v0.1-safe-seed-2026-06-11
PL0021-D015,PL0021,15,3,true,skill_practice,"skill_practice session with warm-up, main work, and cool-down",45,core;general_adult;advanced,protein + fiber + hydration,"sleep, hydration, mobility, symptom check",v0.1-safe-seed-2026-06-11
PL0021-D016,PL0021,16,3,true,full_body_strength,"full_body_strength session with warm-up, main work, and cool-down",45,core;general_adult;advanced,protein + fiber + hydration,"sleep, hydration, mobility, symptom check",v0.1-safe-seed-2026-06-11
PL0021-D017,PL0021,17,3,true,cardio_endurance,"cardio_endurance session with warm-up, main work, and cool-down",45,core;general_adult;advanced,protein + fiber + hydration,"sleep, hydration, mobility, symptom check",v0.1-safe-seed-2026-06-11
PL0021-D018,PL0021,18,3,true,mobility_core,"mobility_core session with warm-up, main work, and cool-down",45,core;general_adult;advanced,protein + fiber + hydration,"sleep, hydration, mobility, symptom check",v0.1-safe-seed-2026-06-11
PL0021-D019,PL0021,19,3,false,recovery,walk + mobility + hydration check,15,core;general_adult;advanced,protein + fiber + hydration,"sleep, hydration, mobility, symptom check",v0.1-safe-seed-2026-06-11
PL0021-D020,PL0021,20,3,false,recovery,walk + mobility + hydration check,15,core;general_adult;advanced,protein + fiber + hydration,"sleep, hydration, mobility, symptom check",v0.1-safe-seed-2026-06-11
PL0021-D021,PL0021,21,3,false,recovery,walk + mobility + hydration check,15,core;general_adult;advanced,protein + fiber + hydration,"sleep, hydration, mobility, symptom check",v0.1-safe-seed-2026-06-11
PL0021-D022,PL0021,22,4,true,cardio_endurance,"cardio_endurance session with warm-up, main work, and cool-down",45,core;general_adult;advanced,protein + fiber + hydration,"sleep, hydration, mobility, symptom check",v0.1-safe-seed-2026-06-11
PL0021-D023,PL0021,23,4,true,mobility_core,"mobility_core session with warm-up, main work, and cool-down",45,core;general_adult;advanced,protein + fiber + hydration,"sleep, hydration, mobility, symptom check",v0.1-safe-seed-2026-06-11
PL0021-D024,PL0021,24,4,true,upper_lower_split,"upper_lower_split session with warm-up, main work, and cool-down",45,core;general_adult;advanced,protein + fiber + hydration,"sleep, hydration, mobility, symptom check",v0.1-safe-seed-2026-06-11
PL0021-D025,PL0021,25,4,true,skill_practice,"skill_practice session with warm-up, main work, and cool-down",45,core;general_adult;advanced,protein + fiber + hydration,"sleep, hydration, mobility, symptom check",v0.1-safe-seed-2026-06-11
PL0021-D026,PL0021,26,4,false,recovery,walk + mobility + hydration check,15,core;general_adult;advanced,protein + fiber + hydration,"sleep, hydration, mobility, symptom check",v0.1-safe-seed-2026-06-11
PL0021-D027,PL0021,27,4,false,recovery,walk + mobility + hydration check,15,core;general_adult;advanced,protein + fiber + hydration,"sleep, hydration, mobility, symptom check",v0.1-safe-seed-2026-06-11
PL0021-D028,PL0021,28,4,false,recovery,walk + mobility + hydration check,15,core;general_adult;advanced,protein + fiber + hydration,"sleep, hydration, mobility, symptom check",v0.1-safe-seed-2026-06-11
PL0022-D001,PL0022,1,1,true,full_body_strength,"full_body_strength session with warm-up, main work, and cool-down",30,glutes;general_adult;beginner,protein + fiber + hydration,"sleep, hydration, mobility, symptom check",v0.1-safe-seed-2026-06-11
PL0022-D002,PL0022,2,1,true,cardio_endurance,"cardio_endurance session with warm-up, main work, and cool-down",30,glutes;general_adult;beginner,protein + fiber + hydration,"sleep, hydration, mobility, symptom check",v0.1-safe-seed-2026-06-11
PL0022-D003,PL0022,3,1,true,mobility_core,"mobility_core session with warm-up, main work, and cool-down",30,glutes;general_adult;beginner,protein + fiber + hydration,"sleep, hydration, mobility, symptom check",v0.1-safe-seed-2026-06-11
PL0022-D004,PL0022,4,1,true,upper_lower_split,"upper_lower_split session with warm-up, main work, and cool-down",30,glutes;general_adult;beginner,protein + fiber + hydration,"sleep, hydration, mobility, symptom check",v0.1-safe-seed-2026-06-11
PL0022-D005,PL0022,5,1,false,recovery,walk + mobility + hydration check,15,glutes;general_adult;beginner,protein + fiber + hydration,"sleep, hydration, mobility, symptom check",v0.1-safe-seed-2026-06-11
PL0022-D006,PL0022,6,1,false,recovery,walk + mobility + hydration check,15,glutes;general_adult;beginner,protein + fiber + hydration,"sleep, hydration, mobility, symptom check",v0.1-safe-seed-2026-06-11
PL0022-D007,PL0022,7,1,false,recovery,walk + mobility + hydration check,15,glutes;general_adult;beginner,protein + fiber + hydration,"sleep, hydration, mobility, symptom check",v0.1-safe-seed-2026-06-11
PL0022-D008,PL0022,8,2,true,mobility_core,"mobility_core session with warm-up, main work, and cool-down",30,glutes;general_adult;beginner,protein + fiber + hydration,"sleep, hydration, mobility, symptom check",v0.1-safe-seed-2026-06-11
PL0022-D009,PL0022,9,2,true,upper_lower_split,"upper_lower_split session with warm-up, main work, and cool-down",30,glutes;general_adult;beginner,protein + fiber + hydration,"sleep, hydration, mobility, symptom check",v0.1-safe-seed-2026-06-11
PL0022-D010,PL0022,10,2,true,skill_practice,"skill_practice session with warm-up, main work, and cool-down",30,glutes;general_adult;beginner,protein + fiber + hydration,"sleep, hydration, mobility, symptom check",v0.1-safe-seed-2026-06-11
PL0022-D011,PL0022,11,2,true,full_body_strength,"full_body_strength session with warm-up, main work, and cool-down",30,glutes;general_adult;beginner,protein + fiber + hydration,"sleep, hydration, mobility, symptom check",v0.1-safe-seed-2026-06-11
PL0022-D012,PL0022,12,2,false,recovery,walk + mobility + hydration check,15,glutes;general_adult;beginner,protein + fiber + hydration,"sleep, hydration, mobility, symptom check",v0.1-safe-seed-2026-06-11
PL0022-D013,PL0022,13,2,false,recovery,walk + mobility + hydration check,15,glutes;general_adult;beginner,protein + fiber + hydration,"sleep, hydration, mobility, symptom check",v0.1-safe-seed-2026-06-11
PL0022-D014,PL0022,14,2,false,recovery,walk + mobility + hydration check,15,glutes;general_adult;beginner,protein + fiber + hydration,"sleep, hydration, mobility, symptom check",v0.1-safe-seed-2026-06-11
PL0022-D015,PL0022,15,3,true,skill_practice,"skill_practice session with warm-up, main work, and cool-down",30,glutes;general_adult;beginner,protein + fiber + hydration,"sleep, hydration, mobility, symptom check",v0.1-safe-seed-2026-06-11
PL0022-D016,PL0022,16,3,true,full_body_strength,"full_body_strength session with warm-up, main work, and cool-down",30,glutes;general_adult;beginner,protein + fiber + hydration,"sleep, hydration, mobility, symptom check",v0.1-safe-seed-2026-06-11
PL0022-D017,PL0022,17,3,true,cardio_endurance,"cardio_endurance session with warm-up, main work, and cool-down",30,glutes;general_adult;beginner,protein + fiber + hydration,"sleep, hydration, mobility, symptom check",v0.1-safe-seed-2026-06-11
PL0022-D018,PL0022,18,3,true,mobility_core,"mobility_core session with warm-up, main work, and cool-down",30,glutes;general_adult;beginner,protein + fiber + hydration,"sleep, hydration, mobility, symptom check",v0.1-safe-seed-2026-06-11
PL0022-D019,PL0022,19,3,false,recovery,walk + mobility + hydration check,15,glutes;general_adult;beginner,protein + fiber + hydration,"sleep, hydration, mobility, symptom check",v0.1-safe-seed-2026-06-11
PL0022-D020,PL0022,20,3,false,recovery,walk + mobility + hydration check,15,glutes;general_adult;beginner,protein + fiber + hydration,"sleep, hydration, mobility, symptom check",v0.1-safe-seed-2026-06-11
PL0022-D021,PL0022,21,3,false,recovery,walk + mobility + hydration check,15,glutes;general_adult;beginner,protein + fiber + hydration,"sleep, hydration, mobility, symptom check",v0.1-safe-seed-2026-06-11
PL0022-D022,PL0022,22,4,true,cardio_endurance,"cardio_endurance session with warm-up, main work, and cool-down",30,glutes;general_adult;beginner,protein + fiber + hydration,"sleep, hydration, mobility, symptom check",v0.1-safe-seed-2026-06-11
PL0022-D023,PL0022,23,4,true,mobility_core,"mobility_core session with warm-up, main work, and cool-down",30,glutes;general_adult;beginner,protein + fiber + hydration,"sleep, hydration, mobility, symptom check",v0.1-safe-seed-2026-06-11
PL0022-D024,PL0022,24,4,true,upper_lower_split,"upper_lower_split session with warm-up, main work, and cool-down",30,glutes;general_adult;beginner,protein + fiber + hydration,"sleep, hydration, mobility, symptom check",v0.1-safe-seed-2026-06-11
PL0022-D025,PL0022,25,4,true,skill_practice,"skill_practice session with warm-up, main work, and cool-down",30,glutes;general_adult;beginner,protein + fiber + hydration,"sleep, hydration, mobility, symptom check",v0.1-safe-seed-2026-06-11
PL0022-D026,PL0022,26,4,false,recovery,walk + mobility + hydration check,15,glutes;general_adult;beginner,protein + fiber + hydration,"sleep, hydration, mobility, symptom check",v0.1-safe-seed-2026-06-11
PL0022-D027,PL0022,27,4,false,recovery,walk + mobility + hydration check,15,glutes;general_adult;beginner,protein + fiber + hydration,"sleep, hydration, mobility, symptom check",v0.1-safe-seed-2026-06-11
PL0022-D028,PL0022,28,4,false,recovery,walk + mobility + hydration check,15,glutes;general_adult;beginner,protein + fiber + hydration,"sleep, hydration, mobility, symptom check",v0.1-safe-seed-2026-06-11
PL0023-D001,PL0023,1,1,true,full_body_strength,"full_body_strength session with warm-up, main work, and cool-down",45,glutes;general_adult;intermediate,protein + fiber + hydration,"sleep, hydration, mobility, symptom check",v0.1-safe-seed-2026-06-11
PL0023-D002,PL0023,2,1,true,cardio_endurance,"cardio_endurance session with warm-up, main work, and cool-down",45,glutes;general_adult;intermediate,protein + fiber + hydration,"sleep, hydration, mobility, symptom check",v0.1-safe-seed-2026-06-11
PL0023-D003,PL0023,3,1,true,mobility_core,"mobility_core session with warm-up, main work, and cool-down",45,glutes;general_adult;intermediate,protein + fiber + hydration,"sleep, hydration, mobility, symptom check",v0.1-safe-seed-2026-06-11
PL0023-D004,PL0023,4,1,true,upper_lower_split,"upper_lower_split session with warm-up, main work, and cool-down",45,glutes;general_adult;intermediate,protein + fiber + hydration,"sleep, hydration, mobility, symptom check",v0.1-safe-seed-2026-06-11
PL0023-D005,PL0023,5,1,false,recovery,walk + mobility + hydration check,15,glutes;general_adult;intermediate,protein + fiber + hydration,"sleep, hydration, mobility, symptom check",v0.1-safe-seed-2026-06-11
PL0023-D006,PL0023,6,1,false,recovery,walk + mobility + hydration check,15,glutes;general_adult;intermediate,protein + fiber + hydration,"sleep, hydration, mobility, symptom check",v0.1-safe-seed-2026-06-11
PL0023-D007,PL0023,7,1,false,recovery,walk + mobility + hydration check,15,glutes;general_adult;intermediate,protein + fiber + hydration,"sleep, hydration, mobility, symptom check",v0.1-safe-seed-2026-06-11
PL0023-D008,PL0023,8,2,true,mobility_core,"mobility_core session with warm-up, main work, and cool-down",45,glutes;general_adult;intermediate,protein + fiber + hydration,"sleep, hydration, mobility, symptom check",v0.1-safe-seed-2026-06-11
PL0023-D009,PL0023,9,2,true,upper_lower_split,"upper_lower_split session with warm-up, main work, and cool-down",45,glutes;general_adult;intermediate,protein + fiber + hydration,"sleep, hydration, mobility, symptom check",v0.1-safe-seed-2026-06-11
PL0023-D010,PL0023,10,2,true,skill_practice,"skill_practice session with warm-up, main work, and cool-down",45,glutes;general_adult;intermediate,protein + fiber + hydration,"sleep, hydration, mobility, symptom check",v0.1-safe-seed-2026-06-11
PL0023-D011,PL0023,11,2,true,full_body_strength,"full_body_strength session with warm-up, main work, and cool-down",45,glutes;general_adult;intermediate,protein + fiber + hydration,"sleep, hydration, mobility, symptom check",v0.1-safe-seed-2026-06-11
PL0023-D012,PL0023,12,2,false,recovery,walk + mobility + hydration check,15,glutes;general_adult;intermediate,protein + fiber + hydration,"sleep, hydration, mobility, symptom check",v0.1-safe-seed-2026-06-11
PL0023-D013,PL0023,13,2,false,recovery,walk + mobility + hydration check,15,glutes;general_adult;intermediate,protein + fiber + hydration,"sleep, hydration, mobility, symptom check",v0.1-safe-seed-2026-06-11
PL0023-D014,PL0023,14,2,false,recovery,walk + mobility + hydration check,15,glutes;general_adult;intermediate,protein + fiber + hydration,"sleep, hydration, mobility, symptom check",v0.1-safe-seed-2026-06-11
PL0023-D015,PL0023,15,3,true,skill_practice,"skill_practice session with warm-up, main work, and cool-down",45,glutes;general_adult;intermediate,protein + fiber + hydration,"sleep, hydration, mobility, symptom check",v0.1-safe-seed-2026-06-11
PL0023-D016,PL0023,16,3,true,full_body_strength,"full_body_strength session with warm-up, main work, and cool-down",45,glutes;general_adult;intermediate,protein + fiber + hydration,"sleep, hydration, mobility, symptom check",v0.1-safe-seed-2026-06-11
PL0023-D017,PL0023,17,3,true,cardio_endurance,"cardio_endurance session with warm-up, main work, and cool-down",45,glutes;general_adult;intermediate,protein + fiber + hydration,"sleep, hydration, mobility, symptom check",v0.1-safe-seed-2026-06-11
PL0023-D018,PL0023,18,3,true,mobility_core,"mobility_core session with warm-up, main work, and cool-down",45,glutes;general_adult;intermediate,protein + fiber + hydration,"sleep, hydration, mobility, symptom check",v0.1-safe-seed-2026-06-11
PL0023-D019,PL0023,19,3,false,recovery,walk + mobility + hydration check,15,glutes;general_adult;intermediate,protein + fiber + hydration,"sleep, hydration, mobility, symptom check",v0.1-safe-seed-2026-06-11
PL0023-D020,PL0023,20,3,false,recovery,walk + mobility + hydration check,15,glutes;general_adult;intermediate,protein + fiber + hydration,"sleep, hydration, mobility, symptom check",v0.1-safe-seed-2026-06-11
PL0023-D021,PL0023,21,3,false,recovery,walk + mobility + hydration check,15,glutes;general_adult;intermediate,protein + fiber + hydration,"sleep, hydration, mobility, symptom check",v0.1-safe-seed-2026-06-11
PL0023-D022,PL0023,22,4,true,cardio_endurance,"cardio_endurance session with warm-up, main work, and cool-down",45,glutes;general_adult;intermediate,protein + fiber + hydration,"sleep, hydration, mobility, symptom check",v0.1-safe-seed-2026-06-11
PL0023-D023,PL0023,23,4,true,mobility_core,"mobility_core session with warm-up, main work, and cool-down",45,glutes;general_adult;intermediate,protein + fiber + hydration,"sleep, hydration, mobility, symptom check",v0.1-safe-seed-2026-06-11
PL0023-D024,PL0023,24,4,true,upper_lower_split,"upper_lower_split session with warm-up, main work, and cool-down",45,glutes;general_adult;intermediate,protein + fiber + hydration,"sleep, hydration, mobility, symptom check",v0.1-safe-seed-2026-06-11
PL0023-D025,PL0023,25,4,true,skill_practice,"skill_practice session with warm-up, main work, and cool-down",45,glutes;general_adult;intermediate,protein + fiber + hydration,"sleep, hydration, mobility, symptom check",v0.1-safe-seed-2026-06-11
PL0023-D026,PL0023,26,4,false,recovery,walk + mobility + hydration check,15,glutes;general_adult;intermediate,protein + fiber + hydration,"sleep, hydration, mobility, symptom check",v0.1-safe-seed-2026-06-11
PL0023-D027,PL0023,27,4,false,recovery,walk + mobility + hydration check,15,glutes;general_adult;intermediate,protein + fiber + hydration,"sleep, hydration, mobility, symptom check",v0.1-safe-seed-2026-06-11
PL0023-D028,PL0023,28,4,false,recovery,walk + mobility + hydration check,15,glutes;general_adult;intermediate,protein + fiber + hydration,"sleep, hydration, mobility, symptom check",v0.1-safe-seed-2026-06-11
PL0024-D001,PL0024,1,1,true,full_body_strength,"full_body_strength session with warm-up, main work, and cool-down",45,glutes;general_adult;advanced,protein + fiber + hydration,"sleep, hydration, mobility, symptom check",v0.1-safe-seed-2026-06-11
PL0024-D002,PL0024,2,1,true,cardio_endurance,"cardio_endurance session with warm-up, main work, and cool-down",45,glutes;general_adult;advanced,protein + fiber + hydration,"sleep, hydration, mobility, symptom check",v0.1-safe-seed-2026-06-11
PL0024-D003,PL0024,3,1,true,mobility_core,"mobility_core session with warm-up, main work, and cool-down",45,glutes;general_adult;advanced,protein + fiber + hydration,"sleep, hydration, mobility, symptom check",v0.1-safe-seed-2026-06-11
PL0024-D004,PL0024,4,1,true,upper_lower_split,"upper_lower_split session with warm-up, main work, and cool-down",45,glutes;general_adult;advanced,protein + fiber + hydration,"sleep, hydration, mobility, symptom check",v0.1-safe-seed-2026-06-11
PL0024-D005,PL0024,5,1,false,recovery,walk + mobility + hydration check,15,glutes;general_adult;advanced,protein + fiber + hydration,"sleep, hydration, mobility, symptom check",v0.1-safe-seed-2026-06-11
PL0024-D006,PL0024,6,1,false,recovery,walk + mobility + hydration check,15,glutes;general_adult;advanced,protein + fiber + hydration,"sleep, hydration, mobility, symptom check",v0.1-safe-seed-2026-06-11
PL0024-D007,PL0024,7,1,false,recovery,walk + mobility + hydration check,15,glutes;general_adult;advanced,protein + fiber + hydration,"sleep, hydration, mobility, symptom check",v0.1-safe-seed-2026-06-11
PL0024-D008,PL0024,8,2,true,mobility_core,"mobility_core session with warm-up, main work, and cool-down",45,glutes;general_adult;advanced,protein + fiber + hydration,"sleep, hydration, mobility, symptom check",v0.1-safe-seed-2026-06-11
PL0024-D009,PL0024,9,2,true,upper_lower_split,"upper_lower_split session with warm-up, main work, and cool-down",45,glutes;general_adult;advanced,protein + fiber + hydration,"sleep, hydration, mobility, symptom check",v0.1-safe-seed-2026-06-11
PL0024-D010,PL0024,10,2,true,skill_practice,"skill_practice session with warm-up, main work, and cool-down",45,glutes;general_adult;advanced,protein + fiber + hydration,"sleep, hydration, mobility, symptom check",v0.1-safe-seed-2026-06-11
PL0024-D011,PL0024,11,2,true,full_body_strength,"full_body_strength session with warm-up, main work, and cool-down",45,glutes;general_adult;advanced,protein + fiber + hydration,"sleep, hydration, mobility, symptom check",v0.1-safe-seed-2026-06-11
PL0024-D012,PL0024,12,2,false,recovery,walk + mobility + hydration check,15,glutes;general_adult;advanced,protein + fiber + hydration,"sleep, hydration, mobility, symptom check",v0.1-safe-seed-2026-06-11
PL0024-D013,PL0024,13,2,false,recovery,walk + mobility + hydration check,15,glutes;general_adult;advanced,protein + fiber + hydration,"sleep, hydration, mobility, symptom check",v0.1-safe-seed-2026-06-11
PL0024-D014,PL0024,14,2,false,recovery,walk + mobility + hydration check,15,glutes;general_adult;advanced,protein + fiber + hydration,"sleep, hydration, mobility, symptom check",v0.1-safe-seed-2026-06-11
PL0024-D015,PL0024,15,3,true,skill_practice,"skill_practice session with warm-up, main work, and cool-down",45,glutes;general_adult;advanced,protein + fiber + hydration,"sleep, hydration, mobility, symptom check",v0.1-safe-seed-2026-06-11
PL0024-D016,PL0024,16,3,true,full_body_strength,"full_body_strength session with warm-up, main work, and cool-down",45,glutes;general_adult;advanced,protein + fiber + hydration,"sleep, hydration, mobility, symptom check",v0.1-safe-seed-2026-06-11
PL0024-D017,PL0024,17,3,true,cardio_endurance,"cardio_endurance session with warm-up, main work, and cool-down",45,glutes;general_adult;advanced,protein + fiber + hydration,"sleep, hydration, mobility, symptom check",v0.1-safe-seed-2026-06-11
PL0024-D018,PL0024,18,3,true,mobility_core,"mobility_core session with warm-up, main work, and cool-down",45,glutes;general_adult;advanced,protein + fiber + hydration,"sleep, hydration, mobility, symptom check",v0.1-safe-seed-2026-06-11
PL0024-D019,PL0024,19,3,false,recovery,walk + mobility + hydration check,15,glutes;general_adult;advanced,protein + fiber + hydration,"sleep, hydration, mobility, symptom check",v0.1-safe-seed-2026-06-11
PL0024-D020,PL0024,20,3,false,recovery,walk + mobility + hydration check,15,glutes;general_adult;advanced,protein + fiber + hydration,"sleep, hydration, mobility, symptom check",v0.1-safe-seed-2026-06-11
PL0024-D021,PL0024,21,3,false,recovery,walk + mobility + hydration check,15,glutes;general_adult;advanced,protein + fiber + hydration,"sleep, hydration, mobility, symptom check",v0.1-safe-seed-2026-06-11
PL0024-D022,PL0024,22,4,true,cardio_endurance,"cardio_endurance session with warm-up, main work, and cool-down",45,glutes;general_adult;advanced,protein + fiber + hydration,"sleep, hydration, mobility, symptom check",v0.1-safe-seed-2026-06-11
PL0024-D023,PL0024,23,4,true,mobility_core,"mobility_core session with warm-up, main work, and cool-down",45,glutes;general_adult;advanced,protein + fiber + hydration,"sleep, hydration, mobility, symptom check",v0.1-safe-seed-2026-06-11
PL0024-D024,PL0024,24,4,true,upper_lower_split,"upper_lower_split session with warm-up, main work, and cool-down",45,glutes;general_adult;advanced,protein + fiber + hydration,"sleep, hydration, mobility, symptom check",v0.1-safe-seed-2026-06-11
PL0024-D025,PL0024,25,4,true,skill_practice,"skill_practice session with warm-up, main work, and cool-down",45,glutes;general_adult;advanced,protein + fiber + hydration,"sleep, hydration, mobility, symptom check",v0.1-safe-seed-2026-06-11
PL0024-D026,PL0024,26,4,false,recovery,walk + mobility + hydration check,15,glutes;general_adult;advanced,protein + fiber + hydration,"sleep, hydration, mobility, symptom check",v0.1-safe-seed-2026-06-11
PL0024-D027,PL0024,27,4,false,recovery,walk + mobility + hydration check,15,glutes;general_adult;advanced,protein + fiber + hydration,"sleep, hydration, mobility, symptom check",v0.1-safe-seed-2026-06-11
PL0024-D028,PL0024,28,4,false,recovery,walk + mobility + hydration check,15,glutes;general_adult;advanced,protein + fiber + hydration,"sleep, hydration, mobility, symptom check",v0.1-safe-seed-2026-06-11
PL0025-D001,PL0025,1,1,true,full_body_strength,"full_body_strength session with warm-up, main work, and cool-down",30,upper_body;general_adult;beginner,protein + fiber + hydration,"sleep, hydration, mobility, symptom check",v0.1-safe-seed-2026-06-11
PL0025-D002,PL0025,2,1,true,cardio_endurance,"cardio_endurance session with warm-up, main work, and cool-down",30,upper_body;general_adult;beginner,protein + fiber + hydration,"sleep, hydration, mobility, symptom check",v0.1-safe-seed-2026-06-11
PL0025-D003,PL0025,3,1,true,mobility_core,"mobility_core session with warm-up, main work, and cool-down",30,upper_body;general_adult;beginner,protein + fiber + hydration,"sleep, hydration, mobility, symptom check",v0.1-safe-seed-2026-06-11
PL0025-D004,PL0025,4,1,true,upper_lower_split,"upper_lower_split session with warm-up, main work, and cool-down",30,upper_body;general_adult;beginner,protein + fiber + hydration,"sleep, hydration, mobility, symptom check",v0.1-safe-seed-2026-06-11
PL0025-D005,PL0025,5,1,false,recovery,walk + mobility + hydration check,15,upper_body;general_adult;beginner,protein + fiber + hydration,"sleep, hydration, mobility, symptom check",v0.1-safe-seed-2026-06-11
PL0025-D006,PL0025,6,1,false,recovery,walk + mobility + hydration check,15,upper_body;general_adult;beginner,protein + fiber + hydration,"sleep, hydration, mobility, symptom check",v0.1-safe-seed-2026-06-11
PL0025-D007,PL0025,7,1,false,recovery,walk + mobility + hydration check,15,upper_body;general_adult;beginner,protein + fiber + hydration,"sleep, hydration, mobility, symptom check",v0.1-safe-seed-2026-06-11
PL0025-D008,PL0025,8,2,true,mobility_core,"mobility_core session with warm-up, main work, and cool-down",30,upper_body;general_adult;beginner,protein + fiber + hydration,"sleep, hydration, mobility, symptom check",v0.1-safe-seed-2026-06-11
PL0025-D009,PL0025,9,2,true,upper_lower_split,"upper_lower_split session with warm-up, main work, and cool-down",30,upper_body;general_adult;beginner,protein + fiber + hydration,"sleep, hydration, mobility, symptom check",v0.1-safe-seed-2026-06-11
PL0025-D010,PL0025,10,2,true,skill_practice,"skill_practice session with warm-up, main work, and cool-down",30,upper_body;general_adult;beginner,protein + fiber + hydration,"sleep, hydration, mobility, symptom check",v0.1-safe-seed-2026-06-11
PL0025-D011,PL0025,11,2,true,full_body_strength,"full_body_strength session with warm-up, main work, and cool-down",30,upper_body;general_adult;beginner,protein + fiber + hydration,"sleep, hydration, mobility, symptom check",v0.1-safe-seed-2026-06-11
PL0025-D012,PL0025,12,2,false,recovery,walk + mobility + hydration check,15,upper_body;general_adult;beginner,protein + fiber + hydration,"sleep, hydration, mobility, symptom check",v0.1-safe-seed-2026-06-11
PL0025-D013,PL0025,13,2,false,recovery,walk + mobility + hydration check,15,upper_body;general_adult;beginner,protein + fiber + hydration,"sleep, hydration, mobility, symptom check",v0.1-safe-seed-2026-06-11
PL0025-D014,PL0025,14,2,false,recovery,walk + mobility + hydration check,15,upper_body;general_adult;beginner,protein + fiber + hydration,"sleep, hydration, mobility, symptom check",v0.1-safe-seed-2026-06-11
PL0025-D015,PL0025,15,3,true,skill_practice,"skill_practice session with warm-up, main work, and cool-down",30,upper_body;general_adult;beginner,protein + fiber + hydration,"sleep, hydration, mobility, symptom check",v0.1-safe-seed-2026-06-11
PL0025-D016,PL0025,16,3,true,full_body_strength,"full_body_strength session with warm-up, main work, and cool-down",30,upper_body;general_adult;beginner,protein + fiber + hydration,"sleep, hydration, mobility, symptom check",v0.1-safe-seed-2026-06-11
PL0025-D017,PL0025,17,3,true,cardio_endurance,"cardio_endurance session with warm-up, main work, and cool-down",30,upper_body;general_adult;beginner,protein + fiber + hydration,"sleep, hydration, mobility, symptom check",v0.1-safe-seed-2026-06-11
PL0025-D018,PL0025,18,3,true,mobility_core,"mobility_core session with warm-up, main work, and cool-down",30,upper_body;general_adult;beginner,protein + fiber + hydration,"sleep, hydration, mobility, symptom check",v0.1-safe-seed-2026-06-11
PL0025-D019,PL0025,19,3,false,recovery,walk + mobility + hydration check,15,upper_body;general_adult;beginner,protein + fiber + hydration,"sleep, hydration, mobility, symptom check",v0.1-safe-seed-2026-06-11
PL0025-D020,PL0025,20,3,false,recovery,walk + mobility + hydration check,15,upper_body;general_adult;beginner,protein + fiber + hydration,"sleep, hydration, mobility, symptom check",v0.1-safe-seed-2026-06-11
PL0025-D021,PL0025,21,3,false,recovery,walk + mobility + hydration check,15,upper_body;general_adult;beginner,protein + fiber + hydration,"sleep, hydration, mobility, symptom check",v0.1-safe-seed-2026-06-11
PL0025-D022,PL0025,22,4,true,cardio_endurance,"cardio_endurance session with warm-up, main work, and cool-down",30,upper_body;general_adult;beginner,protein + fiber + hydration,"sleep, hydration, mobility, symptom check",v0.1-safe-seed-2026-06-11
PL0025-D023,PL0025,23,4,true,mobility_core,"mobility_core session with warm-up, main work, and cool-down",30,upper_body;general_adult;beginner,protein + fiber + hydration,"sleep, hydration, mobility, symptom check",v0.1-safe-seed-2026-06-11
PL0025-D024,PL0025,24,4,true,upper_lower_split,"upper_lower_split session with warm-up, main work, and cool-down",30,upper_body;general_adult;beginner,protein + fiber + hydration,"sleep, hydration, mobility, symptom check",v0.1-safe-seed-2026-06-11
PL0025-D025,PL0025,25,4,true,skill_practice,"skill_practice session with warm-up, main work, and cool-down",30,upper_body;general_adult;beginner,protein + fiber + hydration,"sleep, hydration, mobility, symptom check",v0.1-safe-seed-2026-06-11
PL0025-D026,PL0025,26,4,false,recovery,walk + mobility + hydration check,15,upper_body;general_adult;beginner,protein + fiber + hydration,"sleep, hydration, mobility, symptom check",v0.1-safe-seed-2026-06-11
PL0025-D027,PL0025,27,4,false,recovery,walk + mobility + hydration check,15,upper_body;general_adult;beginner,protein + fiber + hydration,"sleep, hydration, mobility, symptom check",v0.1-safe-seed-2026-06-11
PL0025-D028,PL0025,28,4,false,recovery,walk + mobility + hydration check,15,upper_body;general_adult;beginner,protein + fiber + hydration,"sleep, hydration, mobility, symptom check",v0.1-safe-seed-2026-06-11
PL0026-D001,PL0026,1,1,true,full_body_strength,"full_body_strength session with warm-up, main work, and cool-down",45,upper_body;general_adult;intermediate,protein + fiber + hydration,"sleep, hydration, mobility, symptom check",v0.1-safe-seed-2026-06-11
PL0026-D002,PL0026,2,1,true,cardio_endurance,"cardio_endurance session with warm-up, main work, and cool-down",45,upper_body;general_adult;intermediate,protein + fiber + hydration,"sleep, hydration, mobility, symptom check",v0.1-safe-seed-2026-06-11
PL0026-D003,PL0026,3,1,true,mobility_core,"mobility_core session with warm-up, main work, and cool-down",45,upper_body;general_adult;intermediate,protein + fiber + hydration,"sleep, hydration, mobility, symptom check",v0.1-safe-seed-2026-06-11
PL0026-D004,PL0026,4,1,true,upper_lower_split,"upper_lower_split session with warm-up, main work, and cool-down",45,upper_body;general_adult;intermediate,protein + fiber + hydration,"sleep, hydration, mobility, symptom check",v0.1-safe-seed-2026-06-11
PL0026-D005,PL0026,5,1,false,recovery,walk + mobility + hydration check,15,upper_body;general_adult;intermediate,protein + fiber + hydration,"sleep, hydration, mobility, symptom check",v0.1-safe-seed-2026-06-11
PL0026-D006,PL0026,6,1,false,recovery,walk + mobility + hydration check,15,upper_body;general_adult;intermediate,protein + fiber + hydration,"sleep, hydration, mobility, symptom check",v0.1-safe-seed-2026-06-11
PL0026-D007,PL0026,7,1,false,recovery,walk + mobility + hydration check,15,upper_body;general_adult;intermediate,protein + fiber + hydration,"sleep, hydration, mobility, symptom check",v0.1-safe-seed-2026-06-11
PL0026-D008,PL0026,8,2,true,mobility_core,"mobility_core session with warm-up, main work, and cool-down",45,upper_body;general_adult;intermediate,protein + fiber + hydration,"sleep, hydration, mobility, symptom check",v0.1-safe-seed-2026-06-11
PL0026-D009,PL0026,9,2,true,upper_lower_split,"upper_lower_split session with warm-up, main work, and cool-down",45,upper_body;general_adult;intermediate,protein + fiber + hydration,"sleep, hydration, mobility, symptom check",v0.1-safe-seed-2026-06-11
PL0026-D010,PL0026,10,2,true,skill_practice,"skill_practice session with warm-up, main work, and cool-down",45,upper_body;general_adult;intermediate,protein + fiber + hydration,"sleep, hydration, mobility, symptom check",v0.1-safe-seed-2026-06-11
PL0026-D011,PL0026,11,2,true,full_body_strength,"full_body_strength session with warm-up, main work, and cool-down",45,upper_body;general_adult;intermediate,protein + fiber + hydration,"sleep, hydration, mobility, symptom check",v0.1-safe-seed-2026-06-11
PL0026-D012,PL0026,12,2,false,recovery,walk + mobility + hydration check,15,upper_body;general_adult;intermediate,protein + fiber + hydration,"sleep, hydration, mobility, symptom check",v0.1-safe-seed-2026-06-11
PL0026-D013,PL0026,13,2,false,recovery,walk + mobility + hydration check,15,upper_body;general_adult;intermediate,protein + fiber + hydration,"sleep, hydration, mobility, symptom check",v0.1-safe-seed-2026-06-11
PL0026-D014,PL0026,14,2,false,recovery,walk + mobility + hydration check,15,upper_body;general_adult;intermediate,protein + fiber + hydration,"sleep, hydration, mobility, symptom check",v0.1-safe-seed-2026-06-11
PL0026-D015,PL0026,15,3,true,skill_practice,"skill_practice session with warm-up, main work, and cool-down",45,upper_body;general_adult;intermediate,protein + fiber + hydration,"sleep, hydration, mobility, symptom check",v0.1-safe-seed-2026-06-11
PL0026-D016,PL0026,16,3,true,full_body_strength,"full_body_strength session with warm-up, main work, and cool-down",45,upper_body;general_adult;intermediate,protein + fiber + hydration,"sleep, hydration, mobility, symptom check",v0.1-safe-seed-2026-06-11
PL0026-D017,PL0026,17,3,true,cardio_endurance,"cardio_endurance session with warm-up, main work, and cool-down",45,upper_body;general_adult;intermediate,protein + fiber + hydration,"sleep, hydration, mobility, symptom check",v0.1-safe-seed-2026-06-11
PL0026-D018,PL0026,18,3,true,mobility_core,"mobility_core session with warm-up, main work, and cool-down",45,upper_body;general_adult;intermediate,protein + fiber + hydration,"sleep, hydration, mobility, symptom check",v0.1-safe-seed-2026-06-11
PL0026-D019,PL0026,19,3,false,recovery,walk + mobility + hydration check,15,upper_body;general_adult;intermediate,protein + fiber + hydration,"sleep, hydration, mobility, symptom check",v0.1-safe-seed-2026-06-11
PL0026-D020,PL0026,20,3,false,recovery,walk + mobility + hydration check,15,upper_body;general_adult;intermediate,protein + fiber + hydration,"sleep, hydration, mobility, symptom check",v0.1-safe-seed-2026-06-11
PL0026-D021,PL0026,21,3,false,recovery,walk + mobility + hydration check,15,upper_body;general_adult;intermediate,protein + fiber + hydration,"sleep, hydration, mobility, symptom check",v0.1-safe-seed-2026-06-11
PL0026-D022,PL0026,22,4,true,cardio_endurance,"cardio_endurance session with warm-up, main work, and cool-down",45,upper_body;general_adult;intermediate,protein + fiber + hydration,"sleep, hydration, mobility, symptom check",v0.1-safe-seed-2026-06-11
PL0026-D023,PL0026,23,4,true,mobility_core,"mobility_core session with warm-up, main work, and cool-down",45,upper_body;general_adult;intermediate,protein + fiber + hydration,"sleep, hydration, mobility, symptom check",v0.1-safe-seed-2026-06-11
PL0026-D024,PL0026,24,4,true,upper_lower_split,"upper_lower_split session with warm-up, main work, and cool-down",45,upper_body;general_adult;intermediate,protein + fiber + hydration,"sleep, hydration, mobility, symptom check",v0.1-safe-seed-2026-06-11
PL0026-D025,PL0026,25,4,true,skill_practice,"skill_practice session with warm-up, main work, and cool-down",45,upper_body;general_adult;intermediate,protein + fiber + hydration,"sleep, hydration, mobility, symptom check",v0.1-safe-seed-2026-06-11
PL0026-D026,PL0026,26,4,false,recovery,walk + mobility + hydration check,15,upper_body;general_adult;intermediate,protein + fiber + hydration,"sleep, hydration, mobility, symptom check",v0.1-safe-seed-2026-06-11
PL0026-D027,PL0026,27,4,false,recovery,walk + mobility + hydration check,15,upper_body;general_adult;intermediate,protein + fiber + hydration,"sleep, hydration, mobility, symptom check",v0.1-safe-seed-2026-06-11
PL0026-D028,PL0026,28,4,false,recovery,walk + mobility + hydration check,15,upper_body;general_adult;intermediate,protein + fiber + hydration,"sleep, hydration, mobility, symptom check",v0.1-safe-seed-2026-06-11
PL0027-D001,PL0027,1,1,true,full_body_strength,"full_body_strength session with warm-up, main work, and cool-down",45,upper_body;general_adult;advanced,protein + fiber + hydration,"sleep, hydration, mobility, symptom check",v0.1-safe-seed-2026-06-11
PL0027-D002,PL0027,2,1,true,cardio_endurance,"cardio_endurance session with warm-up, main work, and cool-down",45,upper_body;general_adult;advanced,protein + fiber + hydration,"sleep, hydration, mobility, symptom check",v0.1-safe-seed-2026-06-11
PL0027-D003,PL0027,3,1,true,mobility_core,"mobility_core session with warm-up, main work, and cool-down",45,upper_body;general_adult;advanced,protein + fiber + hydration,"sleep, hydration, mobility, symptom check",v0.1-safe-seed-2026-06-11
PL0027-D004,PL0027,4,1,true,upper_lower_split,"upper_lower_split session with warm-up, main work, and cool-down",45,upper_body;general_adult;advanced,protein + fiber + hydration,"sleep, hydration, mobility, symptom check",v0.1-safe-seed-2026-06-11
PL0027-D005,PL0027,5,1,false,recovery,walk + mobility + hydration check,15,upper_body;general_adult;advanced,protein + fiber + hydration,"sleep, hydration, mobility, symptom check",v0.1-safe-seed-2026-06-11
PL0027-D006,PL0027,6,1,false,recovery,walk + mobility + hydration check,15,upper_body;general_adult;advanced,protein + fiber + hydration,"sleep, hydration, mobility, symptom check",v0.1-safe-seed-2026-06-11
PL0027-D007,PL0027,7,1,false,recovery,walk + mobility + hydration check,15,upper_body;general_adult;advanced,protein + fiber + hydration,"sleep, hydration, mobility, symptom check",v0.1-safe-seed-2026-06-11
PL0027-D008,PL0027,8,2,true,mobility_core,"mobility_core session with warm-up, main work, and cool-down",45,upper_body;general_adult;advanced,protein + fiber + hydration,"sleep, hydration, mobility, symptom check",v0.1-safe-seed-2026-06-11
PL0027-D009,PL0027,9,2,true,upper_lower_split,"upper_lower_split session with warm-up, main work, and cool-down",45,upper_body;general_adult;advanced,protein + fiber + hydration,"sleep, hydration, mobility, symptom check",v0.1-safe-seed-2026-06-11
PL0027-D010,PL0027,10,2,true,skill_practice,"skill_practice session with warm-up, main work, and cool-down",45,upper_body;general_adult;advanced,protein + fiber + hydration,"sleep, hydration, mobility, symptom check",v0.1-safe-seed-2026-06-11
PL0027-D011,PL0027,11,2,true,full_body_strength,"full_body_strength session with warm-up, main work, and cool-down",45,upper_body;general_adult;advanced,protein + fiber + hydration,"sleep, hydration, mobility, symptom check",v0.1-safe-seed-2026-06-11
PL0027-D012,PL0027,12,2,false,recovery,walk + mobility + hydration check,15,upper_body;general_adult;advanced,protein + fiber + hydration,"sleep, hydration, mobility, symptom check",v0.1-safe-seed-2026-06-11
PL0027-D013,PL0027,13,2,false,recovery,walk + mobility + hydration check,15,upper_body;general_adult;advanced,protein + fiber + hydration,"sleep, hydration, mobility, symptom check",v0.1-safe-seed-2026-06-11
PL0027-D014,PL0027,14,2,false,recovery,walk + mobility + hydration check,15,upper_body;general_adult;advanced,protein + fiber + hydration,"sleep, hydration, mobility, symptom check",v0.1-safe-seed-2026-06-11
PL0027-D015,PL0027,15,3,true,skill_practice,"skill_practice session with warm-up, main work, and cool-down",45,upper_body;general_adult;advanced,protein + fiber + hydration,"sleep, hydration, mobility, symptom check",v0.1-safe-seed-2026-06-11
PL0027-D016,PL0027,16,3,true,full_body_strength,"full_body_strength session with warm-up, main work, and cool-down",45,upper_body;general_adult;advanced,protein + fiber + hydration,"sleep, hydration, mobility, symptom check",v0.1-safe-seed-2026-06-11
PL0027-D017,PL0027,17,3,true,cardio_endurance,"cardio_endurance session with warm-up, main work, and cool-down",45,upper_body;general_adult;advanced,protein + fiber + hydration,"sleep, hydration, mobility, symptom check",v0.1-safe-seed-2026-06-11
PL0027-D018,PL0027,18,3,true,mobility_core,"mobility_core session with warm-up, main work, and cool-down",45,upper_body;general_adult;advanced,protein + fiber + hydration,"sleep, hydration, mobility, symptom check",v0.1-safe-seed-2026-06-11
PL0027-D019,PL0027,19,3,false,recovery,walk + mobility + hydration check,15,upper_body;general_adult;advanced,protein + fiber + hydration,"sleep, hydration, mobility, symptom check",v0.1-safe-seed-2026-06-11
PL0027-D020,PL0027,20,3,false,recovery,walk + mobility + hydration check,15,upper_body;general_adult;advanced,protein + fiber + hydration,"sleep, hydration, mobility, symptom check",v0.1-safe-seed-2026-06-11
PL0027-D021,PL0027,21,3,false,recovery,walk + mobility + hydration check,15,upper_body;general_adult;advanced,protein + fiber + hydration,"sleep, hydration, mobility, symptom check",v0.1-safe-seed-2026-06-11
PL0027-D022,PL0027,22,4,true,cardio_endurance,"cardio_endurance session with warm-up, main work, and cool-down",45,upper_body;general_adult;advanced,protein + fiber + hydration,"sleep, hydration, mobility, symptom check",v0.1-safe-seed-2026-06-11
PL0027-D023,PL0027,23,4,true,mobility_core,"mobility_core session with warm-up, main work, and cool-down",45,upper_body;general_adult;advanced,protein + fiber + hydration,"sleep, hydration, mobility, symptom check",v0.1-safe-seed-2026-06-11
PL0027-D024,PL0027,24,4,true,upper_lower_split,"upper_lower_split session with warm-up, main work, and cool-down",45,upper_body;general_adult;advanced,protein + fiber + hydration,"sleep, hydration, mobility, symptom check",v0.1-safe-seed-2026-06-11
PL0027-D025,PL0027,25,4,true,skill_practice,"skill_practice session with warm-up, main work, and cool-down",45,upper_body;general_adult;advanced,protein + fiber + hydration,"sleep, hydration, mobility, symptom check",v0.1-safe-seed-2026-06-11
PL0027-D026,PL0027,26,4,false,recovery,walk + mobility + hydration check,15,upper_body;general_adult;advanced,protein + fiber + hydration,"sleep, hydration, mobility, symptom check",v0.1-safe-seed-2026-06-11
PL0027-D027,PL0027,27,4,false,recovery,walk + mobility + hydration check,15,upper_body;general_adult;advanced,protein + fiber + hydration,"sleep, hydration, mobility, symptom check",v0.1-safe-seed-2026-06-11
PL0027-D028,PL0027,28,4,false,recovery,walk + mobility + hydration check,15,upper_body;general_adult;advanced,protein + fiber + hydration,"sleep, hydration, mobility, symptom check",v0.1-safe-seed-2026-06-11
PL0028-D001,PL0028,1,1,true,full_body_strength,"full_body_strength session with warm-up, main work, and cool-down",30,lower_body;general_adult;beginner,protein + fiber + hydration,"sleep, hydration, mobility, symptom check",v0.1-safe-seed-2026-06-11
PL0028-D002,PL0028,2,1,true,cardio_endurance,"cardio_endurance session with warm-up, main work, and cool-down",30,lower_body;general_adult;beginner,protein + fiber + hydration,"sleep, hydration, mobility, symptom check",v0.1-safe-seed-2026-06-11
PL0028-D003,PL0028,3,1,true,mobility_core,"mobility_core session with warm-up, main work, and cool-down",30,lower_body;general_adult;beginner,protein + fiber + hydration,"sleep, hydration, mobility, symptom check",v0.1-safe-seed-2026-06-11
PL0028-D004,PL0028,4,1,true,upper_lower_split,"upper_lower_split session with warm-up, main work, and cool-down",30,lower_body;general_adult;beginner,protein + fiber + hydration,"sleep, hydration, mobility, symptom check",v0.1-safe-seed-2026-06-11
PL0028-D005,PL0028,5,1,false,recovery,walk + mobility + hydration check,15,lower_body;general_adult;beginner,protein + fiber + hydration,"sleep, hydration, mobility, symptom check",v0.1-safe-seed-2026-06-11
PL0028-D006,PL0028,6,1,false,recovery,walk + mobility + hydration check,15,lower_body;general_adult;beginner,protein + fiber + hydration,"sleep, hydration, mobility, symptom check",v0.1-safe-seed-2026-06-11
PL0028-D007,PL0028,7,1,false,recovery,walk + mobility + hydration check,15,lower_body;general_adult;beginner,protein + fiber + hydration,"sleep, hydration, mobility, symptom check",v0.1-safe-seed-2026-06-11
PL0028-D008,PL0028,8,2,true,mobility_core,"mobility_core session with warm-up, main work, and cool-down",30,lower_body;general_adult;beginner,protein + fiber + hydration,"sleep, hydration, mobility, symptom check",v0.1-safe-seed-2026-06-11
PL0028-D009,PL0028,9,2,true,upper_lower_split,"upper_lower_split session with warm-up, main work, and cool-down",30,lower_body;general_adult;beginner,protein + fiber + hydration,"sleep, hydration, mobility, symptom check",v0.1-safe-seed-2026-06-11
PL0028-D010,PL0028,10,2,true,skill_practice,"skill_practice session with warm-up, main work, and cool-down",30,lower_body;general_adult;beginner,protein + fiber + hydration,"sleep, hydration, mobility, symptom check",v0.1-safe-seed-2026-06-11
PL0028-D011,PL0028,11,2,true,full_body_strength,"full_body_strength session with warm-up, main work, and cool-down",30,lower_body;general_adult;beginner,protein + fiber + hydration,"sleep, hydration, mobility, symptom check",v0.1-safe-seed-2026-06-11
PL0028-D012,PL0028,12,2,false,recovery,walk + mobility + hydration check,15,lower_body;general_adult;beginner,protein + fiber + hydration,"sleep, hydration, mobility, symptom check",v0.1-safe-seed-2026-06-11
PL0028-D013,PL0028,13,2,false,recovery,walk + mobility + hydration check,15,lower_body;general_adult;beginner,protein + fiber + hydration,"sleep, hydration, mobility, symptom check",v0.1-safe-seed-2026-06-11
PL0028-D014,PL0028,14,2,false,recovery,walk + mobility + hydration check,15,lower_body;general_adult;beginner,protein + fiber + hydration,"sleep, hydration, mobility, symptom check",v0.1-safe-seed-2026-06-11
PL0028-D015,PL0028,15,3,true,skill_practice,"skill_practice session with warm-up, main work, and cool-down",30,lower_body;general_adult;beginner,protein + fiber + hydration,"sleep, hydration, mobility, symptom check",v0.1-safe-seed-2026-06-11
PL0028-D016,PL0028,16,3,true,full_body_strength,"full_body_strength session with warm-up, main work, and cool-down",30,lower_body;general_adult;beginner,protein + fiber + hydration,"sleep, hydration, mobility, symptom check",v0.1-safe-seed-2026-06-11
PL0028-D017,PL0028,17,3,true,cardio_endurance,"cardio_endurance session with warm-up, main work, and cool-down",30,lower_body;general_adult;beginner,protein + fiber + hydration,"sleep, hydration, mobility, symptom check",v0.1-safe-seed-2026-06-11
PL0028-D018,PL0028,18,3,true,mobility_core,"mobility_core session with warm-up, main work, and cool-down",30,lower_body;general_adult;beginner,protein + fiber + hydration,"sleep, hydration, mobility, symptom check",v0.1-safe-seed-2026-06-11
PL0028-D019,PL0028,19,3,false,recovery,walk + mobility + hydration check,15,lower_body;general_adult;beginner,protein + fiber + hydration,"sleep, hydration, mobility, symptom check",v0.1-safe-seed-2026-06-11
PL0028-D020,PL0028,20,3,false,recovery,walk + mobility + hydration check,15,lower_body;general_adult;beginner,protein + fiber + hydration,"sleep, hydration, mobility, symptom check",v0.1-safe-seed-2026-06-11
PL0028-D021,PL0028,21,3,false,recovery,walk + mobility + hydration check,15,lower_body;general_adult;beginner,protein + fiber + hydration,"sleep, hydration, mobility, symptom check",v0.1-safe-seed-2026-06-11
PL0028-D022,PL0028,22,4,true,cardio_endurance,"cardio_endurance session with warm-up, main work, and cool-down",30,lower_body;general_adult;beginner,protein + fiber + hydration,"sleep, hydration, mobility, symptom check",v0.1-safe-seed-2026-06-11
PL0028-D023,PL0028,23,4,true,mobility_core,"mobility_core session with warm-up, main work, and cool-down",30,lower_body;general_adult;beginner,protein + fiber + hydration,"sleep, hydration, mobility, symptom check",v0.1-safe-seed-2026-06-11
PL0028-D024,PL0028,24,4,true,upper_lower_split,"upper_lower_split session with warm-up, main work, and cool-down",30,lower_body;general_adult;beginner,protein + fiber + hydration,"sleep, hydration, mobility, symptom check",v0.1-safe-seed-2026-06-11
PL0028-D025,PL0028,25,4,true,skill_practice,"skill_practice session with warm-up, main work, and cool-down",30,lower_body;general_adult;beginner,protein + fiber + hydration,"sleep, hydration, mobility, symptom check",v0.1-safe-seed-2026-06-11
PL0028-D026,PL0028,26,4,false,recovery,walk + mobility + hydration check,15,lower_body;general_adult;beginner,protein + fiber + hydration,"sleep, hydration, mobility, symptom check",v0.1-safe-seed-2026-06-11
PL0028-D027,PL0028,27,4,false,recovery,walk + mobility + hydration check,15,lower_body;general_adult;beginner,protein + fiber + hydration,"sleep, hydration, mobility, symptom check",v0.1-safe-seed-2026-06-11
PL0028-D028,PL0028,28,4,false,recovery,walk + mobility + hydration check,15,lower_body;general_adult;beginner,protein + fiber + hydration,"sleep, hydration, mobility, symptom check",v0.1-safe-seed-2026-06-11
PL0029-D001,PL0029,1,1,true,full_body_strength,"full_body_strength session with warm-up, main work, and cool-down",45,lower_body;general_adult;intermediate,protein + fiber + hydration,"sleep, hydration, mobility, symptom check",v0.1-safe-seed-2026-06-11
PL0029-D002,PL0029,2,1,true,cardio_endurance,"cardio_endurance session with warm-up, main work, and cool-down",45,lower_body;general_adult;intermediate,protein + fiber + hydration,"sleep, hydration, mobility, symptom check",v0.1-safe-seed-2026-06-11
PL0029-D003,PL0029,3,1,true,mobility_core,"mobility_core session with warm-up, main work, and cool-down",45,lower_body;general_adult;intermediate,protein + fiber + hydration,"sleep, hydration, mobility, symptom check",v0.1-safe-seed-2026-06-11
PL0029-D004,PL0029,4,1,true,upper_lower_split,"upper_lower_split session with warm-up, main work, and cool-down",45,lower_body;general_adult;intermediate,protein + fiber + hydration,"sleep, hydration, mobility, symptom check",v0.1-safe-seed-2026-06-11
PL0029-D005,PL0029,5,1,false,recovery,walk + mobility + hydration check,15,lower_body;general_adult;intermediate,protein + fiber + hydration,"sleep, hydration, mobility, symptom check",v0.1-safe-seed-2026-06-11
PL0029-D006,PL0029,6,1,false,recovery,walk + mobility + hydration check,15,lower_body;general_adult;intermediate,protein + fiber + hydration,"sleep, hydration, mobility, symptom check",v0.1-safe-seed-2026-06-11
PL0029-D007,PL0029,7,1,false,recovery,walk + mobility + hydration check,15,lower_body;general_adult;intermediate,protein + fiber + hydration,"sleep, hydration, mobility, symptom check",v0.1-safe-seed-2026-06-11
PL0029-D008,PL0029,8,2,true,mobility_core,"mobility_core session with warm-up, main work, and cool-down",45,lower_body;general_adult;intermediate,protein + fiber + hydration,"sleep, hydration, mobility, symptom check",v0.1-safe-seed-2026-06-11
PL0029-D009,PL0029,9,2,true,upper_lower_split,"upper_lower_split session with warm-up, main work, and cool-down",45,lower_body;general_adult;intermediate,protein + fiber + hydration,"sleep, hydration, mobility, symptom check",v0.1-safe-seed-2026-06-11
PL0029-D010,PL0029,10,2,true,skill_practice,"skill_practice session with warm-up, main work, and cool-down",45,lower_body;general_adult;intermediate,protein + fiber + hydration,"sleep, hydration, mobility, symptom check",v0.1-safe-seed-2026-06-11
PL0029-D011,PL0029,11,2,true,full_body_strength,"full_body_strength session with warm-up, main work, and cool-down",45,lower_body;general_adult;intermediate,protein + fiber + hydration,"sleep, hydration, mobility, symptom check",v0.1-safe-seed-2026-06-11
PL0029-D012,PL0029,12,2,false,recovery,walk + mobility + hydration check,15,lower_body;general_adult;intermediate,protein + fiber + hydration,"sleep, hydration, mobility, symptom check",v0.1-safe-seed-2026-06-11
PL0029-D013,PL0029,13,2,false,recovery,walk + mobility + hydration check,15,lower_body;general_adult;intermediate,protein + fiber + hydration,"sleep, hydration, mobility, symptom check",v0.1-safe-seed-2026-06-11
PL0029-D014,PL0029,14,2,false,recovery,walk + mobility + hydration check,15,lower_body;general_adult;intermediate,protein + fiber + hydration,"sleep, hydration, mobility, symptom check",v0.1-safe-seed-2026-06-11
PL0029-D015,PL0029,15,3,true,skill_practice,"skill_practice session with warm-up, main work, and cool-down",45,lower_body;general_adult;intermediate,protein + fiber + hydration,"sleep, hydration, mobility, symptom check",v0.1-safe-seed-2026-06-11
PL0029-D016,PL0029,16,3,true,full_body_strength,"full_body_strength session with warm-up, main work, and cool-down",45,lower_body;general_adult;intermediate,protein + fiber + hydration,"sleep, hydration, mobility, symptom check",v0.1-safe-seed-2026-06-11
PL0029-D017,PL0029,17,3,true,cardio_endurance,"cardio_endurance session with warm-up, main work, and cool-down",45,lower_body;general_adult;intermediate,protein + fiber + hydration,"sleep, hydration, mobility, symptom check",v0.1-safe-seed-2026-06-11
PL0029-D018,PL0029,18,3,true,mobility_core,"mobility_core session with warm-up, main work, and cool-down",45,lower_body;general_adult;intermediate,protein + fiber + hydration,"sleep, hydration, mobility, symptom check",v0.1-safe-seed-2026-06-11
PL0029-D019,PL0029,19,3,false,recovery,walk + mobility + hydration check,15,lower_body;general_adult;intermediate,protein + fiber + hydration,"sleep, hydration, mobility, symptom check",v0.1-safe-seed-2026-06-11
PL0029-D020,PL0029,20,3,false,recovery,walk + mobility + hydration check,15,lower_body;general_adult;intermediate,protein + fiber + hydration,"sleep, hydration, mobility, symptom check",v0.1-safe-seed-2026-06-11
PL0029-D021,PL0029,21,3,false,recovery,walk + mobility + hydration check,15,lower_body;general_adult;intermediate,protein + fiber + hydration,"sleep, hydration, mobility, symptom check",v0.1-safe-seed-2026-06-11
PL0029-D022,PL0029,22,4,true,cardio_endurance,"cardio_endurance session with warm-up, main work, and cool-down",45,lower_body;general_adult;intermediate,protein + fiber + hydration,"sleep, hydration, mobility, symptom check",v0.1-safe-seed-2026-06-11
PL0029-D023,PL0029,23,4,true,mobility_core,"mobility_core session with warm-up, main work, and cool-down",45,lower_body;general_adult;intermediate,protein + fiber + hydration,"sleep, hydration, mobility, symptom check",v0.1-safe-seed-2026-06-11
PL0029-D024,PL0029,24,4,true,upper_lower_split,"upper_lower_split session with warm-up, main work, and cool-down",45,lower_body;general_adult;intermediate,protein + fiber + hydration,"sleep, hydration, mobility, symptom check",v0.1-safe-seed-2026-06-11
PL0029-D025,PL0029,25,4,true,skill_practice,"skill_practice session with warm-up, main work, and cool-down",45,lower_body;general_adult;intermediate,protein + fiber + hydration,"sleep, hydration, mobility, symptom check",v0.1-safe-seed-2026-06-11
PL0029-D026,PL0029,26,4,false,recovery,walk + mobility + hydration check,15,lower_body;general_adult;intermediate,protein + fiber + hydration,"sleep, hydration, mobility, symptom check",v0.1-safe-seed-2026-06-11
PL0029-D027,PL0029,27,4,false,recovery,walk + mobility + hydration check,15,lower_body;general_adult;intermediate,protein + fiber + hydration,"sleep, hydration, mobility, symptom check",v0.1-safe-seed-2026-06-11
PL0029-D028,PL0029,28,4,false,recovery,walk + mobility + hydration check,15,lower_body;general_adult;intermediate,protein + fiber + hydration,"sleep, hydration, mobility, symptom check",v0.1-safe-seed-2026-06-11
PL0030-D001,PL0030,1,1,true,full_body_strength,"full_body_strength session with warm-up, main work, and cool-down",45,lower_body;general_adult;advanced,protein + fiber + hydration,"sleep, hydration, mobility, symptom check",v0.1-safe-seed-2026-06-11
PL0030-D002,PL0030,2,1,true,cardio_endurance,"cardio_endurance session with warm-up, main work, and cool-down",45,lower_body;general_adult;advanced,protein + fiber + hydration,"sleep, hydration, mobility, symptom check",v0.1-safe-seed-2026-06-11
PL0030-D003,PL0030,3,1,true,mobility_core,"mobility_core session with warm-up, main work, and cool-down",45,lower_body;general_adult;advanced,protein + fiber + hydration,"sleep, hydration, mobility, symptom check",v0.1-safe-seed-2026-06-11
PL0030-D004,PL0030,4,1,true,upper_lower_split,"upper_lower_split session with warm-up, main work, and cool-down",45,lower_body;general_adult;advanced,protein + fiber + hydration,"sleep, hydration, mobility, symptom check",v0.1-safe-seed-2026-06-11
PL0030-D005,PL0030,5,1,false,recovery,walk + mobility + hydration check,15,lower_body;general_adult;advanced,protein + fiber + hydration,"sleep, hydration, mobility, symptom check",v0.1-safe-seed-2026-06-11
PL0030-D006,PL0030,6,1,false,recovery,walk + mobility + hydration check,15,lower_body;general_adult;advanced,protein + fiber + hydration,"sleep, hydration, mobility, symptom check",v0.1-safe-seed-2026-06-11
PL0030-D007,PL0030,7,1,false,recovery,walk + mobility + hydration check,15,lower_body;general_adult;advanced,protein + fiber + hydration,"sleep, hydration, mobility, symptom check",v0.1-safe-seed-2026-06-11
PL0030-D008,PL0030,8,2,true,mobility_core,"mobility_core session with warm-up, main work, and cool-down",45,lower_body;general_adult;advanced,protein + fiber + hydration,"sleep, hydration, mobility, symptom check",v0.1-safe-seed-2026-06-11
PL0030-D009,PL0030,9,2,true,upper_lower_split,"upper_lower_split session with warm-up, main work, and cool-down",45,lower_body;general_adult;advanced,protein + fiber + hydration,"sleep, hydration, mobility, symptom check",v0.1-safe-seed-2026-06-11
PL0030-D010,PL0030,10,2,true,skill_practice,"skill_practice session with warm-up, main work, and cool-down",45,lower_body;general_adult;advanced,protein + fiber + hydration,"sleep, hydration, mobility, symptom check",v0.1-safe-seed-2026-06-11
PL0030-D011,PL0030,11,2,true,full_body_strength,"full_body_strength session with warm-up, main work, and cool-down",45,lower_body;general_adult;advanced,protein + fiber + hydration,"sleep, hydration, mobility, symptom check",v0.1-safe-seed-2026-06-11
PL0030-D012,PL0030,12,2,false,recovery,walk + mobility + hydration check,15,lower_body;general_adult;advanced,protein + fiber + hydration,"sleep, hydration, mobility, symptom check",v0.1-safe-seed-2026-06-11
PL0030-D013,PL0030,13,2,false,recovery,walk + mobility + hydration check,15,lower_body;general_adult;advanced,protein + fiber + hydration,"sleep, hydration, mobility, symptom check",v0.1-safe-seed-2026-06-11
PL0030-D014,PL0030,14,2,false,recovery,walk + mobility + hydration check,15,lower_body;general_adult;advanced,protein + fiber + hydration,"sleep, hydration, mobility, symptom check",v0.1-safe-seed-2026-06-11
PL0030-D015,PL0030,15,3,true,skill_practice,"skill_practice session with warm-up, main work, and cool-down",45,lower_body;general_adult;advanced,protein + fiber + hydration,"sleep, hydration, mobility, symptom check",v0.1-safe-seed-2026-06-11
PL0030-D016,PL0030,16,3,true,full_body_strength,"full_body_strength session with warm-up, main work, and cool-down",45,lower_body;general_adult;advanced,protein + fiber + hydration,"sleep, hydration, mobility, symptom check",v0.1-safe-seed-2026-06-11
PL0030-D017,PL0030,17,3,true,cardio_endurance,"cardio_endurance session with warm-up, main work, and cool-down",45,lower_body;general_adult;advanced,protein + fiber + hydration,"sleep, hydration, mobility, symptom check",v0.1-safe-seed-2026-06-11
PL0030-D018,PL0030,18,3,true,mobility_core,"mobility_core session with warm-up, main work, and cool-down",45,lower_body;general_adult;advanced,protein + fiber + hydration,"sleep, hydration, mobility, symptom check",v0.1-safe-seed-2026-06-11
PL0030-D019,PL0030,19,3,false,recovery,walk + mobility + hydration check,15,lower_body;general_adult;advanced,protein + fiber + hydration,"sleep, hydration, mobility, symptom check",v0.1-safe-seed-2026-06-11
PL0030-D020,PL0030,20,3,false,recovery,walk + mobility + hydration check,15,lower_body;general_adult;advanced,protein + fiber + hydration,"sleep, hydration, mobility, symptom check",v0.1-safe-seed-2026-06-11
PL0030-D021,PL0030,21,3,false,recovery,walk + mobility + hydration check,15,lower_body;general_adult;advanced,protein + fiber + hydration,"sleep, hydration, mobility, symptom check",v0.1-safe-seed-2026-06-11
PL0030-D022,PL0030,22,4,true,cardio_endurance,"cardio_endurance session with warm-up, main work, and cool-down",45,lower_body;general_adult;advanced,protein + fiber + hydration,"sleep, hydration, mobility, symptom check",v0.1-safe-seed-2026-06-11
PL0030-D023,PL0030,23,4,true,mobility_core,"mobility_core session with warm-up, main work, and cool-down",45,lower_body;general_adult;advanced,protein + fiber + hydration,"sleep, hydration, mobility, symptom check",v0.1-safe-seed-2026-06-11
PL0030-D024,PL0030,24,4,true,upper_lower_split,"upper_lower_split session with warm-up, main work, and cool-down",45,lower_body;general_adult;advanced,protein + fiber + hydration,"sleep, hydration, mobility, symptom check",v0.1-safe-seed-2026-06-11
PL0030-D025,PL0030,25,4,true,skill_practice,"skill_practice session with warm-up, main work, and cool-down",45,lower_body;general_adult;advanced,protein + fiber + hydration,"sleep, hydration, mobility, symptom check",v0.1-safe-seed-2026-06-11
PL0030-D026,PL0030,26,4,false,recovery,walk + mobility + hydration check,15,lower_body;general_adult;advanced,protein + fiber + hydration,"sleep, hydration, mobility, symptom check",v0.1-safe-seed-2026-06-11
PL0030-D027,PL0030,27,4,false,recovery,walk + mobility + hydration check,15,lower_body;general_adult;advanced,protein + fiber + hydration,"sleep, hydration, mobility, symptom check",v0.1-safe-seed-2026-06-11
PL0030-D028,PL0030,28,4,false,recovery,walk + mobility + hydration check,15,lower_body;general_adult;advanced,protein + fiber + hydration,"sleep, hydration, mobility, symptom check",v0.1-safe-seed-2026-06-11
PL0031-D001,PL0031,1,1,true,full_body_strength,"full_body_strength session with warm-up, main work, and cool-down",30,full_body;general_adult;beginner,protein + fiber + hydration,"sleep, hydration, mobility, symptom check",v0.1-safe-seed-2026-06-11
PL0031-D002,PL0031,2,1,true,cardio_endurance,"cardio_endurance session with warm-up, main work, and cool-down",30,full_body;general_adult;beginner,protein + fiber + hydration,"sleep, hydration, mobility, symptom check",v0.1-safe-seed-2026-06-11
PL0031-D003,PL0031,3,1,true,mobility_core,"mobility_core session with warm-up, main work, and cool-down",30,full_body;general_adult;beginner,protein + fiber + hydration,"sleep, hydration, mobility, symptom check",v0.1-safe-seed-2026-06-11
PL0031-D004,PL0031,4,1,true,upper_lower_split,"upper_lower_split session with warm-up, main work, and cool-down",30,full_body;general_adult;beginner,protein + fiber + hydration,"sleep, hydration, mobility, symptom check",v0.1-safe-seed-2026-06-11
PL0031-D005,PL0031,5,1,false,recovery,walk + mobility + hydration check,15,full_body;general_adult;beginner,protein + fiber + hydration,"sleep, hydration, mobility, symptom check",v0.1-safe-seed-2026-06-11
PL0031-D006,PL0031,6,1,false,recovery,walk + mobility + hydration check,15,full_body;general_adult;beginner,protein + fiber + hydration,"sleep, hydration, mobility, symptom check",v0.1-safe-seed-2026-06-11
PL0031-D007,PL0031,7,1,false,recovery,walk + mobility + hydration check,15,full_body;general_adult;beginner,protein + fiber + hydration,"sleep, hydration, mobility, symptom check",v0.1-safe-seed-2026-06-11
PL0031-D008,PL0031,8,2,true,mobility_core,"mobility_core session with warm-up, main work, and cool-down",30,full_body;general_adult;beginner,protein + fiber + hydration,"sleep, hydration, mobility, symptom check",v0.1-safe-seed-2026-06-11
PL0031-D009,PL0031,9,2,true,upper_lower_split,"upper_lower_split session with warm-up, main work, and cool-down",30,full_body;general_adult;beginner,protein + fiber + hydration,"sleep, hydration, mobility, symptom check",v0.1-safe-seed-2026-06-11
PL0031-D010,PL0031,10,2,true,skill_practice,"skill_practice session with warm-up, main work, and cool-down",30,full_body;general_adult;beginner,protein + fiber + hydration,"sleep, hydration, mobility, symptom check",v0.1-safe-seed-2026-06-11
PL0031-D011,PL0031,11,2,true,full_body_strength,"full_body_strength session with warm-up, main work, and cool-down",30,full_body;general_adult;beginner,protein + fiber + hydration,"sleep, hydration, mobility, symptom check",v0.1-safe-seed-2026-06-11
PL0031-D012,PL0031,12,2,false,recovery,walk + mobility + hydration check,15,full_body;general_adult;beginner,protein + fiber + hydration,"sleep, hydration, mobility, symptom check",v0.1-safe-seed-2026-06-11
PL0031-D013,PL0031,13,2,false,recovery,walk + mobility + hydration check,15,full_body;general_adult;beginner,protein + fiber + hydration,"sleep, hydration, mobility, symptom check",v0.1-safe-seed-2026-06-11
PL0031-D014,PL0031,14,2,false,recovery,walk + mobility + hydration check,15,full_body;general_adult;beginner,protein + fiber + hydration,"sleep, hydration, mobility, symptom check",v0.1-safe-seed-2026-06-11
PL0031-D015,PL0031,15,3,true,skill_practice,"skill_practice session with warm-up, main work, and cool-down",30,full_body;general_adult;beginner,protein + fiber + hydration,"sleep, hydration, mobility, symptom check",v0.1-safe-seed-2026-06-11
PL0031-D016,PL0031,16,3,true,full_body_strength,"full_body_strength session with warm-up, main work, and cool-down",30,full_body;general_adult;beginner,protein + fiber + hydration,"sleep, hydration, mobility, symptom check",v0.1-safe-seed-2026-06-11
PL0031-D017,PL0031,17,3,true,cardio_endurance,"cardio_endurance session with warm-up, main work, and cool-down",30,full_body;general_adult;beginner,protein + fiber + hydration,"sleep, hydration, mobility, symptom check",v0.1-safe-seed-2026-06-11
PL0031-D018,PL0031,18,3,true,mobility_core,"mobility_core session with warm-up, main work, and cool-down",30,full_body;general_adult;beginner,protein + fiber + hydration,"sleep, hydration, mobility, symptom check",v0.1-safe-seed-2026-06-11
PL0031-D019,PL0031,19,3,false,recovery,walk + mobility + hydration check,15,full_body;general_adult;beginner,protein + fiber + hydration,"sleep, hydration, mobility, symptom check",v0.1-safe-seed-2026-06-11
PL0031-D020,PL0031,20,3,false,recovery,walk + mobility + hydration check,15,full_body;general_adult;beginner,protein + fiber + hydration,"sleep, hydration, mobility, symptom check",v0.1-safe-seed-2026-06-11
PL0031-D021,PL0031,21,3,false,recovery,walk + mobility + hydration check,15,full_body;general_adult;beginner,protein + fiber + hydration,"sleep, hydration, mobility, symptom check",v0.1-safe-seed-2026-06-11
PL0031-D022,PL0031,22,4,true,cardio_endurance,"cardio_endurance session with warm-up, main work, and cool-down",30,full_body;general_adult;beginner,protein + fiber + hydration,"sleep, hydration, mobility, symptom check",v0.1-safe-seed-2026-06-11
PL0031-D023,PL0031,23,4,true,mobility_core,"mobility_core session with warm-up, main work, and cool-down",30,full_body;general_adult;beginner,protein + fiber + hydration,"sleep, hydration, mobility, symptom check",v0.1-safe-seed-2026-06-11
PL0031-D024,PL0031,24,4,true,upper_lower_split,"upper_lower_split session with warm-up, main work, and cool-down",30,full_body;general_adult;beginner,protein + fiber + hydration,"sleep, hydration, mobility, symptom check",v0.1-safe-seed-2026-06-11
PL0031-D025,PL0031,25,4,true,skill_practice,"skill_practice session with warm-up, main work, and cool-down",30,full_body;general_adult;beginner,protein + fiber + hydration,"sleep, hydration, mobility, symptom check",v0.1-safe-seed-2026-06-11
PL0031-D026,PL0031,26,4,false,recovery,walk + mobility + hydration check,15,full_body;general_adult;beginner,protein + fiber + hydration,"sleep, hydration, mobility, symptom check",v0.1-safe-seed-2026-06-11
PL0031-D027,PL0031,27,4,false,recovery,walk + mobility + hydration check,15,full_body;general_adult;beginner,protein + fiber + hydration,"sleep, hydration, mobility, symptom check",v0.1-safe-seed-2026-06-11
PL0031-D028,PL0031,28,4,false,recovery,walk + mobility + hydration check,15,full_body;general_adult;beginner,protein + fiber + hydration,"sleep, hydration, mobility, symptom check",v0.1-safe-seed-2026-06-11
PL0032-D001,PL0032,1,1,true,full_body_strength,"full_body_strength session with warm-up, main work, and cool-down",45,full_body;general_adult;intermediate,protein + fiber + hydration,"sleep, hydration, mobility, symptom check",v0.1-safe-seed-2026-06-11
PL0032-D002,PL0032,2,1,true,cardio_endurance,"cardio_endurance session with warm-up, main work, and cool-down",45,full_body;general_adult;intermediate,protein + fiber + hydration,"sleep, hydration, mobility, symptom check",v0.1-safe-seed-2026-06-11
PL0032-D003,PL0032,3,1,true,mobility_core,"mobility_core session with warm-up, main work, and cool-down",45,full_body;general_adult;intermediate,protein + fiber + hydration,"sleep, hydration, mobility, symptom check",v0.1-safe-seed-2026-06-11
PL0032-D004,PL0032,4,1,true,upper_lower_split,"upper_lower_split session with warm-up, main work, and cool-down",45,full_body;general_adult;intermediate,protein + fiber + hydration,"sleep, hydration, mobility, symptom check",v0.1-safe-seed-2026-06-11
PL0032-D005,PL0032,5,1,false,recovery,walk + mobility + hydration check,15,full_body;general_adult;intermediate,protein + fiber + hydration,"sleep, hydration, mobility, symptom check",v0.1-safe-seed-2026-06-11
PL0032-D006,PL0032,6,1,false,recovery,walk + mobility + hydration check,15,full_body;general_adult;intermediate,protein + fiber + hydration,"sleep, hydration, mobility, symptom check",v0.1-safe-seed-2026-06-11
PL0032-D007,PL0032,7,1,false,recovery,walk + mobility + hydration check,15,full_body;general_adult;intermediate,protein + fiber + hydration,"sleep, hydration, mobility, symptom check",v0.1-safe-seed-2026-06-11
PL0032-D008,PL0032,8,2,true,mobility_core,"mobility_core session with warm-up, main work, and cool-down",45,full_body;general_adult;intermediate,protein + fiber + hydration,"sleep, hydration, mobility, symptom check",v0.1-safe-seed-2026-06-11
PL0032-D009,PL0032,9,2,true,upper_lower_split,"upper_lower_split session with warm-up, main work, and cool-down",45,full_body;general_adult;intermediate,protein + fiber + hydration,"sleep, hydration, mobility, symptom check",v0.1-safe-seed-2026-06-11
PL0032-D010,PL0032,10,2,true,skill_practice,"skill_practice session with warm-up, main work, and cool-down",45,full_body;general_adult;intermediate,protein + fiber + hydration,"sleep, hydration, mobility, symptom check",v0.1-safe-seed-2026-06-11
PL0032-D011,PL0032,11,2,true,full_body_strength,"full_body_strength session with warm-up, main work, and cool-down",45,full_body;general_adult;intermediate,protein + fiber + hydration,"sleep, hydration, mobility, symptom check",v0.1-safe-seed-2026-06-11
PL0032-D012,PL0032,12,2,false,recovery,walk + mobility + hydration check,15,full_body;general_adult;intermediate,protein + fiber + hydration,"sleep, hydration, mobility, symptom check",v0.1-safe-seed-2026-06-11
PL0032-D013,PL0032,13,2,false,recovery,walk + mobility + hydration check,15,full_body;general_adult;intermediate,protein + fiber + hydration,"sleep, hydration, mobility, symptom check",v0.1-safe-seed-2026-06-11
PL0032-D014,PL0032,14,2,false,recovery,walk + mobility + hydration check,15,full_body;general_adult;intermediate,protein + fiber + hydration,"sleep, hydration, mobility, symptom check",v0.1-safe-seed-2026-06-11
PL0032-D015,PL0032,15,3,true,skill_practice,"skill_practice session with warm-up, main work, and cool-down",45,full_body;general_adult;intermediate,protein + fiber + hydration,"sleep, hydration, mobility, symptom check",v0.1-safe-seed-2026-06-11
PL0032-D016,PL0032,16,3,true,full_body_strength,"full_body_strength session with warm-up, main work, and cool-down",45,full_body;general_adult;intermediate,protein + fiber + hydration,"sleep, hydration, mobility, symptom check",v0.1-safe-seed-2026-06-11
PL0032-D017,PL0032,17,3,true,cardio_endurance,"cardio_endurance session with warm-up, main work, and cool-down",45,full_body;general_adult;intermediate,protein + fiber + hydration,"sleep, hydration, mobility, symptom check",v0.1-safe-seed-2026-06-11
PL0032-D018,PL0032,18,3,true,mobility_core,"mobility_core session with warm-up, main work, and cool-down",45,full_body;general_adult;intermediate,protein + fiber + hydration,"sleep, hydration, mobility, symptom check",v0.1-safe-seed-2026-06-11
PL0032-D019,PL0032,19,3,false,recovery,walk + mobility + hydration check,15,full_body;general_adult;intermediate,protein + fiber + hydration,"sleep, hydration, mobility, symptom check",v0.1-safe-seed-2026-06-11
PL0032-D020,PL0032,20,3,false,recovery,walk + mobility + hydration check,15,full_body;general_adult;intermediate,protein + fiber + hydration,"sleep, hydration, mobility, symptom check",v0.1-safe-seed-2026-06-11
PL0032-D021,PL0032,21,3,false,recovery,walk + mobility + hydration check,15,full_body;general_adult;intermediate,protein + fiber + hydration,"sleep, hydration, mobility, symptom check",v0.1-safe-seed-2026-06-11
PL0032-D022,PL0032,22,4,true,cardio_endurance,"cardio_endurance session with warm-up, main work, and cool-down",45,full_body;general_adult;intermediate,protein + fiber + hydration,"sleep, hydration, mobility, symptom check",v0.1-safe-seed-2026-06-11
PL0032-D023,PL0032,23,4,true,mobility_core,"mobility_core session with warm-up, main work, and cool-down",45,full_body;general_adult;intermediate,protein + fiber + hydration,"sleep, hydration, mobility, symptom check",v0.1-safe-seed-2026-06-11
PL0032-D024,PL0032,24,4,true,upper_lower_split,"upper_lower_split session with warm-up, main work, and cool-down",45,full_body;general_adult;intermediate,protein + fiber + hydration,"sleep, hydration, mobility, symptom check",v0.1-safe-seed-2026-06-11
PL0032-D025,PL0032,25,4,true,skill_practice,"skill_practice session with warm-up, main work, and cool-down",45,full_body;general_adult;intermediate,protein + fiber + hydration,"sleep, hydration, mobility, symptom check",v0.1-safe-seed-2026-06-11
PL0032-D026,PL0032,26,4,false,recovery,walk + mobility + hydration check,15,full_body;general_adult;intermediate,protein + fiber + hydration,"sleep, hydration, mobility, symptom check",v0.1-safe-seed-2026-06-11
PL0032-D027,PL0032,27,4,false,recovery,walk + mobility + hydration check,15,full_body;general_adult;intermediate,protein + fiber + hydration,"sleep, hydration, mobility, symptom check",v0.1-safe-seed-2026-06-11
PL0032-D028,PL0032,28,4,false,recovery,walk + mobility + hydration check,15,full_body;general_adult;intermediate,protein + fiber + hydration,"sleep, hydration, mobility, symptom check",v0.1-safe-seed-2026-06-11
PL0033-D001,PL0033,1,1,true,full_body_strength,"full_body_strength session with warm-up, main work, and cool-down",45,full_body;general_adult;advanced,protein + fiber + hydration,"sleep, hydration, mobility, symptom check",v0.1-safe-seed-2026-06-11
PL0033-D002,PL0033,2,1,true,cardio_endurance,"cardio_endurance session with warm-up, main work, and cool-down",45,full_body;general_adult;advanced,protein + fiber + hydration,"sleep, hydration, mobility, symptom check",v0.1-safe-seed-2026-06-11
PL0033-D003,PL0033,3,1,true,mobility_core,"mobility_core session with warm-up, main work, and cool-down",45,full_body;general_adult;advanced,protein + fiber + hydration,"sleep, hydration, mobility, symptom check",v0.1-safe-seed-2026-06-11
PL0033-D004,PL0033,4,1,true,upper_lower_split,"upper_lower_split session with warm-up, main work, and cool-down",45,full_body;general_adult;advanced,protein + fiber + hydration,"sleep, hydration, mobility, symptom check",v0.1-safe-seed-2026-06-11
PL0033-D005,PL0033,5,1,false,recovery,walk + mobility + hydration check,15,full_body;general_adult;advanced,protein + fiber + hydration,"sleep, hydration, mobility, symptom check",v0.1-safe-seed-2026-06-11
PL0033-D006,PL0033,6,1,false,recovery,walk + mobility + hydration check,15,full_body;general_adult;advanced,protein + fiber + hydration,"sleep, hydration, mobility, symptom check",v0.1-safe-seed-2026-06-11
PL0033-D007,PL0033,7,1,false,recovery,walk + mobility + hydration check,15,full_body;general_adult;advanced,protein + fiber + hydration,"sleep, hydration, mobility, symptom check",v0.1-safe-seed-2026-06-11
PL0033-D008,PL0033,8,2,true,mobility_core,"mobility_core session with warm-up, main work, and cool-down",45,full_body;general_adult;advanced,protein + fiber + hydration,"sleep, hydration, mobility, symptom check",v0.1-safe-seed-2026-06-11
PL0033-D009,PL0033,9,2,true,upper_lower_split,"upper_lower_split session with warm-up, main work, and cool-down",45,full_body;general_adult;advanced,protein + fiber + hydration,"sleep, hydration, mobility, symptom check",v0.1-safe-seed-2026-06-11
PL0033-D010,PL0033,10,2,true,skill_practice,"skill_practice session with warm-up, main work, and cool-down",45,full_body;general_adult;advanced,protein + fiber + hydration,"sleep, hydration, mobility, symptom check",v0.1-safe-seed-2026-06-11
PL0033-D011,PL0033,11,2,true,full_body_strength,"full_body_strength session with warm-up, main work, and cool-down",45,full_body;general_adult;advanced,protein + fiber + hydration,"sleep, hydration, mobility, symptom check",v0.1-safe-seed-2026-06-11
PL0033-D012,PL0033,12,2,false,recovery,walk + mobility + hydration check,15,full_body;general_adult;advanced,protein + fiber + hydration,"sleep, hydration, mobility, symptom check",v0.1-safe-seed-2026-06-11
PL0033-D013,PL0033,13,2,false,recovery,walk + mobility + hydration check,15,full_body;general_adult;advanced,protein + fiber + hydration,"sleep, hydration, mobility, symptom check",v0.1-safe-seed-2026-06-11
PL0033-D014,PL0033,14,2,false,recovery,walk + mobility + hydration check,15,full_body;general_adult;advanced,protein + fiber + hydration,"sleep, hydration, mobility, symptom check",v0.1-safe-seed-2026-06-11
PL0033-D015,PL0033,15,3,true,skill_practice,"skill_practice session with warm-up, main work, and cool-down",45,full_body;general_adult;advanced,protein + fiber + hydration,"sleep, hydration, mobility, symptom check",v0.1-safe-seed-2026-06-11
PL0033-D016,PL0033,16,3,true,full_body_strength,"full_body_strength session with warm-up, main work, and cool-down",45,full_body;general_adult;advanced,protein + fiber + hydration,"sleep, hydration, mobility, symptom check",v0.1-safe-seed-2026-06-11
PL0033-D017,PL0033,17,3,true,cardio_endurance,"cardio_endurance session with warm-up, main work, and cool-down",45,full_body;general_adult;advanced,protein + fiber + hydration,"sleep, hydration, mobility, symptom check",v0.1-safe-seed-2026-06-11
PL0033-D018,PL0033,18,3,true,mobility_core,"mobility_core session with warm-up, main work, and cool-down",45,full_body;general_adult;advanced,protein + fiber + hydration,"sleep, hydration, mobility, symptom check",v0.1-safe-seed-2026-06-11
PL0033-D019,PL0033,19,3,false,recovery,walk + mobility + hydration check,15,full_body;general_adult;advanced,protein + fiber + hydration,"sleep, hydration, mobility, symptom check",v0.1-safe-seed-2026-06-11
PL0033-D020,PL0033,20,3,false,recovery,walk + mobility + hydration check,15,full_body;general_adult;advanced,protein + fiber + hydration,"sleep, hydration, mobility, symptom check",v0.1-safe-seed-2026-06-11
PL0033-D021,PL0033,21,3,false,recovery,walk + mobility + hydration check,15,full_body;general_adult;advanced,protein + fiber + hydration,"sleep, hydration, mobility, symptom check",v0.1-safe-seed-2026-06-11
PL0033-D022,PL0033,22,4,true,cardio_endurance,"cardio_endurance session with warm-up, main work, and cool-down",45,full_body;general_adult;advanced,protein + fiber + hydration,"sleep, hydration, mobility, symptom check",v0.1-safe-seed-2026-06-11
PL0033-D023,PL0033,23,4,true,mobility_core,"mobility_core session with warm-up, main work, and cool-down",45,full_body;general_adult;advanced,protein + fiber + hydration,"sleep, hydration, mobility, symptom check",v0.1-safe-seed-2026-06-11
PL0033-D024,PL0033,24,4,true,upper_lower_split,"upper_lower_split session with warm-up, main work, and cool-down",45,full_body;general_adult;advanced,protein + fiber + hydration,"sleep, hydration, mobility, symptom check",v0.1-safe-seed-2026-06-11
PL0033-D025,PL0033,25,4,true,skill_practice,"skill_practice session with warm-up, main work, and cool-down",45,full_body;general_adult;advanced,protein + fiber + hydration,"sleep, hydration, mobility, symptom check",v0.1-safe-seed-2026-06-11
PL0033-D026,PL0033,26,4,false,recovery,walk + mobility + hydration check,15,full_body;general_adult;advanced,protein + fiber + hydration,"sleep, hydration, mobility, symptom check",v0.1-safe-seed-2026-06-11
PL0033-D027,PL0033,27,4,false,recovery,walk + mobility + hydration check,15,full_body;general_adult;advanced,protein + fiber + hydration,"sleep, hydration, mobility, symptom check",v0.1-safe-seed-2026-06-11
PL0033-D028,PL0033,28,4,false,recovery,walk + mobility + hydration check,15,full_body;general_adult;advanced,protein + fiber + hydration,"sleep, hydration, mobility, symptom check",v0.1-safe-seed-2026-06-11
PL0034-D001,PL0034,1,1,true,full_body_strength,"full_body_strength session with warm-up, main work, and cool-down",30,walking;general_adult;beginner,protein + fiber + hydration,"sleep, hydration, mobility, symptom check",v0.1-safe-seed-2026-06-11
PL0034-D002,PL0034,2,1,true,cardio_endurance,"cardio_endurance session with warm-up, main work, and cool-down",30,walking;general_adult;beginner,protein + fiber + hydration,"sleep, hydration, mobility, symptom check",v0.1-safe-seed-2026-06-11
PL0034-D003,PL0034,3,1,true,mobility_core,"mobility_core session with warm-up, main work, and cool-down",30,walking;general_adult;beginner,protein + fiber + hydration,"sleep, hydration, mobility, symptom check",v0.1-safe-seed-2026-06-11
PL0034-D004,PL0034,4,1,true,upper_lower_split,"upper_lower_split session with warm-up, main work, and cool-down",30,walking;general_adult;beginner,protein + fiber + hydration,"sleep, hydration, mobility, symptom check",v0.1-safe-seed-2026-06-11
PL0034-D005,PL0034,5,1,false,recovery,walk + mobility + hydration check,15,walking;general_adult;beginner,protein + fiber + hydration,"sleep, hydration, mobility, symptom check",v0.1-safe-seed-2026-06-11
PL0034-D006,PL0034,6,1,false,recovery,walk + mobility + hydration check,15,walking;general_adult;beginner,protein + fiber + hydration,"sleep, hydration, mobility, symptom check",v0.1-safe-seed-2026-06-11
PL0034-D007,PL0034,7,1,false,recovery,walk + mobility + hydration check,15,walking;general_adult;beginner,protein + fiber + hydration,"sleep, hydration, mobility, symptom check",v0.1-safe-seed-2026-06-11
PL0034-D008,PL0034,8,2,true,mobility_core,"mobility_core session with warm-up, main work, and cool-down",30,walking;general_adult;beginner,protein + fiber + hydration,"sleep, hydration, mobility, symptom check",v0.1-safe-seed-2026-06-11
PL0034-D009,PL0034,9,2,true,upper_lower_split,"upper_lower_split session with warm-up, main work, and cool-down",30,walking;general_adult;beginner,protein + fiber + hydration,"sleep, hydration, mobility, symptom check",v0.1-safe-seed-2026-06-11
PL0034-D010,PL0034,10,2,true,skill_practice,"skill_practice session with warm-up, main work, and cool-down",30,walking;general_adult;beginner,protein + fiber + hydration,"sleep, hydration, mobility, symptom check",v0.1-safe-seed-2026-06-11
PL0034-D011,PL0034,11,2,true,full_body_strength,"full_body_strength session with warm-up, main work, and cool-down",30,walking;general_adult;beginner,protein + fiber + hydration,"sleep, hydration, mobility, symptom check",v0.1-safe-seed-2026-06-11
PL0034-D012,PL0034,12,2,false,recovery,walk + mobility + hydration check,15,walking;general_adult;beginner,protein + fiber + hydration,"sleep, hydration, mobility, symptom check",v0.1-safe-seed-2026-06-11
PL0034-D013,PL0034,13,2,false,recovery,walk + mobility + hydration check,15,walking;general_adult;beginner,protein + fiber + hydration,"sleep, hydration, mobility, symptom check",v0.1-safe-seed-2026-06-11
PL0034-D014,PL0034,14,2,false,recovery,walk + mobility + hydration check,15,walking;general_adult;beginner,protein + fiber + hydration,"sleep, hydration, mobility, symptom check",v0.1-safe-seed-2026-06-11
PL0034-D015,PL0034,15,3,true,skill_practice,"skill_practice session with warm-up, main work, and cool-down",30,walking;general_adult;beginner,protein + fiber + hydration,"sleep, hydration, mobility, symptom check",v0.1-safe-seed-2026-06-11
PL0034-D016,PL0034,16,3,true,full_body_strength,"full_body_strength session with warm-up, main work, and cool-down",30,walking;general_adult;beginner,protein + fiber + hydration,"sleep, hydration, mobility, symptom check",v0.1-safe-seed-2026-06-11
PL0034-D017,PL0034,17,3,true,cardio_endurance,"cardio_endurance session with warm-up, main work, and cool-down",30,walking;general_adult;beginner,protein + fiber + hydration,"sleep, hydration, mobility, symptom check",v0.1-safe-seed-2026-06-11
PL0034-D018,PL0034,18,3,true,mobility_core,"mobility_core session with warm-up, main work, and cool-down",30,walking;general_adult;beginner,protein + fiber + hydration,"sleep, hydration, mobility, symptom check",v0.1-safe-seed-2026-06-11
PL0034-D019,PL0034,19,3,false,recovery,walk + mobility + hydration check,15,walking;general_adult;beginner,protein + fiber + hydration,"sleep, hydration, mobility, symptom check",v0.1-safe-seed-2026-06-11
PL0034-D020,PL0034,20,3,false,recovery,walk + mobility + hydration check,15,walking;general_adult;beginner,protein + fiber + hydration,"sleep, hydration, mobility, symptom check",v0.1-safe-seed-2026-06-11
PL0034-D021,PL0034,21,3,false,recovery,walk + mobility + hydration check,15,walking;general_adult;beginner,protein + fiber + hydration,"sleep, hydration, mobility, symptom check",v0.1-safe-seed-2026-06-11
PL0034-D022,PL0034,22,4,true,cardio_endurance,"cardio_endurance session with warm-up, main work, and cool-down",30,walking;general_adult;beginner,protein + fiber + hydration,"sleep, hydration, mobility, symptom check",v0.1-safe-seed-2026-06-11
PL0034-D023,PL0034,23,4,true,mobility_core,"mobility_core session with warm-up, main work, and cool-down",30,walking;general_adult;beginner,protein + fiber + hydration,"sleep, hydration, mobility, symptom check",v0.1-safe-seed-2026-06-11
PL0034-D024,PL0034,24,4,true,upper_lower_split,"upper_lower_split session with warm-up, main work, and cool-down",30,walking;general_adult;beginner,protein + fiber + hydration,"sleep, hydration, mobility, symptom check",v0.1-safe-seed-2026-06-11
PL0034-D025,PL0034,25,4,true,skill_practice,"skill_practice session with warm-up, main work, and cool-down",30,walking;general_adult;beginner,protein + fiber + hydration,"sleep, hydration, mobility, symptom check",v0.1-safe-seed-2026-06-11
PL0034-D026,PL0034,26,4,false,recovery,walk + mobility + hydration check,15,walking;general_adult;beginner,protein + fiber + hydration,"sleep, hydration, mobility, symptom check",v0.1-safe-seed-2026-06-11
PL0034-D027,PL0034,27,4,false,recovery,walk + mobility + hydration check,15,walking;general_adult;beginner,protein + fiber + hydration,"sleep, hydration, mobility, symptom check",v0.1-safe-seed-2026-06-11
PL0034-D028,PL0034,28,4,false,recovery,walk + mobility + hydration check,15,walking;general_adult;beginner,protein + fiber + hydration,"sleep, hydration, mobility, symptom check",v0.1-safe-seed-2026-06-11
PL0035-D001,PL0035,1,1,true,full_body_strength,"full_body_strength session with warm-up, main work, and cool-down",45,walking;general_adult;intermediate,protein + fiber + hydration,"sleep, hydration, mobility, symptom check",v0.1-safe-seed-2026-06-11
PL0035-D002,PL0035,2,1,true,cardio_endurance,"cardio_endurance session with warm-up, main work, and cool-down",45,walking;general_adult;intermediate,protein + fiber + hydration,"sleep, hydration, mobility, symptom check",v0.1-safe-seed-2026-06-11
PL0035-D003,PL0035,3,1,true,mobility_core,"mobility_core session with warm-up, main work, and cool-down",45,walking;general_adult;intermediate,protein + fiber + hydration,"sleep, hydration, mobility, symptom check",v0.1-safe-seed-2026-06-11
PL0035-D004,PL0035,4,1,true,upper_lower_split,"upper_lower_split session with warm-up, main work, and cool-down",45,walking;general_adult;intermediate,protein + fiber + hydration,"sleep, hydration, mobility, symptom check",v0.1-safe-seed-2026-06-11
PL0035-D005,PL0035,5,1,false,recovery,walk + mobility + hydration check,15,walking;general_adult;intermediate,protein + fiber + hydration,"sleep, hydration, mobility, symptom check",v0.1-safe-seed-2026-06-11
PL0035-D006,PL0035,6,1,false,recovery,walk + mobility + hydration check,15,walking;general_adult;intermediate,protein + fiber + hydration,"sleep, hydration, mobility, symptom check",v0.1-safe-seed-2026-06-11
PL0035-D007,PL0035,7,1,false,recovery,walk + mobility + hydration check,15,walking;general_adult;intermediate,protein + fiber + hydration,"sleep, hydration, mobility, symptom check",v0.1-safe-seed-2026-06-11
PL0035-D008,PL0035,8,2,true,mobility_core,"mobility_core session with warm-up, main work, and cool-down",45,walking;general_adult;intermediate,protein + fiber + hydration,"sleep, hydration, mobility, symptom check",v0.1-safe-seed-2026-06-11
PL0035-D009,PL0035,9,2,true,upper_lower_split,"upper_lower_split session with warm-up, main work, and cool-down",45,walking;general_adult;intermediate,protein + fiber + hydration,"sleep, hydration, mobility, symptom check",v0.1-safe-seed-2026-06-11
PL0035-D010,PL0035,10,2,true,skill_practice,"skill_practice session with warm-up, main work, and cool-down",45,walking;general_adult;intermediate,protein + fiber + hydration,"sleep, hydration, mobility, symptom check",v0.1-safe-seed-2026-06-11
PL0035-D011,PL0035,11,2,true,full_body_strength,"full_body_strength session with warm-up, main work, and cool-down",45,walking;general_adult;intermediate,protein + fiber + hydration,"sleep, hydration, mobility, symptom check",v0.1-safe-seed-2026-06-11
PL0035-D012,PL0035,12,2,false,recovery,walk + mobility + hydration check,15,walking;general_adult;intermediate,protein + fiber + hydration,"sleep, hydration, mobility, symptom check",v0.1-safe-seed-2026-06-11
PL0035-D013,PL0035,13,2,false,recovery,walk + mobility + hydration check,15,walking;general_adult;intermediate,protein + fiber + hydration,"sleep, hydration, mobility, symptom check",v0.1-safe-seed-2026-06-11
PL0035-D014,PL0035,14,2,false,recovery,walk + mobility + hydration check,15,walking;general_adult;intermediate,protein + fiber + hydration,"sleep, hydration, mobility, symptom check",v0.1-safe-seed-2026-06-11
PL0035-D015,PL0035,15,3,true,skill_practice,"skill_practice session with warm-up, main work, and cool-down",45,walking;general_adult;intermediate,protein + fiber + hydration,"sleep, hydration, mobility, symptom check",v0.1-safe-seed-2026-06-11
PL0035-D016,PL0035,16,3,true,full_body_strength,"full_body_strength session with warm-up, main work, and cool-down",45,walking;general_adult;intermediate,protein + fiber + hydration,"sleep, hydration, mobility, symptom check",v0.1-safe-seed-2026-06-11
PL0035-D017,PL0035,17,3,true,cardio_endurance,"cardio_endurance session with warm-up, main work, and cool-down",45,walking;general_adult;intermediate,protein + fiber + hydration,"sleep, hydration, mobility, symptom check",v0.1-safe-seed-2026-06-11
PL0035-D018,PL0035,18,3,true,mobility_core,"mobility_core session with warm-up, main work, and cool-down",45,walking;general_adult;intermediate,protein + fiber + hydration,"sleep, hydration, mobility, symptom check",v0.1-safe-seed-2026-06-11
PL0035-D019,PL0035,19,3,false,recovery,walk + mobility + hydration check,15,walking;general_adult;intermediate,protein + fiber + hydration,"sleep, hydration, mobility, symptom check",v0.1-safe-seed-2026-06-11
PL0035-D020,PL0035,20,3,false,recovery,walk + mobility + hydration check,15,walking;general_adult;intermediate,protein + fiber + hydration,"sleep, hydration, mobility, symptom check",v0.1-safe-seed-2026-06-11
PL0035-D021,PL0035,21,3,false,recovery,walk + mobility + hydration check,15,walking;general_adult;intermediate,protein + fiber + hydration,"sleep, hydration, mobility, symptom check",v0.1-safe-seed-2026-06-11
PL0035-D022,PL0035,22,4,true,cardio_endurance,"cardio_endurance session with warm-up, main work, and cool-down",45,walking;general_adult;intermediate,protein + fiber + hydration,"sleep, hydration, mobility, symptom check",v0.1-safe-seed-2026-06-11
PL0035-D023,PL0035,23,4,true,mobility_core,"mobility_core session with warm-up, main work, and cool-down",45,walking;general_adult;intermediate,protein + fiber + hydration,"sleep, hydration, mobility, symptom check",v0.1-safe-seed-2026-06-11
PL0035-D024,PL0035,24,4,true,upper_lower_split,"upper_lower_split session with warm-up, main work, and cool-down",45,walking;general_adult;intermediate,protein + fiber + hydration,"sleep, hydration, mobility, symptom check",v0.1-safe-seed-2026-06-11
PL0035-D025,PL0035,25,4,true,skill_practice,"skill_practice session with warm-up, main work, and cool-down",45,walking;general_adult;intermediate,protein + fiber + hydration,"sleep, hydration, mobility, symptom check",v0.1-safe-seed-2026-06-11
PL0035-D026,PL0035,26,4,false,recovery,walk + mobility + hydration check,15,walking;general_adult;intermediate,protein + fiber + hydration,"sleep, hydration, mobility, symptom check",v0.1-safe-seed-2026-06-11
PL0035-D027,PL0035,27,4,false,recovery,walk + mobility + hydration check,15,walking;general_adult;intermediate,protein + fiber + hydration,"sleep, hydration, mobility, symptom check",v0.1-safe-seed-2026-06-11
PL0035-D028,PL0035,28,4,false,recovery,walk + mobility + hydration check,15,walking;general_adult;intermediate,protein + fiber + hydration,"sleep, hydration, mobility, symptom check",v0.1-safe-seed-2026-06-11
PL0036-D001,PL0036,1,1,true,full_body_strength,"full_body_strength session with warm-up, main work, and cool-down",45,walking;general_adult;advanced,protein + fiber + hydration,"sleep, hydration, mobility, symptom check",v0.1-safe-seed-2026-06-11
PL0036-D002,PL0036,2,1,true,cardio_endurance,"cardio_endurance session with warm-up, main work, and cool-down",45,walking;general_adult;advanced,protein + fiber + hydration,"sleep, hydration, mobility, symptom check",v0.1-safe-seed-2026-06-11
PL0036-D003,PL0036,3,1,true,mobility_core,"mobility_core session with warm-up, main work, and cool-down",45,walking;general_adult;advanced,protein + fiber + hydration,"sleep, hydration, mobility, symptom check",v0.1-safe-seed-2026-06-11
PL0036-D004,PL0036,4,1,true,upper_lower_split,"upper_lower_split session with warm-up, main work, and cool-down",45,walking;general_adult;advanced,protein + fiber + hydration,"sleep, hydration, mobility, symptom check",v0.1-safe-seed-2026-06-11
PL0036-D005,PL0036,5,1,false,recovery,walk + mobility + hydration check,15,walking;general_adult;advanced,protein + fiber + hydration,"sleep, hydration, mobility, symptom check",v0.1-safe-seed-2026-06-11
PL0036-D006,PL0036,6,1,false,recovery,walk + mobility + hydration check,15,walking;general_adult;advanced,protein + fiber + hydration,"sleep, hydration, mobility, symptom check",v0.1-safe-seed-2026-06-11
PL0036-D007,PL0036,7,1,false,recovery,walk + mobility + hydration check,15,walking;general_adult;advanced,protein + fiber + hydration,"sleep, hydration, mobility, symptom check",v0.1-safe-seed-2026-06-11
PL0036-D008,PL0036,8,2,true,mobility_core,"mobility_core session with warm-up, main work, and cool-down",45,walking;general_adult;advanced,protein + fiber + hydration,"sleep, hydration, mobility, symptom check",v0.1-safe-seed-2026-06-11
PL0036-D009,PL0036,9,2,true,upper_lower_split,"upper_lower_split session with warm-up, main work, and cool-down",45,walking;general_adult;advanced,protein + fiber + hydration,"sleep, hydration, mobility, symptom check",v0.1-safe-seed-2026-06-11
PL0036-D010,PL0036,10,2,true,skill_practice,"skill_practice session with warm-up, main work, and cool-down",45,walking;general_adult;advanced,protein + fiber + hydration,"sleep, hydration, mobility, symptom check",v0.1-safe-seed-2026-06-11
PL0036-D011,PL0036,11,2,true,full_body_strength,"full_body_strength session with warm-up, main work, and cool-down",45,walking;general_adult;advanced,protein + fiber + hydration,"sleep, hydration, mobility, symptom check",v0.1-safe-seed-2026-06-11
PL0036-D012,PL0036,12,2,false,recovery,walk + mobility + hydration check,15,walking;general_adult;advanced,protein + fiber + hydration,"sleep, hydration, mobility, symptom check",v0.1-safe-seed-2026-06-11
PL0036-D013,PL0036,13,2,false,recovery,walk + mobility + hydration check,15,walking;general_adult;advanced,protein + fiber + hydration,"sleep, hydration, mobility, symptom check",v0.1-safe-seed-2026-06-11
PL0036-D014,PL0036,14,2,false,recovery,walk + mobility + hydration check,15,walking;general_adult;advanced,protein + fiber + hydration,"sleep, hydration, mobility, symptom check",v0.1-safe-seed-2026-06-11
PL0036-D015,PL0036,15,3,true,skill_practice,"skill_practice session with warm-up, main work, and cool-down",45,walking;general_adult;advanced,protein + fiber + hydration,"sleep, hydration, mobility, symptom check",v0.1-safe-seed-2026-06-11
PL0036-D016,PL0036,16,3,true,full_body_strength,"full_body_strength session with warm-up, main work, and cool-down",45,walking;general_adult;advanced,protein + fiber + hydration,"sleep, hydration, mobility, symptom check",v0.1-safe-seed-2026-06-11
PL0036-D017,PL0036,17,3,true,cardio_endurance,"cardio_endurance session with warm-up, main work, and cool-down",45,walking;general_adult;advanced,protein + fiber + hydration,"sleep, hydration, mobility, symptom check",v0.1-safe-seed-2026-06-11
PL0036-D018,PL0036,18,3,true,mobility_core,"mobility_core session with warm-up, main work, and cool-down",45,walking;general_adult;advanced,protein + fiber + hydration,"sleep, hydration, mobility, symptom check",v0.1-safe-seed-2026-06-11
PL0036-D019,PL0036,19,3,false,recovery,walk + mobility + hydration check,15,walking;general_adult;advanced,protein + fiber + hydration,"sleep, hydration, mobility, symptom check",v0.1-safe-seed-2026-06-11
PL0036-D020,PL0036,20,3,false,recovery,walk + mobility + hydration check,15,walking;general_adult;advanced,protein + fiber + hydration,"sleep, hydration, mobility, symptom check",v0.1-safe-seed-2026-06-11
PL0036-D021,PL0036,21,3,false,recovery,walk + mobility + hydration check,15,walking;general_adult;advanced,protein + fiber + hydration,"sleep, hydration, mobility, symptom check",v0.1-safe-seed-2026-06-11
PL0036-D022,PL0036,22,4,true,cardio_endurance,"cardio_endurance session with warm-up, main work, and cool-down",45,walking;general_adult;advanced,protein + fiber + hydration,"sleep, hydration, mobility, symptom check",v0.1-safe-seed-2026-06-11
PL0036-D023,PL0036,23,4,true,mobility_core,"mobility_core session with warm-up, main work, and cool-down",45,walking;general_adult;advanced,protein + fiber + hydration,"sleep, hydration, mobility, symptom check",v0.1-safe-seed-2026-06-11
PL0036-D024,PL0036,24,4,true,upper_lower_split,"upper_lower_split session with warm-up, main work, and cool-down",45,walking;general_adult;advanced,protein + fiber + hydration,"sleep, hydration, mobility, symptom check",v0.1-safe-seed-2026-06-11
PL0036-D025,PL0036,25,4,true,skill_practice,"skill_practice session with warm-up, main work, and cool-down",45,walking;general_adult;advanced,protein + fiber + hydration,"sleep, hydration, mobility, symptom check",v0.1-safe-seed-2026-06-11
PL0036-D026,PL0036,26,4,false,recovery,walk + mobility + hydration check,15,walking;general_adult;advanced,protein + fiber + hydration,"sleep, hydration, mobility, symptom check",v0.1-safe-seed-2026-06-11
PL0036-D027,PL0036,27,4,false,recovery,walk + mobility + hydration check,15,walking;general_adult;advanced,protein + fiber + hydration,"sleep, hydration, mobility, symptom check",v0.1-safe-seed-2026-06-11
PL0036-D028,PL0036,28,4,false,recovery,walk + mobility + hydration check,15,walking;general_adult;advanced,protein + fiber + hydration,"sleep, hydration, mobility, symptom check",v0.1-safe-seed-2026-06-11
PL0037-D001,PL0037,1,1,true,full_body_strength,"full_body_strength session with warm-up, main work, and cool-down",30,cycling;general_adult;beginner,protein + fiber + hydration,"sleep, hydration, mobility, symptom check",v0.1-safe-seed-2026-06-11
PL0037-D002,PL0037,2,1,true,cardio_endurance,"cardio_endurance session with warm-up, main work, and cool-down",30,cycling;general_adult;beginner,protein + fiber + hydration,"sleep, hydration, mobility, symptom check",v0.1-safe-seed-2026-06-11
PL0037-D003,PL0037,3,1,true,mobility_core,"mobility_core session with warm-up, main work, and cool-down",30,cycling;general_adult;beginner,protein + fiber + hydration,"sleep, hydration, mobility, symptom check",v0.1-safe-seed-2026-06-11
PL0037-D004,PL0037,4,1,true,upper_lower_split,"upper_lower_split session with warm-up, main work, and cool-down",30,cycling;general_adult;beginner,protein + fiber + hydration,"sleep, hydration, mobility, symptom check",v0.1-safe-seed-2026-06-11
PL0037-D005,PL0037,5,1,false,recovery,walk + mobility + hydration check,15,cycling;general_adult;beginner,protein + fiber + hydration,"sleep, hydration, mobility, symptom check",v0.1-safe-seed-2026-06-11
PL0037-D006,PL0037,6,1,false,recovery,walk + mobility + hydration check,15,cycling;general_adult;beginner,protein + fiber + hydration,"sleep, hydration, mobility, symptom check",v0.1-safe-seed-2026-06-11
PL0037-D007,PL0037,7,1,false,recovery,walk + mobility + hydration check,15,cycling;general_adult;beginner,protein + fiber + hydration,"sleep, hydration, mobility, symptom check",v0.1-safe-seed-2026-06-11
PL0037-D008,PL0037,8,2,true,mobility_core,"mobility_core session with warm-up, main work, and cool-down",30,cycling;general_adult;beginner,protein + fiber + hydration,"sleep, hydration, mobility, symptom check",v0.1-safe-seed-2026-06-11
PL0037-D009,PL0037,9,2,true,upper_lower_split,"upper_lower_split session with warm-up, main work, and cool-down",30,cycling;general_adult;beginner,protein + fiber + hydration,"sleep, hydration, mobility, symptom check",v0.1-safe-seed-2026-06-11
PL0037-D010,PL0037,10,2,true,skill_practice,"skill_practice session with warm-up, main work, and cool-down",30,cycling;general_adult;beginner,protein + fiber + hydration,"sleep, hydration, mobility, symptom check",v0.1-safe-seed-2026-06-11
PL0037-D011,PL0037,11,2,true,full_body_strength,"full_body_strength session with warm-up, main work, and cool-down",30,cycling;general_adult;beginner,protein + fiber + hydration,"sleep, hydration, mobility, symptom check",v0.1-safe-seed-2026-06-11
PL0037-D012,PL0037,12,2,false,recovery,walk + mobility + hydration check,15,cycling;general_adult;beginner,protein + fiber + hydration,"sleep, hydration, mobility, symptom check",v0.1-safe-seed-2026-06-11
PL0037-D013,PL0037,13,2,false,recovery,walk + mobility + hydration check,15,cycling;general_adult;beginner,protein + fiber + hydration,"sleep, hydration, mobility, symptom check",v0.1-safe-seed-2026-06-11
PL0037-D014,PL0037,14,2,false,recovery,walk + mobility + hydration check,15,cycling;general_adult;beginner,protein + fiber + hydration,"sleep, hydration, mobility, symptom check",v0.1-safe-seed-2026-06-11
PL0037-D015,PL0037,15,3,true,skill_practice,"skill_practice session with warm-up, main work, and cool-down",30,cycling;general_adult;beginner,protein + fiber + hydration,"sleep, hydration, mobility, symptom check",v0.1-safe-seed-2026-06-11
PL0037-D016,PL0037,16,3,true,full_body_strength,"full_body_strength session with warm-up, main work, and cool-down",30,cycling;general_adult;beginner,protein + fiber + hydration,"sleep, hydration, mobility, symptom check",v0.1-safe-seed-2026-06-11
PL0037-D017,PL0037,17,3,true,cardio_endurance,"cardio_endurance session with warm-up, main work, and cool-down",30,cycling;general_adult;beginner,protein + fiber + hydration,"sleep, hydration, mobility, symptom check",v0.1-safe-seed-2026-06-11
PL0037-D018,PL0037,18,3,true,mobility_core,"mobility_core session with warm-up, main work, and cool-down",30,cycling;general_adult;beginner,protein + fiber + hydration,"sleep, hydration, mobility, symptom check",v0.1-safe-seed-2026-06-11
PL0037-D019,PL0037,19,3,false,recovery,walk + mobility + hydration check,15,cycling;general_adult;beginner,protein + fiber + hydration,"sleep, hydration, mobility, symptom check",v0.1-safe-seed-2026-06-11
PL0037-D020,PL0037,20,3,false,recovery,walk + mobility + hydration check,15,cycling;general_adult;beginner,protein + fiber + hydration,"sleep, hydration, mobility, symptom check",v0.1-safe-seed-2026-06-11
PL0037-D021,PL0037,21,3,false,recovery,walk + mobility + hydration check,15,cycling;general_adult;beginner,protein + fiber + hydration,"sleep, hydration, mobility, symptom check",v0.1-safe-seed-2026-06-11
PL0037-D022,PL0037,22,4,true,cardio_endurance,"cardio_endurance session with warm-up, main work, and cool-down",30,cycling;general_adult;beginner,protein + fiber + hydration,"sleep, hydration, mobility, symptom check",v0.1-safe-seed-2026-06-11
PL0037-D023,PL0037,23,4,true,mobility_core,"mobility_core session with warm-up, main work, and cool-down",30,cycling;general_adult;beginner,protein + fiber + hydration,"sleep, hydration, mobility, symptom check",v0.1-safe-seed-2026-06-11
PL0037-D024,PL0037,24,4,true,upper_lower_split,"upper_lower_split session with warm-up, main work, and cool-down",30,cycling;general_adult;beginner,protein + fiber + hydration,"sleep, hydration, mobility, symptom check",v0.1-safe-seed-2026-06-11
PL0037-D025,PL0037,25,4,true,skill_practice,"skill_practice session with warm-up, main work, and cool-down",30,cycling;general_adult;beginner,protein + fiber + hydration,"sleep, hydration, mobility, symptom check",v0.1-safe-seed-2026-06-11
PL0037-D026,PL0037,26,4,false,recovery,walk + mobility + hydration check,15,cycling;general_adult;beginner,protein + fiber + hydration,"sleep, hydration, mobility, symptom check",v0.1-safe-seed-2026-06-11
PL0037-D027,PL0037,27,4,false,recovery,walk + mobility + hydration check,15,cycling;general_adult;beginner,protein + fiber + hydration,"sleep, hydration, mobility, symptom check",v0.1-safe-seed-2026-06-11
PL0037-D028,PL0037,28,4,false,recovery,walk + mobility + hydration check,15,cycling;general_adult;beginner,protein + fiber + hydration,"sleep, hydration, mobility, symptom check",v0.1-safe-seed-2026-06-11
PL0038-D001,PL0038,1,1,true,full_body_strength,"full_body_strength session with warm-up, main work, and cool-down",45,cycling;general_adult;intermediate,protein + fiber + hydration,"sleep, hydration, mobility, symptom check",v0.1-safe-seed-2026-06-11
PL0038-D002,PL0038,2,1,true,cardio_endurance,"cardio_endurance session with warm-up, main work, and cool-down",45,cycling;general_adult;intermediate,protein + fiber + hydration,"sleep, hydration, mobility, symptom check",v0.1-safe-seed-2026-06-11
PL0038-D003,PL0038,3,1,true,mobility_core,"mobility_core session with warm-up, main work, and cool-down",45,cycling;general_adult;intermediate,protein + fiber + hydration,"sleep, hydration, mobility, symptom check",v0.1-safe-seed-2026-06-11
PL0038-D004,PL0038,4,1,true,upper_lower_split,"upper_lower_split session with warm-up, main work, and cool-down",45,cycling;general_adult;intermediate,protein + fiber + hydration,"sleep, hydration, mobility, symptom check",v0.1-safe-seed-2026-06-11
PL0038-D005,PL0038,5,1,false,recovery,walk + mobility + hydration check,15,cycling;general_adult;intermediate,protein + fiber + hydration,"sleep, hydration, mobility, symptom check",v0.1-safe-seed-2026-06-11
PL0038-D006,PL0038,6,1,false,recovery,walk + mobility + hydration check,15,cycling;general_adult;intermediate,protein + fiber + hydration,"sleep, hydration, mobility, symptom check",v0.1-safe-seed-2026-06-11
PL0038-D007,PL0038,7,1,false,recovery,walk + mobility + hydration check,15,cycling;general_adult;intermediate,protein + fiber + hydration,"sleep, hydration, mobility, symptom check",v0.1-safe-seed-2026-06-11
PL0038-D008,PL0038,8,2,true,mobility_core,"mobility_core session with warm-up, main work, and cool-down",45,cycling;general_adult;intermediate,protein + fiber + hydration,"sleep, hydration, mobility, symptom check",v0.1-safe-seed-2026-06-11
PL0038-D009,PL0038,9,2,true,upper_lower_split,"upper_lower_split session with warm-up, main work, and cool-down",45,cycling;general_adult;intermediate,protein + fiber + hydration,"sleep, hydration, mobility, symptom check",v0.1-safe-seed-2026-06-11
PL0038-D010,PL0038,10,2,true,skill_practice,"skill_practice session with warm-up, main work, and cool-down",45,cycling;general_adult;intermediate,protein + fiber + hydration,"sleep, hydration, mobility, symptom check",v0.1-safe-seed-2026-06-11
PL0038-D011,PL0038,11,2,true,full_body_strength,"full_body_strength session with warm-up, main work, and cool-down",45,cycling;general_adult;intermediate,protein + fiber + hydration,"sleep, hydration, mobility, symptom check",v0.1-safe-seed-2026-06-11
PL0038-D012,PL0038,12,2,false,recovery,walk + mobility + hydration check,15,cycling;general_adult;intermediate,protein + fiber + hydration,"sleep, hydration, mobility, symptom check",v0.1-safe-seed-2026-06-11
PL0038-D013,PL0038,13,2,false,recovery,walk + mobility + hydration check,15,cycling;general_adult;intermediate,protein + fiber + hydration,"sleep, hydration, mobility, symptom check",v0.1-safe-seed-2026-06-11
PL0038-D014,PL0038,14,2,false,recovery,walk + mobility + hydration check,15,cycling;general_adult;intermediate,protein + fiber + hydration,"sleep, hydration, mobility, symptom check",v0.1-safe-seed-2026-06-11
PL0038-D015,PL0038,15,3,true,skill_practice,"skill_practice session with warm-up, main work, and cool-down",45,cycling;general_adult;intermediate,protein + fiber + hydration,"sleep, hydration, mobility, symptom check",v0.1-safe-seed-2026-06-11
PL0038-D016,PL0038,16,3,true,full_body_strength,"full_body_strength session with warm-up, main work, and cool-down",45,cycling;general_adult;intermediate,protein + fiber + hydration,"sleep, hydration, mobility, symptom check",v0.1-safe-seed-2026-06-11
PL0038-D017,PL0038,17,3,true,cardio_endurance,"cardio_endurance session with warm-up, main work, and cool-down",45,cycling;general_adult;intermediate,protein + fiber + hydration,"sleep, hydration, mobility, symptom check",v0.1-safe-seed-2026-06-11
PL0038-D018,PL0038,18,3,true,mobility_core,"mobility_core session with warm-up, main work, and cool-down",45,cycling;general_adult;intermediate,protein + fiber + hydration,"sleep, hydration, mobility, symptom check",v0.1-safe-seed-2026-06-11
PL0038-D019,PL0038,19,3,false,recovery,walk + mobility + hydration check,15,cycling;general_adult;intermediate,protein + fiber + hydration,"sleep, hydration, mobility, symptom check",v0.1-safe-seed-2026-06-11
PL0038-D020,PL0038,20,3,false,recovery,walk + mobility + hydration check,15,cycling;general_adult;intermediate,protein + fiber + hydration,"sleep, hydration, mobility, symptom check",v0.1-safe-seed-2026-06-11
PL0038-D021,PL0038,21,3,false,recovery,walk + mobility + hydration check,15,cycling;general_adult;intermediate,protein + fiber + hydration,"sleep, hydration, mobility, symptom check",v0.1-safe-seed-2026-06-11
PL0038-D022,PL0038,22,4,true,cardio_endurance,"cardio_endurance session with warm-up, main work, and cool-down",45,cycling;general_adult;intermediate,protein + fiber + hydration,"sleep, hydration, mobility, symptom check",v0.1-safe-seed-2026-06-11
PL0038-D023,PL0038,23,4,true,mobility_core,"mobility_core session with warm-up, main work, and cool-down",45,cycling;general_adult;intermediate,protein + fiber + hydration,"sleep, hydration, mobility, symptom check",v0.1-safe-seed-2026-06-11
PL0038-D024,PL0038,24,4,true,upper_lower_split,"upper_lower_split session with warm-up, main work, and cool-down",45,cycling;general_adult;intermediate,protein + fiber + hydration,"sleep, hydration, mobility, symptom check",v0.1-safe-seed-2026-06-11
PL0038-D025,PL0038,25,4,true,skill_practice,"skill_practice session with warm-up, main work, and cool-down",45,cycling;general_adult;intermediate,protein + fiber + hydration,"sleep, hydration, mobility, symptom check",v0.1-safe-seed-2026-06-11
PL0038-D026,PL0038,26,4,false,recovery,walk + mobility + hydration check,15,cycling;general_adult;intermediate,protein + fiber + hydration,"sleep, hydration, mobility, symptom check",v0.1-safe-seed-2026-06-11
PL0038-D027,PL0038,27,4,false,recovery,walk + mobility + hydration check,15,cycling;general_adult;intermediate,protein + fiber + hydration,"sleep, hydration, mobility, symptom check",v0.1-safe-seed-2026-06-11
PL0038-D028,PL0038,28,4,false,recovery,walk + mobility + hydration check,15,cycling;general_adult;intermediate,protein + fiber + hydration,"sleep, hydration, mobility, symptom check",v0.1-safe-seed-2026-06-11
PL0039-D001,PL0039,1,1,true,full_body_strength,"full_body_strength session with warm-up, main work, and cool-down",45,cycling;general_adult;advanced,protein + fiber + hydration,"sleep, hydration, mobility, symptom check",v0.1-safe-seed-2026-06-11
PL0039-D002,PL0039,2,1,true,cardio_endurance,"cardio_endurance session with warm-up, main work, and cool-down",45,cycling;general_adult;advanced,protein + fiber + hydration,"sleep, hydration, mobility, symptom check",v0.1-safe-seed-2026-06-11
PL0039-D003,PL0039,3,1,true,mobility_core,"mobility_core session with warm-up, main work, and cool-down",45,cycling;general_adult;advanced,protein + fiber + hydration,"sleep, hydration, mobility, symptom check",v0.1-safe-seed-2026-06-11
PL0039-D004,PL0039,4,1,true,upper_lower_split,"upper_lower_split session with warm-up, main work, and cool-down",45,cycling;general_adult;advanced,protein + fiber + hydration,"sleep, hydration, mobility, symptom check",v0.1-safe-seed-2026-06-11
PL0039-D005,PL0039,5,1,false,recovery,walk + mobility + hydration check,15,cycling;general_adult;advanced,protein + fiber + hydration,"sleep, hydration, mobility, symptom check",v0.1-safe-seed-2026-06-11
PL0039-D006,PL0039,6,1,false,recovery,walk + mobility + hydration check,15,cycling;general_adult;advanced,protein + fiber + hydration,"sleep, hydration, mobility, symptom check",v0.1-safe-seed-2026-06-11
PL0039-D007,PL0039,7,1,false,recovery,walk + mobility + hydration check,15,cycling;general_adult;advanced,protein + fiber + hydration,"sleep, hydration, mobility, symptom check",v0.1-safe-seed-2026-06-11
PL0039-D008,PL0039,8,2,true,mobility_core,"mobility_core session with warm-up, main work, and cool-down",45,cycling;general_adult;advanced,protein + fiber + hydration,"sleep, hydration, mobility, symptom check",v0.1-safe-seed-2026-06-11
PL0039-D009,PL0039,9,2,true,upper_lower_split,"upper_lower_split session with warm-up, main work, and cool-down",45,cycling;general_adult;advanced,protein + fiber + hydration,"sleep, hydration, mobility, symptom check",v0.1-safe-seed-2026-06-11
PL0039-D010,PL0039,10,2,true,skill_practice,"skill_practice session with warm-up, main work, and cool-down",45,cycling;general_adult;advanced,protein + fiber + hydration,"sleep, hydration, mobility, symptom check",v0.1-safe-seed-2026-06-11
PL0039-D011,PL0039,11,2,true,full_body_strength,"full_body_strength session with warm-up, main work, and cool-down",45,cycling;general_adult;advanced,protein + fiber + hydration,"sleep, hydration, mobility, symptom check",v0.1-safe-seed-2026-06-11
PL0039-D012,PL0039,12,2,false,recovery,walk + mobility + hydration check,15,cycling;general_adult;advanced,protein + fiber + hydration,"sleep, hydration, mobility, symptom check",v0.1-safe-seed-2026-06-11
PL0039-D013,PL0039,13,2,false,recovery,walk + mobility + hydration check,15,cycling;general_adult;advanced,protein + fiber + hydration,"sleep, hydration, mobility, symptom check",v0.1-safe-seed-2026-06-11
PL0039-D014,PL0039,14,2,false,recovery,walk + mobility + hydration check,15,cycling;general_adult;advanced,protein + fiber + hydration,"sleep, hydration, mobility, symptom check",v0.1-safe-seed-2026-06-11
PL0039-D015,PL0039,15,3,true,skill_practice,"skill_practice session with warm-up, main work, and cool-down",45,cycling;general_adult;advanced,protein + fiber + hydration,"sleep, hydration, mobility, symptom check",v0.1-safe-seed-2026-06-11
PL0039-D016,PL0039,16,3,true,full_body_strength,"full_body_strength session with warm-up, main work, and cool-down",45,cycling;general_adult;advanced,protein + fiber + hydration,"sleep, hydration, mobility, symptom check",v0.1-safe-seed-2026-06-11
PL0039-D017,PL0039,17,3,true,cardio_endurance,"cardio_endurance session with warm-up, main work, and cool-down",45,cycling;general_adult;advanced,protein + fiber + hydration,"sleep, hydration, mobility, symptom check",v0.1-safe-seed-2026-06-11
PL0039-D018,PL0039,18,3,true,mobility_core,"mobility_core session with warm-up, main work, and cool-down",45,cycling;general_adult;advanced,protein + fiber + hydration,"sleep, hydration, mobility, symptom check",v0.1-safe-seed-2026-06-11
PL0039-D019,PL0039,19,3,false,recovery,walk + mobility + hydration check,15,cycling;general_adult;advanced,protein + fiber + hydration,"sleep, hydration, mobility, symptom check",v0.1-safe-seed-2026-06-11
PL0039-D020,PL0039,20,3,false,recovery,walk + mobility + hydration check,15,cycling;general_adult;advanced,protein + fiber + hydration,"sleep, hydration, mobility, symptom check",v0.1-safe-seed-2026-06-11
PL0039-D021,PL0039,21,3,false,recovery,walk + mobility + hydration check,15,cycling;general_adult;advanced,protein + fiber + hydration,"sleep, hydration, mobility, symptom check",v0.1-safe-seed-2026-06-11
PL0039-D022,PL0039,22,4,true,cardio_endurance,"cardio_endurance session with warm-up, main work, and cool-down",45,cycling;general_adult;advanced,protein + fiber + hydration,"sleep, hydration, mobility, symptom check",v0.1-safe-seed-2026-06-11
PL0039-D023,PL0039,23,4,true,mobility_core,"mobility_core session with warm-up, main work, and cool-down",45,cycling;general_adult;advanced,protein + fiber + hydration,"sleep, hydration, mobility, symptom check",v0.1-safe-seed-2026-06-11
PL0039-D024,PL0039,24,4,true,upper_lower_split,"upper_lower_split session with warm-up, main work, and cool-down",45,cycling;general_adult;advanced,protein + fiber + hydration,"sleep, hydration, mobility, symptom check",v0.1-safe-seed-2026-06-11
PL0039-D025,PL0039,25,4,true,skill_practice,"skill_practice session with warm-up, main work, and cool-down",45,cycling;general_adult;advanced,protein + fiber + hydration,"sleep, hydration, mobility, symptom check",v0.1-safe-seed-2026-06-11
PL0039-D026,PL0039,26,4,false,recovery,walk + mobility + hydration check,15,cycling;general_adult;advanced,protein + fiber + hydration,"sleep, hydration, mobility, symptom check",v0.1-safe-seed-2026-06-11
PL0039-D027,PL0039,27,4,false,recovery,walk + mobility + hydration check,15,cycling;general_adult;advanced,protein + fiber + hydration,"sleep, hydration, mobility, symptom check",v0.1-safe-seed-2026-06-11
PL0039-D028,PL0039,28,4,false,recovery,walk + mobility + hydration check,15,cycling;general_adult;advanced,protein + fiber + hydration,"sleep, hydration, mobility, symptom check",v0.1-safe-seed-2026-06-11
PL0040-D001,PL0040,1,1,true,full_body_strength,"full_body_strength session with warm-up, main work, and cool-down",30,home_strength;general_adult;beginner,protein + fiber + hydration,"sleep, hydration, mobility, symptom check",v0.1-safe-seed-2026-06-11
PL0040-D002,PL0040,2,1,true,cardio_endurance,"cardio_endurance session with warm-up, main work, and cool-down",30,home_strength;general_adult;beginner,protein + fiber + hydration,"sleep, hydration, mobility, symptom check",v0.1-safe-seed-2026-06-11
PL0040-D003,PL0040,3,1,true,mobility_core,"mobility_core session with warm-up, main work, and cool-down",30,home_strength;general_adult;beginner,protein + fiber + hydration,"sleep, hydration, mobility, symptom check",v0.1-safe-seed-2026-06-11
PL0040-D004,PL0040,4,1,true,upper_lower_split,"upper_lower_split session with warm-up, main work, and cool-down",30,home_strength;general_adult;beginner,protein + fiber + hydration,"sleep, hydration, mobility, symptom check",v0.1-safe-seed-2026-06-11
PL0040-D005,PL0040,5,1,false,recovery,walk + mobility + hydration check,15,home_strength;general_adult;beginner,protein + fiber + hydration,"sleep, hydration, mobility, symptom check",v0.1-safe-seed-2026-06-11
PL0040-D006,PL0040,6,1,false,recovery,walk + mobility + hydration check,15,home_strength;general_adult;beginner,protein + fiber + hydration,"sleep, hydration, mobility, symptom check",v0.1-safe-seed-2026-06-11
PL0040-D007,PL0040,7,1,false,recovery,walk + mobility + hydration check,15,home_strength;general_adult;beginner,protein + fiber + hydration,"sleep, hydration, mobility, symptom check",v0.1-safe-seed-2026-06-11
PL0040-D008,PL0040,8,2,true,mobility_core,"mobility_core session with warm-up, main work, and cool-down",30,home_strength;general_adult;beginner,protein + fiber + hydration,"sleep, hydration, mobility, symptom check",v0.1-safe-seed-2026-06-11
PL0040-D009,PL0040,9,2,true,upper_lower_split,"upper_lower_split session with warm-up, main work, and cool-down",30,home_strength;general_adult;beginner,protein + fiber + hydration,"sleep, hydration, mobility, symptom check",v0.1-safe-seed-2026-06-11
PL0040-D010,PL0040,10,2,true,skill_practice,"skill_practice session with warm-up, main work, and cool-down",30,home_strength;general_adult;beginner,protein + fiber + hydration,"sleep, hydration, mobility, symptom check",v0.1-safe-seed-2026-06-11
PL0040-D011,PL0040,11,2,true,full_body_strength,"full_body_strength session with warm-up, main work, and cool-down",30,home_strength;general_adult;beginner,protein + fiber + hydration,"sleep, hydration, mobility, symptom check",v0.1-safe-seed-2026-06-11
PL0040-D012,PL0040,12,2,false,recovery,walk + mobility + hydration check,15,home_strength;general_adult;beginner,protein + fiber + hydration,"sleep, hydration, mobility, symptom check",v0.1-safe-seed-2026-06-11
PL0040-D013,PL0040,13,2,false,recovery,walk + mobility + hydration check,15,home_strength;general_adult;beginner,protein + fiber + hydration,"sleep, hydration, mobility, symptom check",v0.1-safe-seed-2026-06-11
PL0040-D014,PL0040,14,2,false,recovery,walk + mobility + hydration check,15,home_strength;general_adult;beginner,protein + fiber + hydration,"sleep, hydration, mobility, symptom check",v0.1-safe-seed-2026-06-11
PL0040-D015,PL0040,15,3,true,skill_practice,"skill_practice session with warm-up, main work, and cool-down",30,home_strength;general_adult;beginner,protein + fiber + hydration,"sleep, hydration, mobility, symptom check",v0.1-safe-seed-2026-06-11
PL0040-D016,PL0040,16,3,true,full_body_strength,"full_body_strength session with warm-up, main work, and cool-down",30,home_strength;general_adult;beginner,protein + fiber + hydration,"sleep, hydration, mobility, symptom check",v0.1-safe-seed-2026-06-11
PL0040-D017,PL0040,17,3,true,cardio_endurance,"cardio_endurance session with warm-up, main work, and cool-down",30,home_strength;general_adult;beginner,protein + fiber + hydration,"sleep, hydration, mobility, symptom check",v0.1-safe-seed-2026-06-11
PL0040-D018,PL0040,18,3,true,mobility_core,"mobility_core session with warm-up, main work, and cool-down",30,home_strength;general_adult;beginner,protein + fiber + hydration,"sleep, hydration, mobility, symptom check",v0.1-safe-seed-2026-06-11
PL0040-D019,PL0040,19,3,false,recovery,walk + mobility + hydration check,15,home_strength;general_adult;beginner,protein + fiber + hydration,"sleep, hydration, mobility, symptom check",v0.1-safe-seed-2026-06-11
PL0040-D020,PL0040,20,3,false,recovery,walk + mobility + hydration check,15,home_strength;general_adult;beginner,protein + fiber + hydration,"sleep, hydration, mobility, symptom check",v0.1-safe-seed-2026-06-11
PL0040-D021,PL0040,21,3,false,recovery,walk + mobility + hydration check,15,home_strength;general_adult;beginner,protein + fiber + hydration,"sleep, hydration, mobility, symptom check",v0.1-safe-seed-2026-06-11
PL0040-D022,PL0040,22,4,true,cardio_endurance,"cardio_endurance session with warm-up, main work, and cool-down",30,home_strength;general_adult;beginner,protein + fiber + hydration,"sleep, hydration, mobility, symptom check",v0.1-safe-seed-2026-06-11
PL0040-D023,PL0040,23,4,true,mobility_core,"mobility_core session with warm-up, main work, and cool-down",30,home_strength;general_adult;beginner,protein + fiber + hydration,"sleep, hydration, mobility, symptom check",v0.1-safe-seed-2026-06-11
PL0040-D024,PL0040,24,4,true,upper_lower_split,"upper_lower_split session with warm-up, main work, and cool-down",30,home_strength;general_adult;beginner,protein + fiber + hydration,"sleep, hydration, mobility, symptom check",v0.1-safe-seed-2026-06-11
PL0040-D025,PL0040,25,4,true,skill_practice,"skill_practice session with warm-up, main work, and cool-down",30,home_strength;general_adult;beginner,protein + fiber + hydration,"sleep, hydration, mobility, symptom check",v0.1-safe-seed-2026-06-11
PL0040-D026,PL0040,26,4,false,recovery,walk + mobility + hydration check,15,home_strength;general_adult;beginner,protein + fiber + hydration,"sleep, hydration, mobility, symptom check",v0.1-safe-seed-2026-06-11
PL0040-D027,PL0040,27,4,false,recovery,walk + mobility + hydration check,15,home_strength;general_adult;beginner,protein + fiber + hydration,"sleep, hydration, mobility, symptom check",v0.1-safe-seed-2026-06-11
PL0040-D028,PL0040,28,4,false,recovery,walk + mobility + hydration check,15,home_strength;general_adult;beginner,protein + fiber + hydration,"sleep, hydration, mobility, symptom check",v0.1-safe-seed-2026-06-11
PL0041-D001,PL0041,1,1,true,full_body_strength,"full_body_strength session with warm-up, main work, and cool-down",45,home_strength;general_adult;intermediate,protein + fiber + hydration,"sleep, hydration, mobility, symptom check",v0.1-safe-seed-2026-06-11
PL0041-D002,PL0041,2,1,true,cardio_endurance,"cardio_endurance session with warm-up, main work, and cool-down",45,home_strength;general_adult;intermediate,protein + fiber + hydration,"sleep, hydration, mobility, symptom check",v0.1-safe-seed-2026-06-11
PL0041-D003,PL0041,3,1,true,mobility_core,"mobility_core session with warm-up, main work, and cool-down",45,home_strength;general_adult;intermediate,protein + fiber + hydration,"sleep, hydration, mobility, symptom check",v0.1-safe-seed-2026-06-11
PL0041-D004,PL0041,4,1,true,upper_lower_split,"upper_lower_split session with warm-up, main work, and cool-down",45,home_strength;general_adult;intermediate,protein + fiber + hydration,"sleep, hydration, mobility, symptom check",v0.1-safe-seed-2026-06-11
PL0041-D005,PL0041,5,1,false,recovery,walk + mobility + hydration check,15,home_strength;general_adult;intermediate,protein + fiber + hydration,"sleep, hydration, mobility, symptom check",v0.1-safe-seed-2026-06-11
PL0041-D006,PL0041,6,1,false,recovery,walk + mobility + hydration check,15,home_strength;general_adult;intermediate,protein + fiber + hydration,"sleep, hydration, mobility, symptom check",v0.1-safe-seed-2026-06-11
PL0041-D007,PL0041,7,1,false,recovery,walk + mobility + hydration check,15,home_strength;general_adult;intermediate,protein + fiber + hydration,"sleep, hydration, mobility, symptom check",v0.1-safe-seed-2026-06-11
PL0041-D008,PL0041,8,2,true,mobility_core,"mobility_core session with warm-up, main work, and cool-down",45,home_strength;general_adult;intermediate,protein + fiber + hydration,"sleep, hydration, mobility, symptom check",v0.1-safe-seed-2026-06-11
PL0041-D009,PL0041,9,2,true,upper_lower_split,"upper_lower_split session with warm-up, main work, and cool-down",45,home_strength;general_adult;intermediate,protein + fiber + hydration,"sleep, hydration, mobility, symptom check",v0.1-safe-seed-2026-06-11
PL0041-D010,PL0041,10,2,true,skill_practice,"skill_practice session with warm-up, main work, and cool-down",45,home_strength;general_adult;intermediate,protein + fiber + hydration,"sleep, hydration, mobility, symptom check",v0.1-safe-seed-2026-06-11
PL0041-D011,PL0041,11,2,true,full_body_strength,"full_body_strength session with warm-up, main work, and cool-down",45,home_strength;general_adult;intermediate,protein + fiber + hydration,"sleep, hydration, mobility, symptom check",v0.1-safe-seed-2026-06-11
PL0041-D012,PL0041,12,2,false,recovery,walk + mobility + hydration check,15,home_strength;general_adult;intermediate,protein + fiber + hydration,"sleep, hydration, mobility, symptom check",v0.1-safe-seed-2026-06-11
PL0041-D013,PL0041,13,2,false,recovery,walk + mobility + hydration check,15,home_strength;general_adult;intermediate,protein + fiber + hydration,"sleep, hydration, mobility, symptom check",v0.1-safe-seed-2026-06-11
PL0041-D014,PL0041,14,2,false,recovery,walk + mobility + hydration check,15,home_strength;general_adult;intermediate,protein + fiber + hydration,"sleep, hydration, mobility, symptom check",v0.1-safe-seed-2026-06-11
PL0041-D015,PL0041,15,3,true,skill_practice,"skill_practice session with warm-up, main work, and cool-down",45,home_strength;general_adult;intermediate,protein + fiber + hydration,"sleep, hydration, mobility, symptom check",v0.1-safe-seed-2026-06-11
PL0041-D016,PL0041,16,3,true,full_body_strength,"full_body_strength session with warm-up, main work, and cool-down",45,home_strength;general_adult;intermediate,protein + fiber + hydration,"sleep, hydration, mobility, symptom check",v0.1-safe-seed-2026-06-11
PL0041-D017,PL0041,17,3,true,cardio_endurance,"cardio_endurance session with warm-up, main work, and cool-down",45,home_strength;general_adult;intermediate,protein + fiber + hydration,"sleep, hydration, mobility, symptom check",v0.1-safe-seed-2026-06-11
PL0041-D018,PL0041,18,3,true,mobility_core,"mobility_core session with warm-up, main work, and cool-down",45,home_strength;general_adult;intermediate,protein + fiber + hydration,"sleep, hydration, mobility, symptom check",v0.1-safe-seed-2026-06-11
PL0041-D019,PL0041,19,3,false,recovery,walk + mobility + hydration check,15,home_strength;general_adult;intermediate,protein + fiber + hydration,"sleep, hydration, mobility, symptom check",v0.1-safe-seed-2026-06-11
PL0041-D020,PL0041,20,3,false,recovery,walk + mobility + hydration check,15,home_strength;general_adult;intermediate,protein + fiber + hydration,"sleep, hydration, mobility, symptom check",v0.1-safe-seed-2026-06-11
PL0041-D021,PL0041,21,3,false,recovery,walk + mobility + hydration check,15,home_strength;general_adult;intermediate,protein + fiber + hydration,"sleep, hydration, mobility, symptom check",v0.1-safe-seed-2026-06-11
PL0041-D022,PL0041,22,4,true,cardio_endurance,"cardio_endurance session with warm-up, main work, and cool-down",45,home_strength;general_adult;intermediate,protein + fiber + hydration,"sleep, hydration, mobility, symptom check",v0.1-safe-seed-2026-06-11
PL0041-D023,PL0041,23,4,true,mobility_core,"mobility_core session with warm-up, main work, and cool-down",45,home_strength;general_adult;intermediate,protein + fiber + hydration,"sleep, hydration, mobility, symptom check",v0.1-safe-seed-2026-06-11
PL0041-D024,PL0041,24,4,true,upper_lower_split,"upper_lower_split session with warm-up, main work, and cool-down",45,home_strength;general_adult;intermediate,protein + fiber + hydration,"sleep, hydration, mobility, symptom check",v0.1-safe-seed-2026-06-11
PL0041-D025,PL0041,25,4,true,skill_practice,"skill_practice session with warm-up, main work, and cool-down",45,home_strength;general_adult;intermediate,protein + fiber + hydration,"sleep, hydration, mobility, symptom check",v0.1-safe-seed-2026-06-11
PL0041-D026,PL0041,26,4,false,recovery,walk + mobility + hydration check,15,home_strength;general_adult;intermediate,protein + fiber + hydration,"sleep, hydration, mobility, symptom check",v0.1-safe-seed-2026-06-11
PL0041-D027,PL0041,27,4,false,recovery,walk + mobility + hydration check,15,home_strength;general_adult;intermediate,protein + fiber + hydration,"sleep, hydration, mobility, symptom check",v0.1-safe-seed-2026-06-11
PL0041-D028,PL0041,28,4,false,recovery,walk + mobility + hydration check,15,home_strength;general_adult;intermediate,protein + fiber + hydration,"sleep, hydration, mobility, symptom check",v0.1-safe-seed-2026-06-11
PL0042-D001,PL0042,1,1,true,full_body_strength,"full_body_strength session with warm-up, main work, and cool-down",45,home_strength;general_adult;advanced,protein + fiber + hydration,"sleep, hydration, mobility, symptom check",v0.1-safe-seed-2026-06-11
PL0042-D002,PL0042,2,1,true,cardio_endurance,"cardio_endurance session with warm-up, main work, and cool-down",45,home_strength;general_adult;advanced,protein + fiber + hydration,"sleep, hydration, mobility, symptom check",v0.1-safe-seed-2026-06-11
PL0042-D003,PL0042,3,1,true,mobility_core,"mobility_core session with warm-up, main work, and cool-down",45,home_strength;general_adult;advanced,protein + fiber + hydration,"sleep, hydration, mobility, symptom check",v0.1-safe-seed-2026-06-11
PL0042-D004,PL0042,4,1,true,upper_lower_split,"upper_lower_split session with warm-up, main work, and cool-down",45,home_strength;general_adult;advanced,protein + fiber + hydration,"sleep, hydration, mobility, symptom check",v0.1-safe-seed-2026-06-11
PL0042-D005,PL0042,5,1,false,recovery,walk + mobility + hydration check,15,home_strength;general_adult;advanced,protein + fiber + hydration,"sleep, hydration, mobility, symptom check",v0.1-safe-seed-2026-06-11
PL0042-D006,PL0042,6,1,false,recovery,walk + mobility + hydration check,15,home_strength;general_adult;advanced,protein + fiber + hydration,"sleep, hydration, mobility, symptom check",v0.1-safe-seed-2026-06-11
PL0042-D007,PL0042,7,1,false,recovery,walk + mobility + hydration check,15,home_strength;general_adult;advanced,protein + fiber + hydration,"sleep, hydration, mobility, symptom check",v0.1-safe-seed-2026-06-11
PL0042-D008,PL0042,8,2,true,mobility_core,"mobility_core session with warm-up, main work, and cool-down",45,home_strength;general_adult;advanced,protein + fiber + hydration,"sleep, hydration, mobility, symptom check",v0.1-safe-seed-2026-06-11
PL0042-D009,PL0042,9,2,true,upper_lower_split,"upper_lower_split session with warm-up, main work, and cool-down",45,home_strength;general_adult;advanced,protein + fiber + hydration,"sleep, hydration, mobility, symptom check",v0.1-safe-seed-2026-06-11
PL0042-D010,PL0042,10,2,true,skill_practice,"skill_practice session with warm-up, main work, and cool-down",45,home_strength;general_adult;advanced,protein + fiber + hydration,"sleep, hydration, mobility, symptom check",v0.1-safe-seed-2026-06-11
PL0042-D011,PL0042,11,2,true,full_body_strength,"full_body_strength session with warm-up, main work, and cool-down",45,home_strength;general_adult;advanced,protein + fiber + hydration,"sleep, hydration, mobility, symptom check",v0.1-safe-seed-2026-06-11
PL0042-D012,PL0042,12,2,false,recovery,walk + mobility + hydration check,15,home_strength;general_adult;advanced,protein + fiber + hydration,"sleep, hydration, mobility, symptom check",v0.1-safe-seed-2026-06-11
PL0042-D013,PL0042,13,2,false,recovery,walk + mobility + hydration check,15,home_strength;general_adult;advanced,protein + fiber + hydration,"sleep, hydration, mobility, symptom check",v0.1-safe-seed-2026-06-11
PL0042-D014,PL0042,14,2,false,recovery,walk + mobility + hydration check,15,home_strength;general_adult;advanced,protein + fiber + hydration,"sleep, hydration, mobility, symptom check",v0.1-safe-seed-2026-06-11
PL0042-D015,PL0042,15,3,true,skill_practice,"skill_practice session with warm-up, main work, and cool-down",45,home_strength;general_adult;advanced,protein + fiber + hydration,"sleep, hydration, mobility, symptom check",v0.1-safe-seed-2026-06-11
PL0042-D016,PL0042,16,3,true,full_body_strength,"full_body_strength session with warm-up, main work, and cool-down",45,home_strength;general_adult;advanced,protein + fiber + hydration,"sleep, hydration, mobility, symptom check",v0.1-safe-seed-2026-06-11
PL0042-D017,PL0042,17,3,true,cardio_endurance,"cardio_endurance session with warm-up, main work, and cool-down",45,home_strength;general_adult;advanced,protein + fiber + hydration,"sleep, hydration, mobility, symptom check",v0.1-safe-seed-2026-06-11
PL0042-D018,PL0042,18,3,true,mobility_core,"mobility_core session with warm-up, main work, and cool-down",45,home_strength;general_adult;advanced,protein + fiber + hydration,"sleep, hydration, mobility, symptom check",v0.1-safe-seed-2026-06-11
PL0042-D019,PL0042,19,3,false,recovery,walk + mobility + hydration check,15,home_strength;general_adult;advanced,protein + fiber + hydration,"sleep, hydration, mobility, symptom check",v0.1-safe-seed-2026-06-11
PL0042-D020,PL0042,20,3,false,recovery,walk + mobility + hydration check,15,home_strength;general_adult;advanced,protein + fiber + hydration,"sleep, hydration, mobility, symptom check",v0.1-safe-seed-2026-06-11
PL0042-D021,PL0042,21,3,false,recovery,walk + mobility + hydration check,15,home_strength;general_adult;advanced,protein + fiber + hydration,"sleep, hydration, mobility, symptom check",v0.1-safe-seed-2026-06-11
PL0042-D022,PL0042,22,4,true,cardio_endurance,"cardio_endurance session with warm-up, main work, and cool-down",45,home_strength;general_adult;advanced,protein + fiber + hydration,"sleep, hydration, mobility, symptom check",v0.1-safe-seed-2026-06-11
PL0042-D023,PL0042,23,4,true,mobility_core,"mobility_core session with warm-up, main work, and cool-down",45,home_strength;general_adult;advanced,protein + fiber + hydration,"sleep, hydration, mobility, symptom check",v0.1-safe-seed-2026-06-11
PL0042-D024,PL0042,24,4,true,upper_lower_split,"upper_lower_split session with warm-up, main work, and cool-down",45,home_strength;general_adult;advanced,protein + fiber + hydration,"sleep, hydration, mobility, symptom check",v0.1-safe-seed-2026-06-11
PL0042-D025,PL0042,25,4,true,skill_practice,"skill_practice session with warm-up, main work, and cool-down",45,home_strength;general_adult;advanced,protein + fiber + hydration,"sleep, hydration, mobility, symptom check",v0.1-safe-seed-2026-06-11
PL0042-D026,PL0042,26,4,false,recovery,walk + mobility + hydration check,15,home_strength;general_adult;advanced,protein + fiber + hydration,"sleep, hydration, mobility, symptom check",v0.1-safe-seed-2026-06-11
PL0042-D027,PL0042,27,4,false,recovery,walk + mobility + hydration check,15,home_strength;general_adult;advanced,protein + fiber + hydration,"sleep, hydration, mobility, symptom check",v0.1-safe-seed-2026-06-11
PL0042-D028,PL0042,28,4,false,recovery,walk + mobility + hydration check,15,home_strength;general_adult;advanced,protein + fiber + hydration,"sleep, hydration, mobility, symptom check",v0.1-safe-seed-2026-06-11
PL0043-D001,PL0043,1,1,true,full_body_strength,"full_body_strength session with warm-up, main work, and cool-down",30,gym_strength;general_adult;beginner,protein + fiber + hydration,"sleep, hydration, mobility, symptom check",v0.1-safe-seed-2026-06-11
PL0043-D002,PL0043,2,1,true,cardio_endurance,"cardio_endurance session with warm-up, main work, and cool-down",30,gym_strength;general_adult;beginner,protein + fiber + hydration,"sleep, hydration, mobility, symptom check",v0.1-safe-seed-2026-06-11
PL0043-D003,PL0043,3,1,true,mobility_core,"mobility_core session with warm-up, main work, and cool-down",30,gym_strength;general_adult;beginner,protein + fiber + hydration,"sleep, hydration, mobility, symptom check",v0.1-safe-seed-2026-06-11
PL0043-D004,PL0043,4,1,true,upper_lower_split,"upper_lower_split session with warm-up, main work, and cool-down",30,gym_strength;general_adult;beginner,protein + fiber + hydration,"sleep, hydration, mobility, symptom check",v0.1-safe-seed-2026-06-11
PL0043-D005,PL0043,5,1,false,recovery,walk + mobility + hydration check,15,gym_strength;general_adult;beginner,protein + fiber + hydration,"sleep, hydration, mobility, symptom check",v0.1-safe-seed-2026-06-11
PL0043-D006,PL0043,6,1,false,recovery,walk + mobility + hydration check,15,gym_strength;general_adult;beginner,protein + fiber + hydration,"sleep, hydration, mobility, symptom check",v0.1-safe-seed-2026-06-11
PL0043-D007,PL0043,7,1,false,recovery,walk + mobility + hydration check,15,gym_strength;general_adult;beginner,protein + fiber + hydration,"sleep, hydration, mobility, symptom check",v0.1-safe-seed-2026-06-11
PL0043-D008,PL0043,8,2,true,mobility_core,"mobility_core session with warm-up, main work, and cool-down",30,gym_strength;general_adult;beginner,protein + fiber + hydration,"sleep, hydration, mobility, symptom check",v0.1-safe-seed-2026-06-11
PL0043-D009,PL0043,9,2,true,upper_lower_split,"upper_lower_split session with warm-up, main work, and cool-down",30,gym_strength;general_adult;beginner,protein + fiber + hydration,"sleep, hydration, mobility, symptom check",v0.1-safe-seed-2026-06-11
PL0043-D010,PL0043,10,2,true,skill_practice,"skill_practice session with warm-up, main work, and cool-down",30,gym_strength;general_adult;beginner,protein + fiber + hydration,"sleep, hydration, mobility, symptom check",v0.1-safe-seed-2026-06-11
PL0043-D011,PL0043,11,2,true,full_body_strength,"full_body_strength session with warm-up, main work, and cool-down",30,gym_strength;general_adult;beginner,protein + fiber + hydration,"sleep, hydration, mobility, symptom check",v0.1-safe-seed-2026-06-11
PL0043-D012,PL0043,12,2,false,recovery,walk + mobility + hydration check,15,gym_strength;general_adult;beginner,protein + fiber + hydration,"sleep, hydration, mobility, symptom check",v0.1-safe-seed-2026-06-11
PL0043-D013,PL0043,13,2,false,recovery,walk + mobility + hydration check,15,gym_strength;general_adult;beginner,protein + fiber + hydration,"sleep, hydration, mobility, symptom check",v0.1-safe-seed-2026-06-11
PL0043-D014,PL0043,14,2,false,recovery,walk + mobility + hydration check,15,gym_strength;general_adult;beginner,protein + fiber + hydration,"sleep, hydration, mobility, symptom check",v0.1-safe-seed-2026-06-11
PL0043-D015,PL0043,15,3,true,skill_practice,"skill_practice session with warm-up, main work, and cool-down",30,gym_strength;general_adult;beginner,protein + fiber + hydration,"sleep, hydration, mobility, symptom check",v0.1-safe-seed-2026-06-11
PL0043-D016,PL0043,16,3,true,full_body_strength,"full_body_strength session with warm-up, main work, and cool-down",30,gym_strength;general_adult;beginner,protein + fiber + hydration,"sleep, hydration, mobility, symptom check",v0.1-safe-seed-2026-06-11
PL0043-D017,PL0043,17,3,true,cardio_endurance,"cardio_endurance session with warm-up, main work, and cool-down",30,gym_strength;general_adult;beginner,protein + fiber + hydration,"sleep, hydration, mobility, symptom check",v0.1-safe-seed-2026-06-11
PL0043-D018,PL0043,18,3,true,mobility_core,"mobility_core session with warm-up, main work, and cool-down",30,gym_strength;general_adult;beginner,protein + fiber + hydration,"sleep, hydration, mobility, symptom check",v0.1-safe-seed-2026-06-11
PL0043-D019,PL0043,19,3,false,recovery,walk + mobility + hydration check,15,gym_strength;general_adult;beginner,protein + fiber + hydration,"sleep, hydration, mobility, symptom check",v0.1-safe-seed-2026-06-11
PL0043-D020,PL0043,20,3,false,recovery,walk + mobility + hydration check,15,gym_strength;general_adult;beginner,protein + fiber + hydration,"sleep, hydration, mobility, symptom check",v0.1-safe-seed-2026-06-11
PL0043-D021,PL0043,21,3,false,recovery,walk + mobility + hydration check,15,gym_strength;general_adult;beginner,protein + fiber + hydration,"sleep, hydration, mobility, symptom check",v0.1-safe-seed-2026-06-11
PL0043-D022,PL0043,22,4,true,cardio_endurance,"cardio_endurance session with warm-up, main work, and cool-down",30,gym_strength;general_adult;beginner,protein + fiber + hydration,"sleep, hydration, mobility, symptom check",v0.1-safe-seed-2026-06-11
PL0043-D023,PL0043,23,4,true,mobility_core,"mobility_core session with warm-up, main work, and cool-down",30,gym_strength;general_adult;beginner,protein + fiber + hydration,"sleep, hydration, mobility, symptom check",v0.1-safe-seed-2026-06-11
PL0043-D024,PL0043,24,4,true,upper_lower_split,"upper_lower_split session with warm-up, main work, and cool-down",30,gym_strength;general_adult;beginner,protein + fiber + hydration,"sleep, hydration, mobility, symptom check",v0.1-safe-seed-2026-06-11
PL0043-D025,PL0043,25,4,true,skill_practice,"skill_practice session with warm-up, main work, and cool-down",30,gym_strength;general_adult;beginner,protein + fiber + hydration,"sleep, hydration, mobility, symptom check",v0.1-safe-seed-2026-06-11
PL0043-D026,PL0043,26,4,false,recovery,walk + mobility + hydration check,15,gym_strength;general_adult;beginner,protein + fiber + hydration,"sleep, hydration, mobility, symptom check",v0.1-safe-seed-2026-06-11
PL0043-D027,PL0043,27,4,false,recovery,walk + mobility + hydration check,15,gym_strength;general_adult;beginner,protein + fiber + hydration,"sleep, hydration, mobility, symptom check",v0.1-safe-seed-2026-06-11
PL0043-D028,PL0043,28,4,false,recovery,walk + mobility + hydration check,15,gym_strength;general_adult;beginner,protein + fiber + hydration,"sleep, hydration, mobility, symptom check",v0.1-safe-seed-2026-06-11
PL0044-D001,PL0044,1,1,true,full_body_strength,"full_body_strength session with warm-up, main work, and cool-down",45,gym_strength;general_adult;intermediate,protein + fiber + hydration,"sleep, hydration, mobility, symptom check",v0.1-safe-seed-2026-06-11
PL0044-D002,PL0044,2,1,true,cardio_endurance,"cardio_endurance session with warm-up, main work, and cool-down",45,gym_strength;general_adult;intermediate,protein + fiber + hydration,"sleep, hydration, mobility, symptom check",v0.1-safe-seed-2026-06-11
PL0044-D003,PL0044,3,1,true,mobility_core,"mobility_core session with warm-up, main work, and cool-down",45,gym_strength;general_adult;intermediate,protein + fiber + hydration,"sleep, hydration, mobility, symptom check",v0.1-safe-seed-2026-06-11
PL0044-D004,PL0044,4,1,true,upper_lower_split,"upper_lower_split session with warm-up, main work, and cool-down",45,gym_strength;general_adult;intermediate,protein + fiber + hydration,"sleep, hydration, mobility, symptom check",v0.1-safe-seed-2026-06-11
PL0044-D005,PL0044,5,1,false,recovery,walk + mobility + hydration check,15,gym_strength;general_adult;intermediate,protein + fiber + hydration,"sleep, hydration, mobility, symptom check",v0.1-safe-seed-2026-06-11
PL0044-D006,PL0044,6,1,false,recovery,walk + mobility + hydration check,15,gym_strength;general_adult;intermediate,protein + fiber + hydration,"sleep, hydration, mobility, symptom check",v0.1-safe-seed-2026-06-11
PL0044-D007,PL0044,7,1,false,recovery,walk + mobility + hydration check,15,gym_strength;general_adult;intermediate,protein + fiber + hydration,"sleep, hydration, mobility, symptom check",v0.1-safe-seed-2026-06-11
PL0044-D008,PL0044,8,2,true,mobility_core,"mobility_core session with warm-up, main work, and cool-down",45,gym_strength;general_adult;intermediate,protein + fiber + hydration,"sleep, hydration, mobility, symptom check",v0.1-safe-seed-2026-06-11
PL0044-D009,PL0044,9,2,true,upper_lower_split,"upper_lower_split session with warm-up, main work, and cool-down",45,gym_strength;general_adult;intermediate,protein + fiber + hydration,"sleep, hydration, mobility, symptom check",v0.1-safe-seed-2026-06-11
PL0044-D010,PL0044,10,2,true,skill_practice,"skill_practice session with warm-up, main work, and cool-down",45,gym_strength;general_adult;intermediate,protein + fiber + hydration,"sleep, hydration, mobility, symptom check",v0.1-safe-seed-2026-06-11
PL0044-D011,PL0044,11,2,true,full_body_strength,"full_body_strength session with warm-up, main work, and cool-down",45,gym_strength;general_adult;intermediate,protein + fiber + hydration,"sleep, hydration, mobility, symptom check",v0.1-safe-seed-2026-06-11
PL0044-D012,PL0044,12,2,false,recovery,walk + mobility + hydration check,15,gym_strength;general_adult;intermediate,protein + fiber + hydration,"sleep, hydration, mobility, symptom check",v0.1-safe-seed-2026-06-11
PL0044-D013,PL0044,13,2,false,recovery,walk + mobility + hydration check,15,gym_strength;general_adult;intermediate,protein + fiber + hydration,"sleep, hydration, mobility, symptom check",v0.1-safe-seed-2026-06-11
PL0044-D014,PL0044,14,2,false,recovery,walk + mobility + hydration check,15,gym_strength;general_adult;intermediate,protein + fiber + hydration,"sleep, hydration, mobility, symptom check",v0.1-safe-seed-2026-06-11
PL0044-D015,PL0044,15,3,true,skill_practice,"skill_practice session with warm-up, main work, and cool-down",45,gym_strength;general_adult;intermediate,protein + fiber + hydration,"sleep, hydration, mobility, symptom check",v0.1-safe-seed-2026-06-11
PL0044-D016,PL0044,16,3,true,full_body_strength,"full_body_strength session with warm-up, main work, and cool-down",45,gym_strength;general_adult;intermediate,protein + fiber + hydration,"sleep, hydration, mobility, symptom check",v0.1-safe-seed-2026-06-11
PL0044-D017,PL0044,17,3,true,cardio_endurance,"cardio_endurance session with warm-up, main work, and cool-down",45,gym_strength;general_adult;intermediate,protein + fiber + hydration,"sleep, hydration, mobility, symptom check",v0.1-safe-seed-2026-06-11
PL0044-D018,PL0044,18,3,true,mobility_core,"mobility_core session with warm-up, main work, and cool-down",45,gym_strength;general_adult;intermediate,protein + fiber + hydration,"sleep, hydration, mobility, symptom check",v0.1-safe-seed-2026-06-11
PL0044-D019,PL0044,19,3,false,recovery,walk + mobility + hydration check,15,gym_strength;general_adult;intermediate,protein + fiber + hydration,"sleep, hydration, mobility, symptom check",v0.1-safe-seed-2026-06-11
PL0044-D020,PL0044,20,3,false,recovery,walk + mobility + hydration check,15,gym_strength;general_adult;intermediate,protein + fiber + hydration,"sleep, hydration, mobility, symptom check",v0.1-safe-seed-2026-06-11
PL0044-D021,PL0044,21,3,false,recovery,walk + mobility + hydration check,15,gym_strength;general_adult;intermediate,protein + fiber + hydration,"sleep, hydration, mobility, symptom check",v0.1-safe-seed-2026-06-11
PL0044-D022,PL0044,22,4,true,cardio_endurance,"cardio_endurance session with warm-up, main work, and cool-down",45,gym_strength;general_adult;intermediate,protein + fiber + hydration,"sleep, hydration, mobility, symptom check",v0.1-safe-seed-2026-06-11
PL0044-D023,PL0044,23,4,true,mobility_core,"mobility_core session with warm-up, main work, and cool-down",45,gym_strength;general_adult;intermediate,protein + fiber + hydration,"sleep, hydration, mobility, symptom check",v0.1-safe-seed-2026-06-11
PL0044-D024,PL0044,24,4,true,upper_lower_split,"upper_lower_split session with warm-up, main work, and cool-down",45,gym_strength;general_adult;intermediate,protein + fiber + hydration,"sleep, hydration, mobility, symptom check",v0.1-safe-seed-2026-06-11
PL0044-D025,PL0044,25,4,true,skill_practice,"skill_practice session with warm-up, main work, and cool-down",45,gym_strength;general_adult;intermediate,protein + fiber + hydration,"sleep, hydration, mobility, symptom check",v0.1-safe-seed-2026-06-11
PL0044-D026,PL0044,26,4,false,recovery,walk + mobility + hydration check,15,gym_strength;general_adult;intermediate,protein + fiber + hydration,"sleep, hydration, mobility, symptom check",v0.1-safe-seed-2026-06-11
PL0044-D027,PL0044,27,4,false,recovery,walk + mobility + hydration check,15,gym_strength;general_adult;intermediate,protein + fiber + hydration,"sleep, hydration, mobility, symptom check",v0.1-safe-seed-2026-06-11
PL0044-D028,PL0044,28,4,false,recovery,walk + mobility + hydration check,15,gym_strength;general_adult;intermediate,protein + fiber + hydration,"sleep, hydration, mobility, symptom check",v0.1-safe-seed-2026-06-11
PL0045-D001,PL0045,1,1,true,full_body_strength,"full_body_strength session with warm-up, main work, and cool-down",45,gym_strength;general_adult;advanced,protein + fiber + hydration,"sleep, hydration, mobility, symptom check",v0.1-safe-seed-2026-06-11
PL0045-D002,PL0045,2,1,true,cardio_endurance,"cardio_endurance session with warm-up, main work, and cool-down",45,gym_strength;general_adult;advanced,protein + fiber + hydration,"sleep, hydration, mobility, symptom check",v0.1-safe-seed-2026-06-11
PL0045-D003,PL0045,3,1,true,mobility_core,"mobility_core session with warm-up, main work, and cool-down",45,gym_strength;general_adult;advanced,protein + fiber + hydration,"sleep, hydration, mobility, symptom check",v0.1-safe-seed-2026-06-11
PL0045-D004,PL0045,4,1,true,upper_lower_split,"upper_lower_split session with warm-up, main work, and cool-down",45,gym_strength;general_adult;advanced,protein + fiber + hydration,"sleep, hydration, mobility, symptom check",v0.1-safe-seed-2026-06-11
PL0045-D005,PL0045,5,1,false,recovery,walk + mobility + hydration check,15,gym_strength;general_adult;advanced,protein + fiber + hydration,"sleep, hydration, mobility, symptom check",v0.1-safe-seed-2026-06-11
PL0045-D006,PL0045,6,1,false,recovery,walk + mobility + hydration check,15,gym_strength;general_adult;advanced,protein + fiber + hydration,"sleep, hydration, mobility, symptom check",v0.1-safe-seed-2026-06-11
PL0045-D007,PL0045,7,1,false,recovery,walk + mobility + hydration check,15,gym_strength;general_adult;advanced,protein + fiber + hydration,"sleep, hydration, mobility, symptom check",v0.1-safe-seed-2026-06-11
PL0045-D008,PL0045,8,2,true,mobility_core,"mobility_core session with warm-up, main work, and cool-down",45,gym_strength;general_adult;advanced,protein + fiber + hydration,"sleep, hydration, mobility, symptom check",v0.1-safe-seed-2026-06-11
PL0045-D009,PL0045,9,2,true,upper_lower_split,"upper_lower_split session with warm-up, main work, and cool-down",45,gym_strength;general_adult;advanced,protein + fiber + hydration,"sleep, hydration, mobility, symptom check",v0.1-safe-seed-2026-06-11
PL0045-D010,PL0045,10,2,true,skill_practice,"skill_practice session with warm-up, main work, and cool-down",45,gym_strength;general_adult;advanced,protein + fiber + hydration,"sleep, hydration, mobility, symptom check",v0.1-safe-seed-2026-06-11
PL0045-D011,PL0045,11,2,true,full_body_strength,"full_body_strength session with warm-up, main work, and cool-down",45,gym_strength;general_adult;advanced,protein + fiber + hydration,"sleep, hydration, mobility, symptom check",v0.1-safe-seed-2026-06-11
PL0045-D012,PL0045,12,2,false,recovery,walk + mobility + hydration check,15,gym_strength;general_adult;advanced,protein + fiber + hydration,"sleep, hydration, mobility, symptom check",v0.1-safe-seed-2026-06-11
PL0045-D013,PL0045,13,2,false,recovery,walk + mobility + hydration check,15,gym_strength;general_adult;advanced,protein + fiber + hydration,"sleep, hydration, mobility, symptom check",v0.1-safe-seed-2026-06-11
PL0045-D014,PL0045,14,2,false,recovery,walk + mobility + hydration check,15,gym_strength;general_adult;advanced,protein + fiber + hydration,"sleep, hydration, mobility, symptom check",v0.1-safe-seed-2026-06-11
PL0045-D015,PL0045,15,3,true,skill_practice,"skill_practice session with warm-up, main work, and cool-down",45,gym_strength;general_adult;advanced,protein + fiber + hydration,"sleep, hydration, mobility, symptom check",v0.1-safe-seed-2026-06-11
PL0045-D016,PL0045,16,3,true,full_body_strength,"full_body_strength session with warm-up, main work, and cool-down",45,gym_strength;general_adult;advanced,protein + fiber + hydration,"sleep, hydration, mobility, symptom check",v0.1-safe-seed-2026-06-11
PL0045-D017,PL0045,17,3,true,cardio_endurance,"cardio_endurance session with warm-up, main work, and cool-down",45,gym_strength;general_adult;advanced,protein + fiber + hydration,"sleep, hydration, mobility, symptom check",v0.1-safe-seed-2026-06-11
PL0045-D018,PL0045,18,3,true,mobility_core,"mobility_core session with warm-up, main work, and cool-down",45,gym_strength;general_adult;advanced,protein + fiber + hydration,"sleep, hydration, mobility, symptom check",v0.1-safe-seed-2026-06-11
PL0045-D019,PL0045,19,3,false,recovery,walk + mobility + hydration check,15,gym_strength;general_adult;advanced,protein + fiber + hydration,"sleep, hydration, mobility, symptom check",v0.1-safe-seed-2026-06-11
PL0045-D020,PL0045,20,3,false,recovery,walk + mobility + hydration check,15,gym_strength;general_adult;advanced,protein + fiber + hydration,"sleep, hydration, mobility, symptom check",v0.1-safe-seed-2026-06-11
PL0045-D021,PL0045,21,3,false,recovery,walk + mobility + hydration check,15,gym_strength;general_adult;advanced,protein + fiber + hydration,"sleep, hydration, mobility, symptom check",v0.1-safe-seed-2026-06-11
PL0045-D022,PL0045,22,4,true,cardio_endurance,"cardio_endurance session with warm-up, main work, and cool-down",45,gym_strength;general_adult;advanced,protein + fiber + hydration,"sleep, hydration, mobility, symptom check",v0.1-safe-seed-2026-06-11
PL0045-D023,PL0045,23,4,true,mobility_core,"mobility_core session with warm-up, main work, and cool-down",45,gym_strength;general_adult;advanced,protein + fiber + hydration,"sleep, hydration, mobility, symptom check",v0.1-safe-seed-2026-06-11
PL0045-D024,PL0045,24,4,true,upper_lower_split,"upper_lower_split session with warm-up, main work, and cool-down",45,gym_strength;general_adult;advanced,protein + fiber + hydration,"sleep, hydration, mobility, symptom check",v0.1-safe-seed-2026-06-11
PL0045-D025,PL0045,25,4,true,skill_practice,"skill_practice session with warm-up, main work, and cool-down",45,gym_strength;general_adult;advanced,protein + fiber + hydration,"sleep, hydration, mobility, symptom check",v0.1-safe-seed-2026-06-11
PL0045-D026,PL0045,26,4,false,recovery,walk + mobility + hydration check,15,gym_strength;general_adult;advanced,protein + fiber + hydration,"sleep, hydration, mobility, symptom check",v0.1-safe-seed-2026-06-11
PL0045-D027,PL0045,27,4,false,recovery,walk + mobility + hydration check,15,gym_strength;general_adult;advanced,protein + fiber + hydration,"sleep, hydration, mobility, symptom check",v0.1-safe-seed-2026-06-11
PL0045-D028,PL0045,28,4,false,recovery,walk + mobility + hydration check,15,gym_strength;general_adult;advanced,protein + fiber + hydration,"sleep, hydration, mobility, symptom check",v0.1-safe-seed-2026-06-11
PL0046-D001,PL0046,1,1,true,full_body_strength,"full_body_strength session with warm-up, main work, and cool-down",30,stretching;general_adult;beginner,protein + fiber + hydration,"sleep, hydration, mobility, symptom check",v0.1-safe-seed-2026-06-11
PL0046-D002,PL0046,2,1,true,cardio_endurance,"cardio_endurance session with warm-up, main work, and cool-down",30,stretching;general_adult;beginner,protein + fiber + hydration,"sleep, hydration, mobility, symptom check",v0.1-safe-seed-2026-06-11
PL0046-D003,PL0046,3,1,true,mobility_core,"mobility_core session with warm-up, main work, and cool-down",30,stretching;general_adult;beginner,protein + fiber + hydration,"sleep, hydration, mobility, symptom check",v0.1-safe-seed-2026-06-11
PL0046-D004,PL0046,4,1,true,upper_lower_split,"upper_lower_split session with warm-up, main work, and cool-down",30,stretching;general_adult;beginner,protein + fiber + hydration,"sleep, hydration, mobility, symptom check",v0.1-safe-seed-2026-06-11
PL0046-D005,PL0046,5,1,false,recovery,walk + mobility + hydration check,15,stretching;general_adult;beginner,protein + fiber + hydration,"sleep, hydration, mobility, symptom check",v0.1-safe-seed-2026-06-11
PL0046-D006,PL0046,6,1,false,recovery,walk + mobility + hydration check,15,stretching;general_adult;beginner,protein + fiber + hydration,"sleep, hydration, mobility, symptom check",v0.1-safe-seed-2026-06-11
PL0046-D007,PL0046,7,1,false,recovery,walk + mobility + hydration check,15,stretching;general_adult;beginner,protein + fiber + hydration,"sleep, hydration, mobility, symptom check",v0.1-safe-seed-2026-06-11
PL0046-D008,PL0046,8,2,true,mobility_core,"mobility_core session with warm-up, main work, and cool-down",30,stretching;general_adult;beginner,protein + fiber + hydration,"sleep, hydration, mobility, symptom check",v0.1-safe-seed-2026-06-11
PL0046-D009,PL0046,9,2,true,upper_lower_split,"upper_lower_split session with warm-up, main work, and cool-down",30,stretching;general_adult;beginner,protein + fiber + hydration,"sleep, hydration, mobility, symptom check",v0.1-safe-seed-2026-06-11
PL0046-D010,PL0046,10,2,true,skill_practice,"skill_practice session with warm-up, main work, and cool-down",30,stretching;general_adult;beginner,protein + fiber + hydration,"sleep, hydration, mobility, symptom check",v0.1-safe-seed-2026-06-11
PL0046-D011,PL0046,11,2,true,full_body_strength,"full_body_strength session with warm-up, main work, and cool-down",30,stretching;general_adult;beginner,protein + fiber + hydration,"sleep, hydration, mobility, symptom check",v0.1-safe-seed-2026-06-11
PL0046-D012,PL0046,12,2,false,recovery,walk + mobility + hydration check,15,stretching;general_adult;beginner,protein + fiber + hydration,"sleep, hydration, mobility, symptom check",v0.1-safe-seed-2026-06-11
PL0046-D013,PL0046,13,2,false,recovery,walk + mobility + hydration check,15,stretching;general_adult;beginner,protein + fiber + hydration,"sleep, hydration, mobility, symptom check",v0.1-safe-seed-2026-06-11
PL0046-D014,PL0046,14,2,false,recovery,walk + mobility + hydration check,15,stretching;general_adult;beginner,protein + fiber + hydration,"sleep, hydration, mobility, symptom check",v0.1-safe-seed-2026-06-11
PL0046-D015,PL0046,15,3,true,skill_practice,"skill_practice session with warm-up, main work, and cool-down",30,stretching;general_adult;beginner,protein + fiber + hydration,"sleep, hydration, mobility, symptom check",v0.1-safe-seed-2026-06-11
PL0046-D016,PL0046,16,3,true,full_body_strength,"full_body_strength session with warm-up, main work, and cool-down",30,stretching;general_adult;beginner,protein + fiber + hydration,"sleep, hydration, mobility, symptom check",v0.1-safe-seed-2026-06-11
PL0046-D017,PL0046,17,3,true,cardio_endurance,"cardio_endurance session with warm-up, main work, and cool-down",30,stretching;general_adult;beginner,protein + fiber + hydration,"sleep, hydration, mobility, symptom check",v0.1-safe-seed-2026-06-11
PL0046-D018,PL0046,18,3,true,mobility_core,"mobility_core session with warm-up, main work, and cool-down",30,stretching;general_adult;beginner,protein + fiber + hydration,"sleep, hydration, mobility, symptom check",v0.1-safe-seed-2026-06-11
PL0046-D019,PL0046,19,3,false,recovery,walk + mobility + hydration check,15,stretching;general_adult;beginner,protein + fiber + hydration,"sleep, hydration, mobility, symptom check",v0.1-safe-seed-2026-06-11
PL0046-D020,PL0046,20,3,false,recovery,walk + mobility + hydration check,15,stretching;general_adult;beginner,protein + fiber + hydration,"sleep, hydration, mobility, symptom check",v0.1-safe-seed-2026-06-11
PL0046-D021,PL0046,21,3,false,recovery,walk + mobility + hydration check,15,stretching;general_adult;beginner,protein + fiber + hydration,"sleep, hydration, mobility, symptom check",v0.1-safe-seed-2026-06-11
PL0046-D022,PL0046,22,4,true,cardio_endurance,"cardio_endurance session with warm-up, main work, and cool-down",30,stretching;general_adult;beginner,protein + fiber + hydration,"sleep, hydration, mobility, symptom check",v0.1-safe-seed-2026-06-11
PL0046-D023,PL0046,23,4,true,mobility_core,"mobility_core session with warm-up, main work, and cool-down",30,stretching;general_adult;beginner,protein + fiber + hydration,"sleep, hydration, mobility, symptom check",v0.1-safe-seed-2026-06-11
PL0046-D024,PL0046,24,4,true,upper_lower_split,"upper_lower_split session with warm-up, main work, and cool-down",30,stretching;general_adult;beginner,protein + fiber + hydration,"sleep, hydration, mobility, symptom check",v0.1-safe-seed-2026-06-11
PL0046-D025,PL0046,25,4,true,skill_practice,"skill_practice session with warm-up, main work, and cool-down",30,stretching;general_adult;beginner,protein + fiber + hydration,"sleep, hydration, mobility, symptom check",v0.1-safe-seed-2026-06-11
PL0046-D026,PL0046,26,4,false,recovery,walk + mobility + hydration check,15,stretching;general_adult;beginner,protein + fiber + hydration,"sleep, hydration, mobility, symptom check",v0.1-safe-seed-2026-06-11
PL0046-D027,PL0046,27,4,false,recovery,walk + mobility + hydration check,15,stretching;general_adult;beginner,protein + fiber + hydration,"sleep, hydration, mobility, symptom check",v0.1-safe-seed-2026-06-11
PL0046-D028,PL0046,28,4,false,recovery,walk + mobility + hydration check,15,stretching;general_adult;beginner,protein + fiber + hydration,"sleep, hydration, mobility, symptom check",v0.1-safe-seed-2026-06-11
PL0047-D001,PL0047,1,1,true,full_body_strength,"full_body_strength session with warm-up, main work, and cool-down",45,stretching;general_adult;intermediate,protein + fiber + hydration,"sleep, hydration, mobility, symptom check",v0.1-safe-seed-2026-06-11
PL0047-D002,PL0047,2,1,true,cardio_endurance,"cardio_endurance session with warm-up, main work, and cool-down",45,stretching;general_adult;intermediate,protein + fiber + hydration,"sleep, hydration, mobility, symptom check",v0.1-safe-seed-2026-06-11
PL0047-D003,PL0047,3,1,true,mobility_core,"mobility_core session with warm-up, main work, and cool-down",45,stretching;general_adult;intermediate,protein + fiber + hydration,"sleep, hydration, mobility, symptom check",v0.1-safe-seed-2026-06-11
PL0047-D004,PL0047,4,1,true,upper_lower_split,"upper_lower_split session with warm-up, main work, and cool-down",45,stretching;general_adult;intermediate,protein + fiber + hydration,"sleep, hydration, mobility, symptom check",v0.1-safe-seed-2026-06-11
PL0047-D005,PL0047,5,1,false,recovery,walk + mobility + hydration check,15,stretching;general_adult;intermediate,protein + fiber + hydration,"sleep, hydration, mobility, symptom check",v0.1-safe-seed-2026-06-11
PL0047-D006,PL0047,6,1,false,recovery,walk + mobility + hydration check,15,stretching;general_adult;intermediate,protein + fiber + hydration,"sleep, hydration, mobility, symptom check",v0.1-safe-seed-2026-06-11
PL0047-D007,PL0047,7,1,false,recovery,walk + mobility + hydration check,15,stretching;general_adult;intermediate,protein + fiber + hydration,"sleep, hydration, mobility, symptom check",v0.1-safe-seed-2026-06-11
PL0047-D008,PL0047,8,2,true,mobility_core,"mobility_core session with warm-up, main work, and cool-down",45,stretching;general_adult;intermediate,protein + fiber + hydration,"sleep, hydration, mobility, symptom check",v0.1-safe-seed-2026-06-11
PL0047-D009,PL0047,9,2,true,upper_lower_split,"upper_lower_split session with warm-up, main work, and cool-down",45,stretching;general_adult;intermediate,protein + fiber + hydration,"sleep, hydration, mobility, symptom check",v0.1-safe-seed-2026-06-11
PL0047-D010,PL0047,10,2,true,skill_practice,"skill_practice session with warm-up, main work, and cool-down",45,stretching;general_adult;intermediate,protein + fiber + hydration,"sleep, hydration, mobility, symptom check",v0.1-safe-seed-2026-06-11
PL0047-D011,PL0047,11,2,true,full_body_strength,"full_body_strength session with warm-up, main work, and cool-down",45,stretching;general_adult;intermediate,protein + fiber + hydration,"sleep, hydration, mobility, symptom check",v0.1-safe-seed-2026-06-11
PL0047-D012,PL0047,12,2,false,recovery,walk + mobility + hydration check,15,stretching;general_adult;intermediate,protein + fiber + hydration,"sleep, hydration, mobility, symptom check",v0.1-safe-seed-2026-06-11
PL0047-D013,PL0047,13,2,false,recovery,walk + mobility + hydration check,15,stretching;general_adult;intermediate,protein + fiber + hydration,"sleep, hydration, mobility, symptom check",v0.1-safe-seed-2026-06-11
PL0047-D014,PL0047,14,2,false,recovery,walk + mobility + hydration check,15,stretching;general_adult;intermediate,protein + fiber + hydration,"sleep, hydration, mobility, symptom check",v0.1-safe-seed-2026-06-11
PL0047-D015,PL0047,15,3,true,skill_practice,"skill_practice session with warm-up, main work, and cool-down",45,stretching;general_adult;intermediate,protein + fiber + hydration,"sleep, hydration, mobility, symptom check",v0.1-safe-seed-2026-06-11
PL0047-D016,PL0047,16,3,true,full_body_strength,"full_body_strength session with warm-up, main work, and cool-down",45,stretching;general_adult;intermediate,protein + fiber + hydration,"sleep, hydration, mobility, symptom check",v0.1-safe-seed-2026-06-11
PL0047-D017,PL0047,17,3,true,cardio_endurance,"cardio_endurance session with warm-up, main work, and cool-down",45,stretching;general_adult;intermediate,protein + fiber + hydration,"sleep, hydration, mobility, symptom check",v0.1-safe-seed-2026-06-11
PL0047-D018,PL0047,18,3,true,mobility_core,"mobility_core session with warm-up, main work, and cool-down",45,stretching;general_adult;intermediate,protein + fiber + hydration,"sleep, hydration, mobility, symptom check",v0.1-safe-seed-2026-06-11
PL0047-D019,PL0047,19,3,false,recovery,walk + mobility + hydration check,15,stretching;general_adult;intermediate,protein + fiber + hydration,"sleep, hydration, mobility, symptom check",v0.1-safe-seed-2026-06-11
PL0047-D020,PL0047,20,3,false,recovery,walk + mobility + hydration check,15,stretching;general_adult;intermediate,protein + fiber + hydration,"sleep, hydration, mobility, symptom check",v0.1-safe-seed-2026-06-11
PL0047-D021,PL0047,21,3,false,recovery,walk + mobility + hydration check,15,stretching;general_adult;intermediate,protein + fiber + hydration,"sleep, hydration, mobility, symptom check",v0.1-safe-seed-2026-06-11
PL0047-D022,PL0047,22,4,true,cardio_endurance,"cardio_endurance session with warm-up, main work, and cool-down",45,stretching;general_adult;intermediate,protein + fiber + hydration,"sleep, hydration, mobility, symptom check",v0.1-safe-seed-2026-06-11
PL0047-D023,PL0047,23,4,true,mobility_core,"mobility_core session with warm-up, main work, and cool-down",45,stretching;general_adult;intermediate,protein + fiber + hydration,"sleep, hydration, mobility, symptom check",v0.1-safe-seed-2026-06-11
PL0047-D024,PL0047,24,4,true,upper_lower_split,"upper_lower_split session with warm-up, main work, and cool-down",45,stretching;general_adult;intermediate,protein + fiber + hydration,"sleep, hydration, mobility, symptom check",v0.1-safe-seed-2026-06-11
PL0047-D025,PL0047,25,4,true,skill_practice,"skill_practice session with warm-up, main work, and cool-down",45,stretching;general_adult;intermediate,protein + fiber + hydration,"sleep, hydration, mobility, symptom check",v0.1-safe-seed-2026-06-11
PL0047-D026,PL0047,26,4,false,recovery,walk + mobility + hydration check,15,stretching;general_adult;intermediate,protein + fiber + hydration,"sleep, hydration, mobility, symptom check",v0.1-safe-seed-2026-06-11
PL0047-D027,PL0047,27,4,false,recovery,walk + mobility + hydration check,15,stretching;general_adult;intermediate,protein + fiber + hydration,"sleep, hydration, mobility, symptom check",v0.1-safe-seed-2026-06-11
PL0047-D028,PL0047,28,4,false,recovery,walk + mobility + hydration check,15,stretching;general_adult;intermediate,protein + fiber + hydration,"sleep, hydration, mobility, symptom check",v0.1-safe-seed-2026-06-11
PL0048-D001,PL0048,1,1,true,full_body_strength,"full_body_strength session with warm-up, main work, and cool-down",45,stretching;general_adult;advanced,protein + fiber + hydration,"sleep, hydration, mobility, symptom check",v0.1-safe-seed-2026-06-11
PL0048-D002,PL0048,2,1,true,cardio_endurance,"cardio_endurance session with warm-up, main work, and cool-down",45,stretching;general_adult;advanced,protein + fiber + hydration,"sleep, hydration, mobility, symptom check",v0.1-safe-seed-2026-06-11
PL0048-D003,PL0048,3,1,true,mobility_core,"mobility_core session with warm-up, main work, and cool-down",45,stretching;general_adult;advanced,protein + fiber + hydration,"sleep, hydration, mobility, symptom check",v0.1-safe-seed-2026-06-11
PL0048-D004,PL0048,4,1,true,upper_lower_split,"upper_lower_split session with warm-up, main work, and cool-down",45,stretching;general_adult;advanced,protein + fiber + hydration,"sleep, hydration, mobility, symptom check",v0.1-safe-seed-2026-06-11
PL0048-D005,PL0048,5,1,false,recovery,walk + mobility + hydration check,15,stretching;general_adult;advanced,protein + fiber + hydration,"sleep, hydration, mobility, symptom check",v0.1-safe-seed-2026-06-11
PL0048-D006,PL0048,6,1,false,recovery,walk + mobility + hydration check,15,stretching;general_adult;advanced,protein + fiber + hydration,"sleep, hydration, mobility, symptom check",v0.1-safe-seed-2026-06-11
PL0048-D007,PL0048,7,1,false,recovery,walk + mobility + hydration check,15,stretching;general_adult;advanced,protein + fiber + hydration,"sleep, hydration, mobility, symptom check",v0.1-safe-seed-2026-06-11
PL0048-D008,PL0048,8,2,true,mobility_core,"mobility_core session with warm-up, main work, and cool-down",45,stretching;general_adult;advanced,protein + fiber + hydration,"sleep, hydration, mobility, symptom check",v0.1-safe-seed-2026-06-11
PL0048-D009,PL0048,9,2,true,upper_lower_split,"upper_lower_split session with warm-up, main work, and cool-down",45,stretching;general_adult;advanced,protein + fiber + hydration,"sleep, hydration, mobility, symptom check",v0.1-safe-seed-2026-06-11
PL0048-D010,PL0048,10,2,true,skill_practice,"skill_practice session with warm-up, main work, and cool-down",45,stretching;general_adult;advanced,protein + fiber + hydration,"sleep, hydration, mobility, symptom check",v0.1-safe-seed-2026-06-11
PL0048-D011,PL0048,11,2,true,full_body_strength,"full_body_strength session with warm-up, main work, and cool-down",45,stretching;general_adult;advanced,protein + fiber + hydration,"sleep, hydration, mobility, symptom check",v0.1-safe-seed-2026-06-11
PL0048-D012,PL0048,12,2,false,recovery,walk + mobility + hydration check,15,stretching;general_adult;advanced,protein + fiber + hydration,"sleep, hydration, mobility, symptom check",v0.1-safe-seed-2026-06-11
PL0048-D013,PL0048,13,2,false,recovery,walk + mobility + hydration check,15,stretching;general_adult;advanced,protein + fiber + hydration,"sleep, hydration, mobility, symptom check",v0.1-safe-seed-2026-06-11
PL0048-D014,PL0048,14,2,false,recovery,walk + mobility + hydration check,15,stretching;general_adult;advanced,protein + fiber + hydration,"sleep, hydration, mobility, symptom check",v0.1-safe-seed-2026-06-11
PL0048-D015,PL0048,15,3,true,skill_practice,"skill_practice session with warm-up, main work, and cool-down",45,stretching;general_adult;advanced,protein + fiber + hydration,"sleep, hydration, mobility, symptom check",v0.1-safe-seed-2026-06-11
PL0048-D016,PL0048,16,3,true,full_body_strength,"full_body_strength session with warm-up, main work, and cool-down",45,stretching;general_adult;advanced,protein + fiber + hydration,"sleep, hydration, mobility, symptom check",v0.1-safe-seed-2026-06-11
PL0048-D017,PL0048,17,3,true,cardio_endurance,"cardio_endurance session with warm-up, main work, and cool-down",45,stretching;general_adult;advanced,protein + fiber + hydration,"sleep, hydration, mobility, symptom check",v0.1-safe-seed-2026-06-11
PL0048-D018,PL0048,18,3,true,mobility_core,"mobility_core session with warm-up, main work, and cool-down",45,stretching;general_adult;advanced,protein + fiber + hydration,"sleep, hydration, mobility, symptom check",v0.1-safe-seed-2026-06-11
PL0048-D019,PL0048,19,3,false,recovery,walk + mobility + hydration check,15,stretching;general_adult;advanced,protein + fiber + hydration,"sleep, hydration, mobility, symptom check",v0.1-safe-seed-2026-06-11
PL0048-D020,PL0048,20,3,false,recovery,walk + mobility + hydration check,15,stretching;general_adult;advanced,protein + fiber + hydration,"sleep, hydration, mobility, symptom check",v0.1-safe-seed-2026-06-11
PL0048-D021,PL0048,21,3,false,recovery,walk + mobility + hydration check,15,stretching;general_adult;advanced,protein + fiber + hydration,"sleep, hydration, mobility, symptom check",v0.1-safe-seed-2026-06-11
PL0048-D022,PL0048,22,4,true,cardio_endurance,"cardio_endurance session with warm-up, main work, and cool-down",45,stretching;general_adult;advanced,protein + fiber + hydration,"sleep, hydration, mobility, symptom check",v0.1-safe-seed-2026-06-11
PL0048-D023,PL0048,23,4,true,mobility_core,"mobility_core session with warm-up, main work, and cool-down",45,stretching;general_adult;advanced,protein + fiber + hydration,"sleep, hydration, mobility, symptom check",v0.1-safe-seed-2026-06-11
PL0048-D024,PL0048,24,4,true,upper_lower_split,"upper_lower_split session with warm-up, main work, and cool-down",45,stretching;general_adult;advanced,protein + fiber + hydration,"sleep, hydration, mobility, symptom check",v0.1-safe-seed-2026-06-11
PL0048-D025,PL0048,25,4,true,skill_practice,"skill_practice session with warm-up, main work, and cool-down",45,stretching;general_adult;advanced,protein + fiber + hydration,"sleep, hydration, mobility, symptom check",v0.1-safe-seed-2026-06-11
PL0048-D026,PL0048,26,4,false,recovery,walk + mobility + hydration check,15,stretching;general_adult;advanced,protein + fiber + hydration,"sleep, hydration, mobility, symptom check",v0.1-safe-seed-2026-06-11
PL0048-D027,PL0048,27,4,false,recovery,walk + mobility + hydration check,15,stretching;general_adult;advanced,protein + fiber + hydration,"sleep, hydration, mobility, symptom check",v0.1-safe-seed-2026-06-11
PL0048-D028,PL0048,28,4,false,recovery,walk + mobility + hydration check,15,stretching;general_adult;advanced,protein + fiber + hydration,"sleep, hydration, mobility, symptom check",v0.1-safe-seed-2026-06-11
PL0049-D001,PL0049,1,1,true,full_body_strength,"full_body_strength session with warm-up, main work, and cool-down",30,recovery;general_adult;beginner,protein + fiber + hydration,"sleep, hydration, mobility, symptom check",v0.1-safe-seed-2026-06-11
PL0049-D002,PL0049,2,1,true,cardio_endurance,"cardio_endurance session with warm-up, main work, and cool-down",30,recovery;general_adult;beginner,protein + fiber + hydration,"sleep, hydration, mobility, symptom check",v0.1-safe-seed-2026-06-11
PL0049-D003,PL0049,3,1,true,mobility_core,"mobility_core session with warm-up, main work, and cool-down",30,recovery;general_adult;beginner,protein + fiber + hydration,"sleep, hydration, mobility, symptom check",v0.1-safe-seed-2026-06-11
PL0049-D004,PL0049,4,1,true,upper_lower_split,"upper_lower_split session with warm-up, main work, and cool-down",30,recovery;general_adult;beginner,protein + fiber + hydration,"sleep, hydration, mobility, symptom check",v0.1-safe-seed-2026-06-11
PL0049-D005,PL0049,5,1,false,recovery,walk + mobility + hydration check,15,recovery;general_adult;beginner,protein + fiber + hydration,"sleep, hydration, mobility, symptom check",v0.1-safe-seed-2026-06-11
PL0049-D006,PL0049,6,1,false,recovery,walk + mobility + hydration check,15,recovery;general_adult;beginner,protein + fiber + hydration,"sleep, hydration, mobility, symptom check",v0.1-safe-seed-2026-06-11
PL0049-D007,PL0049,7,1,false,recovery,walk + mobility + hydration check,15,recovery;general_adult;beginner,protein + fiber + hydration,"sleep, hydration, mobility, symptom check",v0.1-safe-seed-2026-06-11
PL0049-D008,PL0049,8,2,true,mobility_core,"mobility_core session with warm-up, main work, and cool-down",30,recovery;general_adult;beginner,protein + fiber + hydration,"sleep, hydration, mobility, symptom check",v0.1-safe-seed-2026-06-11
PL0049-D009,PL0049,9,2,true,upper_lower_split,"upper_lower_split session with warm-up, main work, and cool-down",30,recovery;general_adult;beginner,protein + fiber + hydration,"sleep, hydration, mobility, symptom check",v0.1-safe-seed-2026-06-11
PL0049-D010,PL0049,10,2,true,skill_practice,"skill_practice session with warm-up, main work, and cool-down",30,recovery;general_adult;beginner,protein + fiber + hydration,"sleep, hydration, mobility, symptom check",v0.1-safe-seed-2026-06-11
PL0049-D011,PL0049,11,2,true,full_body_strength,"full_body_strength session with warm-up, main work, and cool-down",30,recovery;general_adult;beginner,protein + fiber + hydration,"sleep, hydration, mobility, symptom check",v0.1-safe-seed-2026-06-11
PL0049-D012,PL0049,12,2,false,recovery,walk + mobility + hydration check,15,recovery;general_adult;beginner,protein + fiber + hydration,"sleep, hydration, mobility, symptom check",v0.1-safe-seed-2026-06-11
PL0049-D013,PL0049,13,2,false,recovery,walk + mobility + hydration check,15,recovery;general_adult;beginner,protein + fiber + hydration,"sleep, hydration, mobility, symptom check",v0.1-safe-seed-2026-06-11
PL0049-D014,PL0049,14,2,false,recovery,walk + mobility + hydration check,15,recovery;general_adult;beginner,protein + fiber + hydration,"sleep, hydration, mobility, symptom check",v0.1-safe-seed-2026-06-11
PL0049-D015,PL0049,15,3,true,skill_practice,"skill_practice session with warm-up, main work, and cool-down",30,recovery;general_adult;beginner,protein + fiber + hydration,"sleep, hydration, mobility, symptom check",v0.1-safe-seed-2026-06-11
PL0049-D016,PL0049,16,3,true,full_body_strength,"full_body_strength session with warm-up, main work, and cool-down",30,recovery;general_adult;beginner,protein + fiber + hydration,"sleep, hydration, mobility, symptom check",v0.1-safe-seed-2026-06-11
PL0049-D017,PL0049,17,3,true,cardio_endurance,"cardio_endurance session with warm-up, main work, and cool-down",30,recovery;general_adult;beginner,protein + fiber + hydration,"sleep, hydration, mobility, symptom check",v0.1-safe-seed-2026-06-11
PL0049-D018,PL0049,18,3,true,mobility_core,"mobility_core session with warm-up, main work, and cool-down",30,recovery;general_adult;beginner,protein + fiber + hydration,"sleep, hydration, mobility, symptom check",v0.1-safe-seed-2026-06-11
PL0049-D019,PL0049,19,3,false,recovery,walk + mobility + hydration check,15,recovery;general_adult;beginner,protein + fiber + hydration,"sleep, hydration, mobility, symptom check",v0.1-safe-seed-2026-06-11
PL0049-D020,PL0049,20,3,false,recovery,walk + mobility + hydration check,15,recovery;general_adult;beginner,protein + fiber + hydration,"sleep, hydration, mobility, symptom check",v0.1-safe-seed-2026-06-11
PL0049-D021,PL0049,21,3,false,recovery,walk + mobility + hydration check,15,recovery;general_adult;beginner,protein + fiber + hydration,"sleep, hydration, mobility, symptom check",v0.1-safe-seed-2026-06-11
PL0049-D022,PL0049,22,4,true,cardio_endurance,"cardio_endurance session with warm-up, main work, and cool-down",30,recovery;general_adult;beginner,protein + fiber + hydration,"sleep, hydration, mobility, symptom check",v0.1-safe-seed-2026-06-11
PL0049-D023,PL0049,23,4,true,mobility_core,"mobility_core session with warm-up, main work, and cool-down",30,recovery;general_adult;beginner,protein + fiber + hydration,"sleep, hydration, mobility, symptom check",v0.1-safe-seed-2026-06-11
PL0049-D024,PL0049,24,4,true,upper_lower_split,"upper_lower_split session with warm-up, main work, and cool-down",30,recovery;general_adult;beginner,protein + fiber + hydration,"sleep, hydration, mobility, symptom check",v0.1-safe-seed-2026-06-11
PL0049-D025,PL0049,25,4,true,skill_practice,"skill_practice session with warm-up, main work, and cool-down",30,recovery;general_adult;beginner,protein + fiber + hydration,"sleep, hydration, mobility, symptom check",v0.1-safe-seed-2026-06-11
PL0049-D026,PL0049,26,4,false,recovery,walk + mobility + hydration check,15,recovery;general_adult;beginner,protein + fiber + hydration,"sleep, hydration, mobility, symptom check",v0.1-safe-seed-2026-06-11
PL0049-D027,PL0049,27,4,false,recovery,walk + mobility + hydration check,15,recovery;general_adult;beginner,protein + fiber + hydration,"sleep, hydration, mobility, symptom check",v0.1-safe-seed-2026-06-11
PL0049-D028,PL0049,28,4,false,recovery,walk + mobility + hydration check,15,recovery;general_adult;beginner,protein + fiber + hydration,"sleep, hydration, mobility, symptom check",v0.1-safe-seed-2026-06-11
PL0050-D001,PL0050,1,1,true,full_body_strength,"full_body_strength session with warm-up, main work, and cool-down",45,recovery;general_adult;intermediate,protein + fiber + hydration,"sleep, hydration, mobility, symptom check",v0.1-safe-seed-2026-06-11
PL0050-D002,PL0050,2,1,true,cardio_endurance,"cardio_endurance session with warm-up, main work, and cool-down",45,recovery;general_adult;intermediate,protein + fiber + hydration,"sleep, hydration, mobility, symptom check",v0.1-safe-seed-2026-06-11
PL0050-D003,PL0050,3,1,true,mobility_core,"mobility_core session with warm-up, main work, and cool-down",45,recovery;general_adult;intermediate,protein + fiber + hydration,"sleep, hydration, mobility, symptom check",v0.1-safe-seed-2026-06-11
PL0050-D004,PL0050,4,1,true,upper_lower_split,"upper_lower_split session with warm-up, main work, and cool-down",45,recovery;general_adult;intermediate,protein + fiber + hydration,"sleep, hydration, mobility, symptom check",v0.1-safe-seed-2026-06-11
PL0050-D005,PL0050,5,1,false,recovery,walk + mobility + hydration check,15,recovery;general_adult;intermediate,protein + fiber + hydration,"sleep, hydration, mobility, symptom check",v0.1-safe-seed-2026-06-11
PL0050-D006,PL0050,6,1,false,recovery,walk + mobility + hydration check,15,recovery;general_adult;intermediate,protein + fiber + hydration,"sleep, hydration, mobility, symptom check",v0.1-safe-seed-2026-06-11
PL0050-D007,PL0050,7,1,false,recovery,walk + mobility + hydration check,15,recovery;general_adult;intermediate,protein + fiber + hydration,"sleep, hydration, mobility, symptom check",v0.1-safe-seed-2026-06-11
PL0050-D008,PL0050,8,2,true,mobility_core,"mobility_core session with warm-up, main work, and cool-down",45,recovery;general_adult;intermediate,protein + fiber + hydration,"sleep, hydration, mobility, symptom check",v0.1-safe-seed-2026-06-11
PL0050-D009,PL0050,9,2,true,upper_lower_split,"upper_lower_split session with warm-up, main work, and cool-down",45,recovery;general_adult;intermediate,protein + fiber + hydration,"sleep, hydration, mobility, symptom check",v0.1-safe-seed-2026-06-11
PL0050-D010,PL0050,10,2,true,skill_practice,"skill_practice session with warm-up, main work, and cool-down",45,recovery;general_adult;intermediate,protein + fiber + hydration,"sleep, hydration, mobility, symptom check",v0.1-safe-seed-2026-06-11
PL0050-D011,PL0050,11,2,true,full_body_strength,"full_body_strength session with warm-up, main work, and cool-down",45,recovery;general_adult;intermediate,protein + fiber + hydration,"sleep, hydration, mobility, symptom check",v0.1-safe-seed-2026-06-11
PL0050-D012,PL0050,12,2,false,recovery,walk + mobility + hydration check,15,recovery;general_adult;intermediate,protein + fiber + hydration,"sleep, hydration, mobility, symptom check",v0.1-safe-seed-2026-06-11
PL0050-D013,PL0050,13,2,false,recovery,walk + mobility + hydration check,15,recovery;general_adult;intermediate,protein + fiber + hydration,"sleep, hydration, mobility, symptom check",v0.1-safe-seed-2026-06-11
PL0050-D014,PL0050,14,2,false,recovery,walk + mobility + hydration check,15,recovery;general_adult;intermediate,protein + fiber + hydration,"sleep, hydration, mobility, symptom check",v0.1-safe-seed-2026-06-11
PL0050-D015,PL0050,15,3,true,skill_practice,"skill_practice session with warm-up, main work, and cool-down",45,recovery;general_adult;intermediate,protein + fiber + hydration,"sleep, hydration, mobility, symptom check",v0.1-safe-seed-2026-06-11
PL0050-D016,PL0050,16,3,true,full_body_strength,"full_body_strength session with warm-up, main work, and cool-down",45,recovery;general_adult;intermediate,protein + fiber + hydration,"sleep, hydration, mobility, symptom check",v0.1-safe-seed-2026-06-11
PL0050-D017,PL0050,17,3,true,cardio_endurance,"cardio_endurance session with warm-up, main work, and cool-down",45,recovery;general_adult;intermediate,protein + fiber + hydration,"sleep, hydration, mobility, symptom check",v0.1-safe-seed-2026-06-11
PL0050-D018,PL0050,18,3,true,mobility_core,"mobility_core session with warm-up, main work, and cool-down",45,recovery;general_adult;intermediate,protein + fiber + hydration,"sleep, hydration, mobility, symptom check",v0.1-safe-seed-2026-06-11
PL0050-D019,PL0050,19,3,false,recovery,walk + mobility + hydration check,15,recovery;general_adult;intermediate,protein + fiber + hydration,"sleep, hydration, mobility, symptom check",v0.1-safe-seed-2026-06-11
PL0050-D020,PL0050,20,3,false,recovery,walk + mobility + hydration check,15,recovery;general_adult;intermediate,protein + fiber + hydration,"sleep, hydration, mobility, symptom check",v0.1-safe-seed-2026-06-11
PL0050-D021,PL0050,21,3,false,recovery,walk + mobility + hydration check,15,recovery;general_adult;intermediate,protein + fiber + hydration,"sleep, hydration, mobility, symptom check",v0.1-safe-seed-2026-06-11
PL0050-D022,PL0050,22,4,true,cardio_endurance,"cardio_endurance session with warm-up, main work, and cool-down",45,recovery;general_adult;intermediate,protein + fiber + hydration,"sleep, hydration, mobility, symptom check",v0.1-safe-seed-2026-06-11
PL0050-D023,PL0050,23,4,true,mobility_core,"mobility_core session with warm-up, main work, and cool-down",45,recovery;general_adult;intermediate,protein + fiber + hydration,"sleep, hydration, mobility, symptom check",v0.1-safe-seed-2026-06-11
PL0050-D024,PL0050,24,4,true,upper_lower_split,"upper_lower_split session with warm-up, main work, and cool-down",45,recovery;general_adult;intermediate,protein + fiber + hydration,"sleep, hydration, mobility, symptom check",v0.1-safe-seed-2026-06-11
PL0050-D025,PL0050,25,4,true,skill_practice,"skill_practice session with warm-up, main work, and cool-down",45,recovery;general_adult;intermediate,protein + fiber + hydration,"sleep, hydration, mobility, symptom check",v0.1-safe-seed-2026-06-11
PL0050-D026,PL0050,26,4,false,recovery,walk + mobility + hydration check,15,recovery;general_adult;intermediate,protein + fiber + hydration,"sleep, hydration, mobility, symptom check",v0.1-safe-seed-2026-06-11
PL0050-D027,PL0050,27,4,false,recovery,walk + mobility + hydration check,15,recovery;general_adult;intermediate,protein + fiber + hydration,"sleep, hydration, mobility, symptom check",v0.1-safe-seed-2026-06-11
PL0050-D028,PL0050,28,4,false,recovery,walk + mobility + hydration check,15,recovery;general_adult;intermediate,protein + fiber + hydration,"sleep, hydration, mobility, symptom check",v0.1-safe-seed-2026-06-11
PL0051-D001,PL0051,1,1,true,full_body_strength,"full_body_strength session with warm-up, main work, and cool-down",45,recovery;general_adult;advanced,protein + fiber + hydration,"sleep, hydration, mobility, symptom check",v0.1-safe-seed-2026-06-11
PL0051-D002,PL0051,2,1,true,cardio_endurance,"cardio_endurance session with warm-up, main work, and cool-down",45,recovery;general_adult;advanced,protein + fiber + hydration,"sleep, hydration, mobility, symptom check",v0.1-safe-seed-2026-06-11
PL0051-D003,PL0051,3,1,true,mobility_core,"mobility_core session with warm-up, main work, and cool-down",45,recovery;general_adult;advanced,protein + fiber + hydration,"sleep, hydration, mobility, symptom check",v0.1-safe-seed-2026-06-11
PL0051-D004,PL0051,4,1,true,upper_lower_split,"upper_lower_split session with warm-up, main work, and cool-down",45,recovery;general_adult;advanced,protein + fiber + hydration,"sleep, hydration, mobility, symptom check",v0.1-safe-seed-2026-06-11
PL0051-D005,PL0051,5,1,false,recovery,walk + mobility + hydration check,15,recovery;general_adult;advanced,protein + fiber + hydration,"sleep, hydration, mobility, symptom check",v0.1-safe-seed-2026-06-11
PL0051-D006,PL0051,6,1,false,recovery,walk + mobility + hydration check,15,recovery;general_adult;advanced,protein + fiber + hydration,"sleep, hydration, mobility, symptom check",v0.1-safe-seed-2026-06-11
PL0051-D007,PL0051,7,1,false,recovery,walk + mobility + hydration check,15,recovery;general_adult;advanced,protein + fiber + hydration,"sleep, hydration, mobility, symptom check",v0.1-safe-seed-2026-06-11
PL0051-D008,PL0051,8,2,true,mobility_core,"mobility_core session with warm-up, main work, and cool-down",45,recovery;general_adult;advanced,protein + fiber + hydration,"sleep, hydration, mobility, symptom check",v0.1-safe-seed-2026-06-11
PL0051-D009,PL0051,9,2,true,upper_lower_split,"upper_lower_split session with warm-up, main work, and cool-down",45,recovery;general_adult;advanced,protein + fiber + hydration,"sleep, hydration, mobility, symptom check",v0.1-safe-seed-2026-06-11
PL0051-D010,PL0051,10,2,true,skill_practice,"skill_practice session with warm-up, main work, and cool-down",45,recovery;general_adult;advanced,protein + fiber + hydration,"sleep, hydration, mobility, symptom check",v0.1-safe-seed-2026-06-11
PL0051-D011,PL0051,11,2,true,full_body_strength,"full_body_strength session with warm-up, main work, and cool-down",45,recovery;general_adult;advanced,protein + fiber + hydration,"sleep, hydration, mobility, symptom check",v0.1-safe-seed-2026-06-11
PL0051-D012,PL0051,12,2,false,recovery,walk + mobility + hydration check,15,recovery;general_adult;advanced,protein + fiber + hydration,"sleep, hydration, mobility, symptom check",v0.1-safe-seed-2026-06-11
PL0051-D013,PL0051,13,2,false,recovery,walk + mobility + hydration check,15,recovery;general_adult;advanced,protein + fiber + hydration,"sleep, hydration, mobility, symptom check",v0.1-safe-seed-2026-06-11
PL0051-D014,PL0051,14,2,false,recovery,walk + mobility + hydration check,15,recovery;general_adult;advanced,protein + fiber + hydration,"sleep, hydration, mobility, symptom check",v0.1-safe-seed-2026-06-11
PL0051-D015,PL0051,15,3,true,skill_practice,"skill_practice session with warm-up, main work, and cool-down",45,recovery;general_adult;advanced,protein + fiber + hydration,"sleep, hydration, mobility, symptom check",v0.1-safe-seed-2026-06-11
PL0051-D016,PL0051,16,3,true,full_body_strength,"full_body_strength session with warm-up, main work, and cool-down",45,recovery;general_adult;advanced,protein + fiber + hydration,"sleep, hydration, mobility, symptom check",v0.1-safe-seed-2026-06-11
PL0051-D017,PL0051,17,3,true,cardio_endurance,"cardio_endurance session with warm-up, main work, and cool-down",45,recovery;general_adult;advanced,protein + fiber + hydration,"sleep, hydration, mobility, symptom check",v0.1-safe-seed-2026-06-11
PL0051-D018,PL0051,18,3,true,mobility_core,"mobility_core session with warm-up, main work, and cool-down",45,recovery;general_adult;advanced,protein + fiber + hydration,"sleep, hydration, mobility, symptom check",v0.1-safe-seed-2026-06-11
PL0051-D019,PL0051,19,3,false,recovery,walk + mobility + hydration check,15,recovery;general_adult;advanced,protein + fiber + hydration,"sleep, hydration, mobility, symptom check",v0.1-safe-seed-2026-06-11
PL0051-D020,PL0051,20,3,false,recovery,walk + mobility + hydration check,15,recovery;general_adult;advanced,protein + fiber + hydration,"sleep, hydration, mobility, symptom check",v0.1-safe-seed-2026-06-11
PL0051-D021,PL0051,21,3,false,recovery,walk + mobility + hydration check,15,recovery;general_adult;advanced,protein + fiber + hydration,"sleep, hydration, mobility, symptom check",v0.1-safe-seed-2026-06-11
PL0051-D022,PL0051,22,4,true,cardio_endurance,"cardio_endurance session with warm-up, main work, and cool-down",45,recovery;general_adult;advanced,protein + fiber + hydration,"sleep, hydration, mobility, symptom check",v0.1-safe-seed-2026-06-11
PL0051-D023,PL0051,23,4,true,mobility_core,"mobility_core session with warm-up, main work, and cool-down",45,recovery;general_adult;advanced,protein + fiber + hydration,"sleep, hydration, mobility, symptom check",v0.1-safe-seed-2026-06-11
PL0051-D024,PL0051,24,4,true,upper_lower_split,"upper_lower_split session with warm-up, main work, and cool-down",45,recovery;general_adult;advanced,protein + fiber + hydration,"sleep, hydration, mobility, symptom check",v0.1-safe-seed-2026-06-11
PL0051-D025,PL0051,25,4,true,skill_practice,"skill_practice session with warm-up, main work, and cool-down",45,recovery;general_adult;advanced,protein + fiber + hydration,"sleep, hydration, mobility, symptom check",v0.1-safe-seed-2026-06-11
PL0051-D026,PL0051,26,4,false,recovery,walk + mobility + hydration check,15,recovery;general_adult;advanced,protein + fiber + hydration,"sleep, hydration, mobility, symptom check",v0.1-safe-seed-2026-06-11
PL0051-D027,PL0051,27,4,false,recovery,walk + mobility + hydration check,15,recovery;general_adult;advanced,protein + fiber + hydration,"sleep, hydration, mobility, symptom check",v0.1-safe-seed-2026-06-11
PL0051-D028,PL0051,28,4,false,recovery,walk + mobility + hydration check,15,recovery;general_adult;advanced,protein + fiber + hydration,"sleep, hydration, mobility, symptom check",v0.1-safe-seed-2026-06-11
PL0052-D001,PL0052,1,1,true,full_body_strength,"full_body_strength session with warm-up, main work, and cool-down",30,athletic_power;general_adult;beginner,protein + fiber + hydration,"sleep, hydration, mobility, symptom check",v0.1-safe-seed-2026-06-11
PL0052-D002,PL0052,2,1,true,cardio_endurance,"cardio_endurance session with warm-up, main work, and cool-down",30,athletic_power;general_adult;beginner,protein + fiber + hydration,"sleep, hydration, mobility, symptom check",v0.1-safe-seed-2026-06-11
PL0052-D003,PL0052,3,1,true,mobility_core,"mobility_core session with warm-up, main work, and cool-down",30,athletic_power;general_adult;beginner,protein + fiber + hydration,"sleep, hydration, mobility, symptom check",v0.1-safe-seed-2026-06-11
PL0052-D004,PL0052,4,1,true,upper_lower_split,"upper_lower_split session with warm-up, main work, and cool-down",30,athletic_power;general_adult;beginner,protein + fiber + hydration,"sleep, hydration, mobility, symptom check",v0.1-safe-seed-2026-06-11
PL0052-D005,PL0052,5,1,false,recovery,walk + mobility + hydration check,15,athletic_power;general_adult;beginner,protein + fiber + hydration,"sleep, hydration, mobility, symptom check",v0.1-safe-seed-2026-06-11
PL0052-D006,PL0052,6,1,false,recovery,walk + mobility + hydration check,15,athletic_power;general_adult;beginner,protein + fiber + hydration,"sleep, hydration, mobility, symptom check",v0.1-safe-seed-2026-06-11
PL0052-D007,PL0052,7,1,false,recovery,walk + mobility + hydration check,15,athletic_power;general_adult;beginner,protein + fiber + hydration,"sleep, hydration, mobility, symptom check",v0.1-safe-seed-2026-06-11
PL0052-D008,PL0052,8,2,true,mobility_core,"mobility_core session with warm-up, main work, and cool-down",30,athletic_power;general_adult;beginner,protein + fiber + hydration,"sleep, hydration, mobility, symptom check",v0.1-safe-seed-2026-06-11
PL0052-D009,PL0052,9,2,true,upper_lower_split,"upper_lower_split session with warm-up, main work, and cool-down",30,athletic_power;general_adult;beginner,protein + fiber + hydration,"sleep, hydration, mobility, symptom check",v0.1-safe-seed-2026-06-11
PL0052-D010,PL0052,10,2,true,skill_practice,"skill_practice session with warm-up, main work, and cool-down",30,athletic_power;general_adult;beginner,protein + fiber + hydration,"sleep, hydration, mobility, symptom check",v0.1-safe-seed-2026-06-11
PL0052-D011,PL0052,11,2,true,full_body_strength,"full_body_strength session with warm-up, main work, and cool-down",30,athletic_power;general_adult;beginner,protein + fiber + hydration,"sleep, hydration, mobility, symptom check",v0.1-safe-seed-2026-06-11
PL0052-D012,PL0052,12,2,false,recovery,walk + mobility + hydration check,15,athletic_power;general_adult;beginner,protein + fiber + hydration,"sleep, hydration, mobility, symptom check",v0.1-safe-seed-2026-06-11
PL0052-D013,PL0052,13,2,false,recovery,walk + mobility + hydration check,15,athletic_power;general_adult;beginner,protein + fiber + hydration,"sleep, hydration, mobility, symptom check",v0.1-safe-seed-2026-06-11
PL0052-D014,PL0052,14,2,false,recovery,walk + mobility + hydration check,15,athletic_power;general_adult;beginner,protein + fiber + hydration,"sleep, hydration, mobility, symptom check",v0.1-safe-seed-2026-06-11
PL0052-D015,PL0052,15,3,true,skill_practice,"skill_practice session with warm-up, main work, and cool-down",30,athletic_power;general_adult;beginner,protein + fiber + hydration,"sleep, hydration, mobility, symptom check",v0.1-safe-seed-2026-06-11
PL0052-D016,PL0052,16,3,true,full_body_strength,"full_body_strength session with warm-up, main work, and cool-down",30,athletic_power;general_adult;beginner,protein + fiber + hydration,"sleep, hydration, mobility, symptom check",v0.1-safe-seed-2026-06-11
PL0052-D017,PL0052,17,3,true,cardio_endurance,"cardio_endurance session with warm-up, main work, and cool-down",30,athletic_power;general_adult;beginner,protein + fiber + hydration,"sleep, hydration, mobility, symptom check",v0.1-safe-seed-2026-06-11
PL0052-D018,PL0052,18,3,true,mobility_core,"mobility_core session with warm-up, main work, and cool-down",30,athletic_power;general_adult;beginner,protein + fiber + hydration,"sleep, hydration, mobility, symptom check",v0.1-safe-seed-2026-06-11
PL0052-D019,PL0052,19,3,false,recovery,walk + mobility + hydration check,15,athletic_power;general_adult;beginner,protein + fiber + hydration,"sleep, hydration, mobility, symptom check",v0.1-safe-seed-2026-06-11
PL0052-D020,PL0052,20,3,false,recovery,walk + mobility + hydration check,15,athletic_power;general_adult;beginner,protein + fiber + hydration,"sleep, hydration, mobility, symptom check",v0.1-safe-seed-2026-06-11
PL0052-D021,PL0052,21,3,false,recovery,walk + mobility + hydration check,15,athletic_power;general_adult;beginner,protein + fiber + hydration,"sleep, hydration, mobility, symptom check",v0.1-safe-seed-2026-06-11
PL0052-D022,PL0052,22,4,true,cardio_endurance,"cardio_endurance session with warm-up, main work, and cool-down",30,athletic_power;general_adult;beginner,protein + fiber + hydration,"sleep, hydration, mobility, symptom check",v0.1-safe-seed-2026-06-11
PL0052-D023,PL0052,23,4,true,mobility_core,"mobility_core session with warm-up, main work, and cool-down",30,athletic_power;general_adult;beginner,protein + fiber + hydration,"sleep, hydration, mobility, symptom check",v0.1-safe-seed-2026-06-11
PL0052-D024,PL0052,24,4,true,upper_lower_split,"upper_lower_split session with warm-up, main work, and cool-down",30,athletic_power;general_adult;beginner,protein + fiber + hydration,"sleep, hydration, mobility, symptom check",v0.1-safe-seed-2026-06-11
PL0052-D025,PL0052,25,4,true,skill_practice,"skill_practice session with warm-up, main work, and cool-down",30,athletic_power;general_adult;beginner,protein + fiber + hydration,"sleep, hydration, mobility, symptom check",v0.1-safe-seed-2026-06-11
PL0052-D026,PL0052,26,4,false,recovery,walk + mobility + hydration check,15,athletic_power;general_adult;beginner,protein + fiber + hydration,"sleep, hydration, mobility, symptom check",v0.1-safe-seed-2026-06-11
PL0052-D027,PL0052,27,4,false,recovery,walk + mobility + hydration check,15,athletic_power;general_adult;beginner,protein + fiber + hydration,"sleep, hydration, mobility, symptom check",v0.1-safe-seed-2026-06-11
PL0052-D028,PL0052,28,4,false,recovery,walk + mobility + hydration check,15,athletic_power;general_adult;beginner,protein + fiber + hydration,"sleep, hydration, mobility, symptom check",v0.1-safe-seed-2026-06-11
PL0053-D001,PL0053,1,1,true,full_body_strength,"full_body_strength session with warm-up, main work, and cool-down",45,athletic_power;general_adult;intermediate,protein + fiber + hydration,"sleep, hydration, mobility, symptom check",v0.1-safe-seed-2026-06-11
PL0053-D002,PL0053,2,1,true,cardio_endurance,"cardio_endurance session with warm-up, main work, and cool-down",45,athletic_power;general_adult;intermediate,protein + fiber + hydration,"sleep, hydration, mobility, symptom check",v0.1-safe-seed-2026-06-11
PL0053-D003,PL0053,3,1,true,mobility_core,"mobility_core session with warm-up, main work, and cool-down",45,athletic_power;general_adult;intermediate,protein + fiber + hydration,"sleep, hydration, mobility, symptom check",v0.1-safe-seed-2026-06-11
PL0053-D004,PL0053,4,1,true,upper_lower_split,"upper_lower_split session with warm-up, main work, and cool-down",45,athletic_power;general_adult;intermediate,protein + fiber + hydration,"sleep, hydration, mobility, symptom check",v0.1-safe-seed-2026-06-11
PL0053-D005,PL0053,5,1,false,recovery,walk + mobility + hydration check,15,athletic_power;general_adult;intermediate,protein + fiber + hydration,"sleep, hydration, mobility, symptom check",v0.1-safe-seed-2026-06-11
PL0053-D006,PL0053,6,1,false,recovery,walk + mobility + hydration check,15,athletic_power;general_adult;intermediate,protein + fiber + hydration,"sleep, hydration, mobility, symptom check",v0.1-safe-seed-2026-06-11
PL0053-D007,PL0053,7,1,false,recovery,walk + mobility + hydration check,15,athletic_power;general_adult;intermediate,protein + fiber + hydration,"sleep, hydration, mobility, symptom check",v0.1-safe-seed-2026-06-11
PL0053-D008,PL0053,8,2,true,mobility_core,"mobility_core session with warm-up, main work, and cool-down",45,athletic_power;general_adult;intermediate,protein + fiber + hydration,"sleep, hydration, mobility, symptom check",v0.1-safe-seed-2026-06-11
PL0053-D009,PL0053,9,2,true,upper_lower_split,"upper_lower_split session with warm-up, main work, and cool-down",45,athletic_power;general_adult;intermediate,protein + fiber + hydration,"sleep, hydration, mobility, symptom check",v0.1-safe-seed-2026-06-11
PL0053-D010,PL0053,10,2,true,skill_practice,"skill_practice session with warm-up, main work, and cool-down",45,athletic_power;general_adult;intermediate,protein + fiber + hydration,"sleep, hydration, mobility, symptom check",v0.1-safe-seed-2026-06-11
PL0053-D011,PL0053,11,2,true,full_body_strength,"full_body_strength session with warm-up, main work, and cool-down",45,athletic_power;general_adult;intermediate,protein + fiber + hydration,"sleep, hydration, mobility, symptom check",v0.1-safe-seed-2026-06-11
PL0053-D012,PL0053,12,2,false,recovery,walk + mobility + hydration check,15,athletic_power;general_adult;intermediate,protein + fiber + hydration,"sleep, hydration, mobility, symptom check",v0.1-safe-seed-2026-06-11
PL0053-D013,PL0053,13,2,false,recovery,walk + mobility + hydration check,15,athletic_power;general_adult;intermediate,protein + fiber + hydration,"sleep, hydration, mobility, symptom check",v0.1-safe-seed-2026-06-11
PL0053-D014,PL0053,14,2,false,recovery,walk + mobility + hydration check,15,athletic_power;general_adult;intermediate,protein + fiber + hydration,"sleep, hydration, mobility, symptom check",v0.1-safe-seed-2026-06-11
PL0053-D015,PL0053,15,3,true,skill_practice,"skill_practice session with warm-up, main work, and cool-down",45,athletic_power;general_adult;intermediate,protein + fiber + hydration,"sleep, hydration, mobility, symptom check",v0.1-safe-seed-2026-06-11
PL0053-D016,PL0053,16,3,true,full_body_strength,"full_body_strength session with warm-up, main work, and cool-down",45,athletic_power;general_adult;intermediate,protein + fiber + hydration,"sleep, hydration, mobility, symptom check",v0.1-safe-seed-2026-06-11
PL0053-D017,PL0053,17,3,true,cardio_endurance,"cardio_endurance session with warm-up, main work, and cool-down",45,athletic_power;general_adult;intermediate,protein + fiber + hydration,"sleep, hydration, mobility, symptom check",v0.1-safe-seed-2026-06-11
PL0053-D018,PL0053,18,3,true,mobility_core,"mobility_core session with warm-up, main work, and cool-down",45,athletic_power;general_adult;intermediate,protein + fiber + hydration,"sleep, hydration, mobility, symptom check",v0.1-safe-seed-2026-06-11
PL0053-D019,PL0053,19,3,false,recovery,walk + mobility + hydration check,15,athletic_power;general_adult;intermediate,protein + fiber + hydration,"sleep, hydration, mobility, symptom check",v0.1-safe-seed-2026-06-11
PL0053-D020,PL0053,20,3,false,recovery,walk + mobility + hydration check,15,athletic_power;general_adult;intermediate,protein + fiber + hydration,"sleep, hydration, mobility, symptom check",v0.1-safe-seed-2026-06-11
PL0053-D021,PL0053,21,3,false,recovery,walk + mobility + hydration check,15,athletic_power;general_adult;intermediate,protein + fiber + hydration,"sleep, hydration, mobility, symptom check",v0.1-safe-seed-2026-06-11
PL0053-D022,PL0053,22,4,true,cardio_endurance,"cardio_endurance session with warm-up, main work, and cool-down",45,athletic_power;general_adult;intermediate,protein + fiber + hydration,"sleep, hydration, mobility, symptom check",v0.1-safe-seed-2026-06-11
PL0053-D023,PL0053,23,4,true,mobility_core,"mobility_core session with warm-up, main work, and cool-down",45,athletic_power;general_adult;intermediate,protein + fiber + hydration,"sleep, hydration, mobility, symptom check",v0.1-safe-seed-2026-06-11
PL0053-D024,PL0053,24,4,true,upper_lower_split,"upper_lower_split session with warm-up, main work, and cool-down",45,athletic_power;general_adult;intermediate,protein + fiber + hydration,"sleep, hydration, mobility, symptom check",v0.1-safe-seed-2026-06-11
PL0053-D025,PL0053,25,4,true,skill_practice,"skill_practice session with warm-up, main work, and cool-down",45,athletic_power;general_adult;intermediate,protein + fiber + hydration,"sleep, hydration, mobility, symptom check",v0.1-safe-seed-2026-06-11
PL0053-D026,PL0053,26,4,false,recovery,walk + mobility + hydration check,15,athletic_power;general_adult;intermediate,protein + fiber + hydration,"sleep, hydration, mobility, symptom check",v0.1-safe-seed-2026-06-11
PL0053-D027,PL0053,27,4,false,recovery,walk + mobility + hydration check,15,athletic_power;general_adult;intermediate,protein + fiber + hydration,"sleep, hydration, mobility, symptom check",v0.1-safe-seed-2026-06-11
PL0053-D028,PL0053,28,4,false,recovery,walk + mobility + hydration check,15,athletic_power;general_adult;intermediate,protein + fiber + hydration,"sleep, hydration, mobility, symptom check",v0.1-safe-seed-2026-06-11
PL0054-D001,PL0054,1,1,true,full_body_strength,"full_body_strength session with warm-up, main work, and cool-down",45,athletic_power;general_adult;advanced,protein + fiber + hydration,"sleep, hydration, mobility, symptom check",v0.1-safe-seed-2026-06-11
PL0054-D002,PL0054,2,1,true,cardio_endurance,"cardio_endurance session with warm-up, main work, and cool-down",45,athletic_power;general_adult;advanced,protein + fiber + hydration,"sleep, hydration, mobility, symptom check",v0.1-safe-seed-2026-06-11
PL0054-D003,PL0054,3,1,true,mobility_core,"mobility_core session with warm-up, main work, and cool-down",45,athletic_power;general_adult;advanced,protein + fiber + hydration,"sleep, hydration, mobility, symptom check",v0.1-safe-seed-2026-06-11
PL0054-D004,PL0054,4,1,true,upper_lower_split,"upper_lower_split session with warm-up, main work, and cool-down",45,athletic_power;general_adult;advanced,protein + fiber + hydration,"sleep, hydration, mobility, symptom check",v0.1-safe-seed-2026-06-11
PL0054-D005,PL0054,5,1,false,recovery,walk + mobility + hydration check,15,athletic_power;general_adult;advanced,protein + fiber + hydration,"sleep, hydration, mobility, symptom check",v0.1-safe-seed-2026-06-11
PL0054-D006,PL0054,6,1,false,recovery,walk + mobility + hydration check,15,athletic_power;general_adult;advanced,protein + fiber + hydration,"sleep, hydration, mobility, symptom check",v0.1-safe-seed-2026-06-11
PL0054-D007,PL0054,7,1,false,recovery,walk + mobility + hydration check,15,athletic_power;general_adult;advanced,protein + fiber + hydration,"sleep, hydration, mobility, symptom check",v0.1-safe-seed-2026-06-11
PL0054-D008,PL0054,8,2,true,mobility_core,"mobility_core session with warm-up, main work, and cool-down",45,athletic_power;general_adult;advanced,protein + fiber + hydration,"sleep, hydration, mobility, symptom check",v0.1-safe-seed-2026-06-11
PL0054-D009,PL0054,9,2,true,upper_lower_split,"upper_lower_split session with warm-up, main work, and cool-down",45,athletic_power;general_adult;advanced,protein + fiber + hydration,"sleep, hydration, mobility, symptom check",v0.1-safe-seed-2026-06-11
PL0054-D010,PL0054,10,2,true,skill_practice,"skill_practice session with warm-up, main work, and cool-down",45,athletic_power;general_adult;advanced,protein + fiber + hydration,"sleep, hydration, mobility, symptom check",v0.1-safe-seed-2026-06-11
PL0054-D011,PL0054,11,2,true,full_body_strength,"full_body_strength session with warm-up, main work, and cool-down",45,athletic_power;general_adult;advanced,protein + fiber + hydration,"sleep, hydration, mobility, symptom check",v0.1-safe-seed-2026-06-11
PL0054-D012,PL0054,12,2,false,recovery,walk + mobility + hydration check,15,athletic_power;general_adult;advanced,protein + fiber + hydration,"sleep, hydration, mobility, symptom check",v0.1-safe-seed-2026-06-11
PL0054-D013,PL0054,13,2,false,recovery,walk + mobility + hydration check,15,athletic_power;general_adult;advanced,protein + fiber + hydration,"sleep, hydration, mobility, symptom check",v0.1-safe-seed-2026-06-11
PL0054-D014,PL0054,14,2,false,recovery,walk + mobility + hydration check,15,athletic_power;general_adult;advanced,protein + fiber + hydration,"sleep, hydration, mobility, symptom check",v0.1-safe-seed-2026-06-11
PL0054-D015,PL0054,15,3,true,skill_practice,"skill_practice session with warm-up, main work, and cool-down",45,athletic_power;general_adult;advanced,protein + fiber + hydration,"sleep, hydration, mobility, symptom check",v0.1-safe-seed-2026-06-11
PL0054-D016,PL0054,16,3,true,full_body_strength,"full_body_strength session with warm-up, main work, and cool-down",45,athletic_power;general_adult;advanced,protein + fiber + hydration,"sleep, hydration, mobility, symptom check",v0.1-safe-seed-2026-06-11
PL0054-D017,PL0054,17,3,true,cardio_endurance,"cardio_endurance session with warm-up, main work, and cool-down",45,athletic_power;general_adult;advanced,protein + fiber + hydration,"sleep, hydration, mobility, symptom check",v0.1-safe-seed-2026-06-11
PL0054-D018,PL0054,18,3,true,mobility_core,"mobility_core session with warm-up, main work, and cool-down",45,athletic_power;general_adult;advanced,protein + fiber + hydration,"sleep, hydration, mobility, symptom check",v0.1-safe-seed-2026-06-11
PL0054-D019,PL0054,19,3,false,recovery,walk + mobility + hydration check,15,athletic_power;general_adult;advanced,protein + fiber + hydration,"sleep, hydration, mobility, symptom check",v0.1-safe-seed-2026-06-11
PL0054-D020,PL0054,20,3,false,recovery,walk + mobility + hydration check,15,athletic_power;general_adult;advanced,protein + fiber + hydration,"sleep, hydration, mobility, symptom check",v0.1-safe-seed-2026-06-11
PL0054-D021,PL0054,21,3,false,recovery,walk + mobility + hydration check,15,athletic_power;general_adult;advanced,protein + fiber + hydration,"sleep, hydration, mobility, symptom check",v0.1-safe-seed-2026-06-11
PL0054-D022,PL0054,22,4,true,cardio_endurance,"cardio_endurance session with warm-up, main work, and cool-down",45,athletic_power;general_adult;advanced,protein + fiber + hydration,"sleep, hydration, mobility, symptom check",v0.1-safe-seed-2026-06-11
PL0054-D023,PL0054,23,4,true,mobility_core,"mobility_core session with warm-up, main work, and cool-down",45,athletic_power;general_adult;advanced,protein + fiber + hydration,"sleep, hydration, mobility, symptom check",v0.1-safe-seed-2026-06-11
PL0054-D024,PL0054,24,4,true,upper_lower_split,"upper_lower_split session with warm-up, main work, and cool-down",45,athletic_power;general_adult;advanced,protein + fiber + hydration,"sleep, hydration, mobility, symptom check",v0.1-safe-seed-2026-06-11
PL0054-D025,PL0054,25,4,true,skill_practice,"skill_practice session with warm-up, main work, and cool-down",45,athletic_power;general_adult;advanced,protein + fiber + hydration,"sleep, hydration, mobility, symptom check",v0.1-safe-seed-2026-06-11
PL0054-D026,PL0054,26,4,false,recovery,walk + mobility + hydration check,15,athletic_power;general_adult;advanced,protein + fiber + hydration,"sleep, hydration, mobility, symptom check",v0.1-safe-seed-2026-06-11
PL0054-D027,PL0054,27,4,false,recovery,walk + mobility + hydration check,15,athletic_power;general_adult;advanced,protein + fiber + hydration,"sleep, hydration, mobility, symptom check",v0.1-safe-seed-2026-06-11
PL0054-D028,PL0054,28,4,false,recovery,walk + mobility + hydration check,15,athletic_power;general_adult;advanced,protein + fiber + hydration,"sleep, hydration, mobility, symptom check",v0.1-safe-seed-2026-06-11
PL0055-D001,PL0055,1,1,true,full_body_strength,"full_body_strength session with warm-up, main work, and cool-down",30,office_mobility;general_adult;beginner,protein + fiber + hydration,"sleep, hydration, mobility, symptom check",v0.1-safe-seed-2026-06-11
PL0055-D002,PL0055,2,1,true,cardio_endurance,"cardio_endurance session with warm-up, main work, and cool-down",30,office_mobility;general_adult;beginner,protein + fiber + hydration,"sleep, hydration, mobility, symptom check",v0.1-safe-seed-2026-06-11
PL0055-D003,PL0055,3,1,true,mobility_core,"mobility_core session with warm-up, main work, and cool-down",30,office_mobility;general_adult;beginner,protein + fiber + hydration,"sleep, hydration, mobility, symptom check",v0.1-safe-seed-2026-06-11
PL0055-D004,PL0055,4,1,true,upper_lower_split,"upper_lower_split session with warm-up, main work, and cool-down",30,office_mobility;general_adult;beginner,protein + fiber + hydration,"sleep, hydration, mobility, symptom check",v0.1-safe-seed-2026-06-11
PL0055-D005,PL0055,5,1,false,recovery,walk + mobility + hydration check,15,office_mobility;general_adult;beginner,protein + fiber + hydration,"sleep, hydration, mobility, symptom check",v0.1-safe-seed-2026-06-11
PL0055-D006,PL0055,6,1,false,recovery,walk + mobility + hydration check,15,office_mobility;general_adult;beginner,protein + fiber + hydration,"sleep, hydration, mobility, symptom check",v0.1-safe-seed-2026-06-11
PL0055-D007,PL0055,7,1,false,recovery,walk + mobility + hydration check,15,office_mobility;general_adult;beginner,protein + fiber + hydration,"sleep, hydration, mobility, symptom check",v0.1-safe-seed-2026-06-11
PL0055-D008,PL0055,8,2,true,mobility_core,"mobility_core session with warm-up, main work, and cool-down",30,office_mobility;general_adult;beginner,protein + fiber + hydration,"sleep, hydration, mobility, symptom check",v0.1-safe-seed-2026-06-11
PL0055-D009,PL0055,9,2,true,upper_lower_split,"upper_lower_split session with warm-up, main work, and cool-down",30,office_mobility;general_adult;beginner,protein + fiber + hydration,"sleep, hydration, mobility, symptom check",v0.1-safe-seed-2026-06-11
PL0055-D010,PL0055,10,2,true,skill_practice,"skill_practice session with warm-up, main work, and cool-down",30,office_mobility;general_adult;beginner,protein + fiber + hydration,"sleep, hydration, mobility, symptom check",v0.1-safe-seed-2026-06-11
PL0055-D011,PL0055,11,2,true,full_body_strength,"full_body_strength session with warm-up, main work, and cool-down",30,office_mobility;general_adult;beginner,protein + fiber + hydration,"sleep, hydration, mobility, symptom check",v0.1-safe-seed-2026-06-11
PL0055-D012,PL0055,12,2,false,recovery,walk + mobility + hydration check,15,office_mobility;general_adult;beginner,protein + fiber + hydration,"sleep, hydration, mobility, symptom check",v0.1-safe-seed-2026-06-11
PL0055-D013,PL0055,13,2,false,recovery,walk + mobility + hydration check,15,office_mobility;general_adult;beginner,protein + fiber + hydration,"sleep, hydration, mobility, symptom check",v0.1-safe-seed-2026-06-11
PL0055-D014,PL0055,14,2,false,recovery,walk + mobility + hydration check,15,office_mobility;general_adult;beginner,protein + fiber + hydration,"sleep, hydration, mobility, symptom check",v0.1-safe-seed-2026-06-11
PL0055-D015,PL0055,15,3,true,skill_practice,"skill_practice session with warm-up, main work, and cool-down",30,office_mobility;general_adult;beginner,protein + fiber + hydration,"sleep, hydration, mobility, symptom check",v0.1-safe-seed-2026-06-11
PL0055-D016,PL0055,16,3,true,full_body_strength,"full_body_strength session with warm-up, main work, and cool-down",30,office_mobility;general_adult;beginner,protein + fiber + hydration,"sleep, hydration, mobility, symptom check",v0.1-safe-seed-2026-06-11
PL0055-D017,PL0055,17,3,true,cardio_endurance,"cardio_endurance session with warm-up, main work, and cool-down",30,office_mobility;general_adult;beginner,protein + fiber + hydration,"sleep, hydration, mobility, symptom check",v0.1-safe-seed-2026-06-11
PL0055-D018,PL0055,18,3,true,mobility_core,"mobility_core session with warm-up, main work, and cool-down",30,office_mobility;general_adult;beginner,protein + fiber + hydration,"sleep, hydration, mobility, symptom check",v0.1-safe-seed-2026-06-11
PL0055-D019,PL0055,19,3,false,recovery,walk + mobility + hydration check,15,office_mobility;general_adult;beginner,protein + fiber + hydration,"sleep, hydration, mobility, symptom check",v0.1-safe-seed-2026-06-11
PL0055-D020,PL0055,20,3,false,recovery,walk + mobility + hydration check,15,office_mobility;general_adult;beginner,protein + fiber + hydration,"sleep, hydration, mobility, symptom check",v0.1-safe-seed-2026-06-11
PL0055-D021,PL0055,21,3,false,recovery,walk + mobility + hydration check,15,office_mobility;general_adult;beginner,protein + fiber + hydration,"sleep, hydration, mobility, symptom check",v0.1-safe-seed-2026-06-11
PL0055-D022,PL0055,22,4,true,cardio_endurance,"cardio_endurance session with warm-up, main work, and cool-down",30,office_mobility;general_adult;beginner,protein + fiber + hydration,"sleep, hydration, mobility, symptom check",v0.1-safe-seed-2026-06-11
PL0055-D023,PL0055,23,4,true,mobility_core,"mobility_core session with warm-up, main work, and cool-down",30,office_mobility;general_adult;beginner,protein + fiber + hydration,"sleep, hydration, mobility, symptom check",v0.1-safe-seed-2026-06-11
PL0055-D024,PL0055,24,4,true,upper_lower_split,"upper_lower_split session with warm-up, main work, and cool-down",30,office_mobility;general_adult;beginner,protein + fiber + hydration,"sleep, hydration, mobility, symptom check",v0.1-safe-seed-2026-06-11
PL0055-D025,PL0055,25,4,true,skill_practice,"skill_practice session with warm-up, main work, and cool-down",30,office_mobility;general_adult;beginner,protein + fiber + hydration,"sleep, hydration, mobility, symptom check",v0.1-safe-seed-2026-06-11
PL0055-D026,PL0055,26,4,false,recovery,walk + mobility + hydration check,15,office_mobility;general_adult;beginner,protein + fiber + hydration,"sleep, hydration, mobility, symptom check",v0.1-safe-seed-2026-06-11
PL0055-D027,PL0055,27,4,false,recovery,walk + mobility + hydration check,15,office_mobility;general_adult;beginner,protein + fiber + hydration,"sleep, hydration, mobility, symptom check",v0.1-safe-seed-2026-06-11
PL0055-D028,PL0055,28,4,false,recovery,walk + mobility + hydration check,15,office_mobility;general_adult;beginner,protein + fiber + hydration,"sleep, hydration, mobility, symptom check",v0.1-safe-seed-2026-06-11
PL0056-D001,PL0056,1,1,true,full_body_strength,"full_body_strength session with warm-up, main work, and cool-down",45,office_mobility;general_adult;intermediate,protein + fiber + hydration,"sleep, hydration, mobility, symptom check",v0.1-safe-seed-2026-06-11
PL0056-D002,PL0056,2,1,true,cardio_endurance,"cardio_endurance session with warm-up, main work, and cool-down",45,office_mobility;general_adult;intermediate,protein + fiber + hydration,"sleep, hydration, mobility, symptom check",v0.1-safe-seed-2026-06-11
PL0056-D003,PL0056,3,1,true,mobility_core,"mobility_core session with warm-up, main work, and cool-down",45,office_mobility;general_adult;intermediate,protein + fiber + hydration,"sleep, hydration, mobility, symptom check",v0.1-safe-seed-2026-06-11
PL0056-D004,PL0056,4,1,true,upper_lower_split,"upper_lower_split session with warm-up, main work, and cool-down",45,office_mobility;general_adult;intermediate,protein + fiber + hydration,"sleep, hydration, mobility, symptom check",v0.1-safe-seed-2026-06-11
PL0056-D005,PL0056,5,1,false,recovery,walk + mobility + hydration check,15,office_mobility;general_adult;intermediate,protein + fiber + hydration,"sleep, hydration, mobility, symptom check",v0.1-safe-seed-2026-06-11
PL0056-D006,PL0056,6,1,false,recovery,walk + mobility + hydration check,15,office_mobility;general_adult;intermediate,protein + fiber + hydration,"sleep, hydration, mobility, symptom check",v0.1-safe-seed-2026-06-11
PL0056-D007,PL0056,7,1,false,recovery,walk + mobility + hydration check,15,office_mobility;general_adult;intermediate,protein + fiber + hydration,"sleep, hydration, mobility, symptom check",v0.1-safe-seed-2026-06-11
PL0056-D008,PL0056,8,2,true,mobility_core,"mobility_core session with warm-up, main work, and cool-down",45,office_mobility;general_adult;intermediate,protein + fiber + hydration,"sleep, hydration, mobility, symptom check",v0.1-safe-seed-2026-06-11
PL0056-D009,PL0056,9,2,true,upper_lower_split,"upper_lower_split session with warm-up, main work, and cool-down",45,office_mobility;general_adult;intermediate,protein + fiber + hydration,"sleep, hydration, mobility, symptom check",v0.1-safe-seed-2026-06-11
PL0056-D010,PL0056,10,2,true,skill_practice,"skill_practice session with warm-up, main work, and cool-down",45,office_mobility;general_adult;intermediate,protein + fiber + hydration,"sleep, hydration, mobility, symptom check",v0.1-safe-seed-2026-06-11
PL0056-D011,PL0056,11,2,true,full_body_strength,"full_body_strength session with warm-up, main work, and cool-down",45,office_mobility;general_adult;intermediate,protein + fiber + hydration,"sleep, hydration, mobility, symptom check",v0.1-safe-seed-2026-06-11
PL0056-D012,PL0056,12,2,false,recovery,walk + mobility + hydration check,15,office_mobility;general_adult;intermediate,protein + fiber + hydration,"sleep, hydration, mobility, symptom check",v0.1-safe-seed-2026-06-11
PL0056-D013,PL0056,13,2,false,recovery,walk + mobility + hydration check,15,office_mobility;general_adult;intermediate,protein + fiber + hydration,"sleep, hydration, mobility, symptom check",v0.1-safe-seed-2026-06-11
PL0056-D014,PL0056,14,2,false,recovery,walk + mobility + hydration check,15,office_mobility;general_adult;intermediate,protein + fiber + hydration,"sleep, hydration, mobility, symptom check",v0.1-safe-seed-2026-06-11
PL0056-D015,PL0056,15,3,true,skill_practice,"skill_practice session with warm-up, main work, and cool-down",45,office_mobility;general_adult;intermediate,protein + fiber + hydration,"sleep, hydration, mobility, symptom check",v0.1-safe-seed-2026-06-11
PL0056-D016,PL0056,16,3,true,full_body_strength,"full_body_strength session with warm-up, main work, and cool-down",45,office_mobility;general_adult;intermediate,protein + fiber + hydration,"sleep, hydration, mobility, symptom check",v0.1-safe-seed-2026-06-11
PL0056-D017,PL0056,17,3,true,cardio_endurance,"cardio_endurance session with warm-up, main work, and cool-down",45,office_mobility;general_adult;intermediate,protein + fiber + hydration,"sleep, hydration, mobility, symptom check",v0.1-safe-seed-2026-06-11
PL0056-D018,PL0056,18,3,true,mobility_core,"mobility_core session with warm-up, main work, and cool-down",45,office_mobility;general_adult;intermediate,protein + fiber + hydration,"sleep, hydration, mobility, symptom check",v0.1-safe-seed-2026-06-11
PL0056-D019,PL0056,19,3,false,recovery,walk + mobility + hydration check,15,office_mobility;general_adult;intermediate,protein + fiber + hydration,"sleep, hydration, mobility, symptom check",v0.1-safe-seed-2026-06-11
PL0056-D020,PL0056,20,3,false,recovery,walk + mobility + hydration check,15,office_mobility;general_adult;intermediate,protein + fiber + hydration,"sleep, hydration, mobility, symptom check",v0.1-safe-seed-2026-06-11
PL0056-D021,PL0056,21,3,false,recovery,walk + mobility + hydration check,15,office_mobility;general_adult;intermediate,protein + fiber + hydration,"sleep, hydration, mobility, symptom check",v0.1-safe-seed-2026-06-11
PL0056-D022,PL0056,22,4,true,cardio_endurance,"cardio_endurance session with warm-up, main work, and cool-down",45,office_mobility;general_adult;intermediate,protein + fiber + hydration,"sleep, hydration, mobility, symptom check",v0.1-safe-seed-2026-06-11
PL0056-D023,PL0056,23,4,true,mobility_core,"mobility_core session with warm-up, main work, and cool-down",45,office_mobility;general_adult;intermediate,protein + fiber + hydration,"sleep, hydration, mobility, symptom check",v0.1-safe-seed-2026-06-11
PL0056-D024,PL0056,24,4,true,upper_lower_split,"upper_lower_split session with warm-up, main work, and cool-down",45,office_mobility;general_adult;intermediate,protein + fiber + hydration,"sleep, hydration, mobility, symptom check",v0.1-safe-seed-2026-06-11
PL0056-D025,PL0056,25,4,true,skill_practice,"skill_practice session with warm-up, main work, and cool-down",45,office_mobility;general_adult;intermediate,protein + fiber + hydration,"sleep, hydration, mobility, symptom check",v0.1-safe-seed-2026-06-11
PL0056-D026,PL0056,26,4,false,recovery,walk + mobility + hydration check,15,office_mobility;general_adult;intermediate,protein + fiber + hydration,"sleep, hydration, mobility, symptom check",v0.1-safe-seed-2026-06-11
PL0056-D027,PL0056,27,4,false,recovery,walk + mobility + hydration check,15,office_mobility;general_adult;intermediate,protein + fiber + hydration,"sleep, hydration, mobility, symptom check",v0.1-safe-seed-2026-06-11
PL0056-D028,PL0056,28,4,false,recovery,walk + mobility + hydration check,15,office_mobility;general_adult;intermediate,protein + fiber + hydration,"sleep, hydration, mobility, symptom check",v0.1-safe-seed-2026-06-11
PL0057-D001,PL0057,1,1,true,full_body_strength,"full_body_strength session with warm-up, main work, and cool-down",45,office_mobility;general_adult;advanced,protein + fiber + hydration,"sleep, hydration, mobility, symptom check",v0.1-safe-seed-2026-06-11
PL0057-D002,PL0057,2,1,true,cardio_endurance,"cardio_endurance session with warm-up, main work, and cool-down",45,office_mobility;general_adult;advanced,protein + fiber + hydration,"sleep, hydration, mobility, symptom check",v0.1-safe-seed-2026-06-11
PL0057-D003,PL0057,3,1,true,mobility_core,"mobility_core session with warm-up, main work, and cool-down",45,office_mobility;general_adult;advanced,protein + fiber + hydration,"sleep, hydration, mobility, symptom check",v0.1-safe-seed-2026-06-11
PL0057-D004,PL0057,4,1,true,upper_lower_split,"upper_lower_split session with warm-up, main work, and cool-down",45,office_mobility;general_adult;advanced,protein + fiber + hydration,"sleep, hydration, mobility, symptom check",v0.1-safe-seed-2026-06-11
PL0057-D005,PL0057,5,1,false,recovery,walk + mobility + hydration check,15,office_mobility;general_adult;advanced,protein + fiber + hydration,"sleep, hydration, mobility, symptom check",v0.1-safe-seed-2026-06-11
PL0057-D006,PL0057,6,1,false,recovery,walk + mobility + hydration check,15,office_mobility;general_adult;advanced,protein + fiber + hydration,"sleep, hydration, mobility, symptom check",v0.1-safe-seed-2026-06-11
PL0057-D007,PL0057,7,1,false,recovery,walk + mobility + hydration check,15,office_mobility;general_adult;advanced,protein + fiber + hydration,"sleep, hydration, mobility, symptom check",v0.1-safe-seed-2026-06-11
PL0057-D008,PL0057,8,2,true,mobility_core,"mobility_core session with warm-up, main work, and cool-down",45,office_mobility;general_adult;advanced,protein + fiber + hydration,"sleep, hydration, mobility, symptom check",v0.1-safe-seed-2026-06-11
PL0057-D009,PL0057,9,2,true,upper_lower_split,"upper_lower_split session with warm-up, main work, and cool-down",45,office_mobility;general_adult;advanced,protein + fiber + hydration,"sleep, hydration, mobility, symptom check",v0.1-safe-seed-2026-06-11
PL0057-D010,PL0057,10,2,true,skill_practice,"skill_practice session with warm-up, main work, and cool-down",45,office_mobility;general_adult;advanced,protein + fiber + hydration,"sleep, hydration, mobility, symptom check",v0.1-safe-seed-2026-06-11
PL0057-D011,PL0057,11,2,true,full_body_strength,"full_body_strength session with warm-up, main work, and cool-down",45,office_mobility;general_adult;advanced,protein + fiber + hydration,"sleep, hydration, mobility, symptom check",v0.1-safe-seed-2026-06-11
PL0057-D012,PL0057,12,2,false,recovery,walk + mobility + hydration check,15,office_mobility;general_adult;advanced,protein + fiber + hydration,"sleep, hydration, mobility, symptom check",v0.1-safe-seed-2026-06-11
PL0057-D013,PL0057,13,2,false,recovery,walk + mobility + hydration check,15,office_mobility;general_adult;advanced,protein + fiber + hydration,"sleep, hydration, mobility, symptom check",v0.1-safe-seed-2026-06-11
PL0057-D014,PL0057,14,2,false,recovery,walk + mobility + hydration check,15,office_mobility;general_adult;advanced,protein + fiber + hydration,"sleep, hydration, mobility, symptom check",v0.1-safe-seed-2026-06-11
PL0057-D015,PL0057,15,3,true,skill_practice,"skill_practice session with warm-up, main work, and cool-down",45,office_mobility;general_adult;advanced,protein + fiber + hydration,"sleep, hydration, mobility, symptom check",v0.1-safe-seed-2026-06-11
PL0057-D016,PL0057,16,3,true,full_body_strength,"full_body_strength session with warm-up, main work, and cool-down",45,office_mobility;general_adult;advanced,protein + fiber + hydration,"sleep, hydration, mobility, symptom check",v0.1-safe-seed-2026-06-11
PL0057-D017,PL0057,17,3,true,cardio_endurance,"cardio_endurance session with warm-up, main work, and cool-down",45,office_mobility;general_adult;advanced,protein + fiber + hydration,"sleep, hydration, mobility, symptom check",v0.1-safe-seed-2026-06-11
PL0057-D018,PL0057,18,3,true,mobility_core,"mobility_core session with warm-up, main work, and cool-down",45,office_mobility;general_adult;advanced,protein + fiber + hydration,"sleep, hydration, mobility, symptom check",v0.1-safe-seed-2026-06-11
PL0057-D019,PL0057,19,3,false,recovery,walk + mobility + hydration check,15,office_mobility;general_adult;advanced,protein + fiber + hydration,"sleep, hydration, mobility, symptom check",v0.1-safe-seed-2026-06-11
PL0057-D020,PL0057,20,3,false,recovery,walk + mobility + hydration check,15,office_mobility;general_adult;advanced,protein + fiber + hydration,"sleep, hydration, mobility, symptom check",v0.1-safe-seed-2026-06-11
PL0057-D021,PL0057,21,3,false,recovery,walk + mobility + hydration check,15,office_mobility;general_adult;advanced,protein + fiber + hydration,"sleep, hydration, mobility, symptom check",v0.1-safe-seed-2026-06-11
PL0057-D022,PL0057,22,4,true,cardio_endurance,"cardio_endurance session with warm-up, main work, and cool-down",45,office_mobility;general_adult;advanced,protein + fiber + hydration,"sleep, hydration, mobility, symptom check",v0.1-safe-seed-2026-06-11
PL0057-D023,PL0057,23,4,true,mobility_core,"mobility_core session with warm-up, main work, and cool-down",45,office_mobility;general_adult;advanced,protein + fiber + hydration,"sleep, hydration, mobility, symptom check",v0.1-safe-seed-2026-06-11
PL0057-D024,PL0057,24,4,true,upper_lower_split,"upper_lower_split session with warm-up, main work, and cool-down",45,office_mobility;general_adult;advanced,protein + fiber + hydration,"sleep, hydration, mobility, symptom check",v0.1-safe-seed-2026-06-11
PL0057-D025,PL0057,25,4,true,skill_practice,"skill_practice session with warm-up, main work, and cool-down",45,office_mobility;general_adult;advanced,protein + fiber + hydration,"sleep, hydration, mobility, symptom check",v0.1-safe-seed-2026-06-11
PL0057-D026,PL0057,26,4,false,recovery,walk + mobility + hydration check,15,office_mobility;general_adult;advanced,protein + fiber + hydration,"sleep, hydration, mobility, symptom check",v0.1-safe-seed-2026-06-11
PL0057-D027,PL0057,27,4,false,recovery,walk + mobility + hydration check,15,office_mobility;general_adult;advanced,protein + fiber + hydration,"sleep, hydration, mobility, symptom check",v0.1-safe-seed-2026-06-11
PL0057-D028,PL0057,28,4,false,recovery,walk + mobility + hydration check,15,office_mobility;general_adult;advanced,protein + fiber + hydration,"sleep, hydration, mobility, symptom check",v0.1-safe-seed-2026-06-11
PL0058-D001,PL0058,1,1,true,full_body_strength,"full_body_strength session with warm-up, main work, and cool-down",30,travel_fitness;general_adult;beginner,protein + fiber + hydration,"sleep, hydration, mobility, symptom check",v0.1-safe-seed-2026-06-11
PL0058-D002,PL0058,2,1,true,cardio_endurance,"cardio_endurance session with warm-up, main work, and cool-down",30,travel_fitness;general_adult;beginner,protein + fiber + hydration,"sleep, hydration, mobility, symptom check",v0.1-safe-seed-2026-06-11
PL0058-D003,PL0058,3,1,true,mobility_core,"mobility_core session with warm-up, main work, and cool-down",30,travel_fitness;general_adult;beginner,protein + fiber + hydration,"sleep, hydration, mobility, symptom check",v0.1-safe-seed-2026-06-11
PL0058-D004,PL0058,4,1,true,upper_lower_split,"upper_lower_split session with warm-up, main work, and cool-down",30,travel_fitness;general_adult;beginner,protein + fiber + hydration,"sleep, hydration, mobility, symptom check",v0.1-safe-seed-2026-06-11
PL0058-D005,PL0058,5,1,false,recovery,walk + mobility + hydration check,15,travel_fitness;general_adult;beginner,protein + fiber + hydration,"sleep, hydration, mobility, symptom check",v0.1-safe-seed-2026-06-11
PL0058-D006,PL0058,6,1,false,recovery,walk + mobility + hydration check,15,travel_fitness;general_adult;beginner,protein + fiber + hydration,"sleep, hydration, mobility, symptom check",v0.1-safe-seed-2026-06-11
PL0058-D007,PL0058,7,1,false,recovery,walk + mobility + hydration check,15,travel_fitness;general_adult;beginner,protein + fiber + hydration,"sleep, hydration, mobility, symptom check",v0.1-safe-seed-2026-06-11
PL0058-D008,PL0058,8,2,true,mobility_core,"mobility_core session with warm-up, main work, and cool-down",30,travel_fitness;general_adult;beginner,protein + fiber + hydration,"sleep, hydration, mobility, symptom check",v0.1-safe-seed-2026-06-11
PL0058-D009,PL0058,9,2,true,upper_lower_split,"upper_lower_split session with warm-up, main work, and cool-down",30,travel_fitness;general_adult;beginner,protein + fiber + hydration,"sleep, hydration, mobility, symptom check",v0.1-safe-seed-2026-06-11
PL0058-D010,PL0058,10,2,true,skill_practice,"skill_practice session with warm-up, main work, and cool-down",30,travel_fitness;general_adult;beginner,protein + fiber + hydration,"sleep, hydration, mobility, symptom check",v0.1-safe-seed-2026-06-11
PL0058-D011,PL0058,11,2,true,full_body_strength,"full_body_strength session with warm-up, main work, and cool-down",30,travel_fitness;general_adult;beginner,protein + fiber + hydration,"sleep, hydration, mobility, symptom check",v0.1-safe-seed-2026-06-11
PL0058-D012,PL0058,12,2,false,recovery,walk + mobility + hydration check,15,travel_fitness;general_adult;beginner,protein + fiber + hydration,"sleep, hydration, mobility, symptom check",v0.1-safe-seed-2026-06-11
PL0058-D013,PL0058,13,2,false,recovery,walk + mobility + hydration check,15,travel_fitness;general_adult;beginner,protein + fiber + hydration,"sleep, hydration, mobility, symptom check",v0.1-safe-seed-2026-06-11
PL0058-D014,PL0058,14,2,false,recovery,walk + mobility + hydration check,15,travel_fitness;general_adult;beginner,protein + fiber + hydration,"sleep, hydration, mobility, symptom check",v0.1-safe-seed-2026-06-11
PL0058-D015,PL0058,15,3,true,skill_practice,"skill_practice session with warm-up, main work, and cool-down",30,travel_fitness;general_adult;beginner,protein + fiber + hydration,"sleep, hydration, mobility, symptom check",v0.1-safe-seed-2026-06-11
PL0058-D016,PL0058,16,3,true,full_body_strength,"full_body_strength session with warm-up, main work, and cool-down",30,travel_fitness;general_adult;beginner,protein + fiber + hydration,"sleep, hydration, mobility, symptom check",v0.1-safe-seed-2026-06-11
PL0058-D017,PL0058,17,3,true,cardio_endurance,"cardio_endurance session with warm-up, main work, and cool-down",30,travel_fitness;general_adult;beginner,protein + fiber + hydration,"sleep, hydration, mobility, symptom check",v0.1-safe-seed-2026-06-11
PL0058-D018,PL0058,18,3,true,mobility_core,"mobility_core session with warm-up, main work, and cool-down",30,travel_fitness;general_adult;beginner,protein + fiber + hydration,"sleep, hydration, mobility, symptom check",v0.1-safe-seed-2026-06-11
PL0058-D019,PL0058,19,3,false,recovery,walk + mobility + hydration check,15,travel_fitness;general_adult;beginner,protein + fiber + hydration,"sleep, hydration, mobility, symptom check",v0.1-safe-seed-2026-06-11
PL0058-D020,PL0058,20,3,false,recovery,walk + mobility + hydration check,15,travel_fitness;general_adult;beginner,protein + fiber + hydration,"sleep, hydration, mobility, symptom check",v0.1-safe-seed-2026-06-11
PL0058-D021,PL0058,21,3,false,recovery,walk + mobility + hydration check,15,travel_fitness;general_adult;beginner,protein + fiber + hydration,"sleep, hydration, mobility, symptom check",v0.1-safe-seed-2026-06-11
PL0058-D022,PL0058,22,4,true,cardio_endurance,"cardio_endurance session with warm-up, main work, and cool-down",30,travel_fitness;general_adult;beginner,protein + fiber + hydration,"sleep, hydration, mobility, symptom check",v0.1-safe-seed-2026-06-11
PL0058-D023,PL0058,23,4,true,mobility_core,"mobility_core session with warm-up, main work, and cool-down",30,travel_fitness;general_adult;beginner,protein + fiber + hydration,"sleep, hydration, mobility, symptom check",v0.1-safe-seed-2026-06-11
PL0058-D024,PL0058,24,4,true,upper_lower_split,"upper_lower_split session with warm-up, main work, and cool-down",30,travel_fitness;general_adult;beginner,protein + fiber + hydration,"sleep, hydration, mobility, symptom check",v0.1-safe-seed-2026-06-11
PL0058-D025,PL0058,25,4,true,skill_practice,"skill_practice session with warm-up, main work, and cool-down",30,travel_fitness;general_adult;beginner,protein + fiber + hydration,"sleep, hydration, mobility, symptom check",v0.1-safe-seed-2026-06-11
PL0058-D026,PL0058,26,4,false,recovery,walk + mobility + hydration check,15,travel_fitness;general_adult;beginner,protein + fiber + hydration,"sleep, hydration, mobility, symptom check",v0.1-safe-seed-2026-06-11
PL0058-D027,PL0058,27,4,false,recovery,walk + mobility + hydration check,15,travel_fitness;general_adult;beginner,protein + fiber + hydration,"sleep, hydration, mobility, symptom check",v0.1-safe-seed-2026-06-11
PL0058-D028,PL0058,28,4,false,recovery,walk + mobility + hydration check,15,travel_fitness;general_adult;beginner,protein + fiber + hydration,"sleep, hydration, mobility, symptom check",v0.1-safe-seed-2026-06-11
PL0059-D001,PL0059,1,1,true,full_body_strength,"full_body_strength session with warm-up, main work, and cool-down",45,travel_fitness;general_adult;intermediate,protein + fiber + hydration,"sleep, hydration, mobility, symptom check",v0.1-safe-seed-2026-06-11
PL0059-D002,PL0059,2,1,true,cardio_endurance,"cardio_endurance session with warm-up, main work, and cool-down",45,travel_fitness;general_adult;intermediate,protein + fiber + hydration,"sleep, hydration, mobility, symptom check",v0.1-safe-seed-2026-06-11
PL0059-D003,PL0059,3,1,true,mobility_core,"mobility_core session with warm-up, main work, and cool-down",45,travel_fitness;general_adult;intermediate,protein + fiber + hydration,"sleep, hydration, mobility, symptom check",v0.1-safe-seed-2026-06-11
PL0059-D004,PL0059,4,1,true,upper_lower_split,"upper_lower_split session with warm-up, main work, and cool-down",45,travel_fitness;general_adult;intermediate,protein + fiber + hydration,"sleep, hydration, mobility, symptom check",v0.1-safe-seed-2026-06-11
PL0059-D005,PL0059,5,1,false,recovery,walk + mobility + hydration check,15,travel_fitness;general_adult;intermediate,protein + fiber + hydration,"sleep, hydration, mobility, symptom check",v0.1-safe-seed-2026-06-11
PL0059-D006,PL0059,6,1,false,recovery,walk + mobility + hydration check,15,travel_fitness;general_adult;intermediate,protein + fiber + hydration,"sleep, hydration, mobility, symptom check",v0.1-safe-seed-2026-06-11
PL0059-D007,PL0059,7,1,false,recovery,walk + mobility + hydration check,15,travel_fitness;general_adult;intermediate,protein + fiber + hydration,"sleep, hydration, mobility, symptom check",v0.1-safe-seed-2026-06-11
PL0059-D008,PL0059,8,2,true,mobility_core,"mobility_core session with warm-up, main work, and cool-down",45,travel_fitness;general_adult;intermediate,protein + fiber + hydration,"sleep, hydration, mobility, symptom check",v0.1-safe-seed-2026-06-11
PL0059-D009,PL0059,9,2,true,upper_lower_split,"upper_lower_split session with warm-up, main work, and cool-down",45,travel_fitness;general_adult;intermediate,protein + fiber + hydration,"sleep, hydration, mobility, symptom check",v0.1-safe-seed-2026-06-11
PL0059-D010,PL0059,10,2,true,skill_practice,"skill_practice session with warm-up, main work, and cool-down",45,travel_fitness;general_adult;intermediate,protein + fiber + hydration,"sleep, hydration, mobility, symptom check",v0.1-safe-seed-2026-06-11
PL0059-D011,PL0059,11,2,true,full_body_strength,"full_body_strength session with warm-up, main work, and cool-down",45,travel_fitness;general_adult;intermediate,protein + fiber + hydration,"sleep, hydration, mobility, symptom check",v0.1-safe-seed-2026-06-11
PL0059-D012,PL0059,12,2,false,recovery,walk + mobility + hydration check,15,travel_fitness;general_adult;intermediate,protein + fiber + hydration,"sleep, hydration, mobility, symptom check",v0.1-safe-seed-2026-06-11
PL0059-D013,PL0059,13,2,false,recovery,walk + mobility + hydration check,15,travel_fitness;general_adult;intermediate,protein + fiber + hydration,"sleep, hydration, mobility, symptom check",v0.1-safe-seed-2026-06-11
PL0059-D014,PL0059,14,2,false,recovery,walk + mobility + hydration check,15,travel_fitness;general_adult;intermediate,protein + fiber + hydration,"sleep, hydration, mobility, symptom check",v0.1-safe-seed-2026-06-11
PL0059-D015,PL0059,15,3,true,skill_practice,"skill_practice session with warm-up, main work, and cool-down",45,travel_fitness;general_adult;intermediate,protein + fiber + hydration,"sleep, hydration, mobility, symptom check",v0.1-safe-seed-2026-06-11
PL0059-D016,PL0059,16,3,true,full_body_strength,"full_body_strength session with warm-up, main work, and cool-down",45,travel_fitness;general_adult;intermediate,protein + fiber + hydration,"sleep, hydration, mobility, symptom check",v0.1-safe-seed-2026-06-11
PL0059-D017,PL0059,17,3,true,cardio_endurance,"cardio_endurance session with warm-up, main work, and cool-down",45,travel_fitness;general_adult;intermediate,protein + fiber + hydration,"sleep, hydration, mobility, symptom check",v0.1-safe-seed-2026-06-11
PL0059-D018,PL0059,18,3,true,mobility_core,"mobility_core session with warm-up, main work, and cool-down",45,travel_fitness;general_adult;intermediate,protein + fiber + hydration,"sleep, hydration, mobility, symptom check",v0.1-safe-seed-2026-06-11
PL0059-D019,PL0059,19,3,false,recovery,walk + mobility + hydration check,15,travel_fitness;general_adult;intermediate,protein + fiber + hydration,"sleep, hydration, mobility, symptom check",v0.1-safe-seed-2026-06-11
PL0059-D020,PL0059,20,3,false,recovery,walk + mobility + hydration check,15,travel_fitness;general_adult;intermediate,protein + fiber + hydration,"sleep, hydration, mobility, symptom check",v0.1-safe-seed-2026-06-11
PL0059-D021,PL0059,21,3,false,recovery,walk + mobility + hydration check,15,travel_fitness;general_adult;intermediate,protein + fiber + hydration,"sleep, hydration, mobility, symptom check",v0.1-safe-seed-2026-06-11
PL0059-D022,PL0059,22,4,true,cardio_endurance,"cardio_endurance session with warm-up, main work, and cool-down",45,travel_fitness;general_adult;intermediate,protein + fiber + hydration,"sleep, hydration, mobility, symptom check",v0.1-safe-seed-2026-06-11
PL0059-D023,PL0059,23,4,true,mobility_core,"mobility_core session with warm-up, main work, and cool-down",45,travel_fitness;general_adult;intermediate,protein + fiber + hydration,"sleep, hydration, mobility, symptom check",v0.1-safe-seed-2026-06-11
PL0059-D024,PL0059,24,4,true,upper_lower_split,"upper_lower_split session with warm-up, main work, and cool-down",45,travel_fitness;general_adult;intermediate,protein + fiber + hydration,"sleep, hydration, mobility, symptom check",v0.1-safe-seed-2026-06-11
PL0059-D025,PL0059,25,4,true,skill_practice,"skill_practice session with warm-up, main work, and cool-down",45,travel_fitness;general_adult;intermediate,protein + fiber + hydration,"sleep, hydration, mobility, symptom check",v0.1-safe-seed-2026-06-11
PL0059-D026,PL0059,26,4,false,recovery,walk + mobility + hydration check,15,travel_fitness;general_adult;intermediate,protein + fiber + hydration,"sleep, hydration, mobility, symptom check",v0.1-safe-seed-2026-06-11
PL0059-D027,PL0059,27,4,false,recovery,walk + mobility + hydration check,15,travel_fitness;general_adult;intermediate,protein + fiber + hydration,"sleep, hydration, mobility, symptom check",v0.1-safe-seed-2026-06-11
PL0059-D028,PL0059,28,4,false,recovery,walk + mobility + hydration check,15,travel_fitness;general_adult;intermediate,protein + fiber + hydration,"sleep, hydration, mobility, symptom check",v0.1-safe-seed-2026-06-11
PL0060-D001,PL0060,1,1,true,full_body_strength,"full_body_strength session with warm-up, main work, and cool-down",45,travel_fitness;general_adult;advanced,protein + fiber + hydration,"sleep, hydration, mobility, symptom check",v0.1-safe-seed-2026-06-11
PL0060-D002,PL0060,2,1,true,cardio_endurance,"cardio_endurance session with warm-up, main work, and cool-down",45,travel_fitness;general_adult;advanced,protein + fiber + hydration,"sleep, hydration, mobility, symptom check",v0.1-safe-seed-2026-06-11
PL0060-D003,PL0060,3,1,true,mobility_core,"mobility_core session with warm-up, main work, and cool-down",45,travel_fitness;general_adult;advanced,protein + fiber + hydration,"sleep, hydration, mobility, symptom check",v0.1-safe-seed-2026-06-11
PL0060-D004,PL0060,4,1,true,upper_lower_split,"upper_lower_split session with warm-up, main work, and cool-down",45,travel_fitness;general_adult;advanced,protein + fiber + hydration,"sleep, hydration, mobility, symptom check",v0.1-safe-seed-2026-06-11
PL0060-D005,PL0060,5,1,false,recovery,walk + mobility + hydration check,15,travel_fitness;general_adult;advanced,protein + fiber + hydration,"sleep, hydration, mobility, symptom check",v0.1-safe-seed-2026-06-11
PL0060-D006,PL0060,6,1,false,recovery,walk + mobility + hydration check,15,travel_fitness;general_adult;advanced,protein + fiber + hydration,"sleep, hydration, mobility, symptom check",v0.1-safe-seed-2026-06-11
PL0060-D007,PL0060,7,1,false,recovery,walk + mobility + hydration check,15,travel_fitness;general_adult;advanced,protein + fiber + hydration,"sleep, hydration, mobility, symptom check",v0.1-safe-seed-2026-06-11
PL0060-D008,PL0060,8,2,true,mobility_core,"mobility_core session with warm-up, main work, and cool-down",45,travel_fitness;general_adult;advanced,protein + fiber + hydration,"sleep, hydration, mobility, symptom check",v0.1-safe-seed-2026-06-11
PL0060-D009,PL0060,9,2,true,upper_lower_split,"upper_lower_split session with warm-up, main work, and cool-down",45,travel_fitness;general_adult;advanced,protein + fiber + hydration,"sleep, hydration, mobility, symptom check",v0.1-safe-seed-2026-06-11
PL0060-D010,PL0060,10,2,true,skill_practice,"skill_practice session with warm-up, main work, and cool-down",45,travel_fitness;general_adult;advanced,protein + fiber + hydration,"sleep, hydration, mobility, symptom check",v0.1-safe-seed-2026-06-11
PL0060-D011,PL0060,11,2,true,full_body_strength,"full_body_strength session with warm-up, main work, and cool-down",45,travel_fitness;general_adult;advanced,protein + fiber + hydration,"sleep, hydration, mobility, symptom check",v0.1-safe-seed-2026-06-11
PL0060-D012,PL0060,12,2,false,recovery,walk + mobility + hydration check,15,travel_fitness;general_adult;advanced,protein + fiber + hydration,"sleep, hydration, mobility, symptom check",v0.1-safe-seed-2026-06-11
PL0060-D013,PL0060,13,2,false,recovery,walk + mobility + hydration check,15,travel_fitness;general_adult;advanced,protein + fiber + hydration,"sleep, hydration, mobility, symptom check",v0.1-safe-seed-2026-06-11
PL0060-D014,PL0060,14,2,false,recovery,walk + mobility + hydration check,15,travel_fitness;general_adult;advanced,protein + fiber + hydration,"sleep, hydration, mobility, symptom check",v0.1-safe-seed-2026-06-11
PL0060-D015,PL0060,15,3,true,skill_practice,"skill_practice session with warm-up, main work, and cool-down",45,travel_fitness;general_adult;advanced,protein + fiber + hydration,"sleep, hydration, mobility, symptom check",v0.1-safe-seed-2026-06-11
PL0060-D016,PL0060,16,3,true,full_body_strength,"full_body_strength session with warm-up, main work, and cool-down",45,travel_fitness;general_adult;advanced,protein + fiber + hydration,"sleep, hydration, mobility, symptom check",v0.1-safe-seed-2026-06-11
PL0060-D017,PL0060,17,3,true,cardio_endurance,"cardio_endurance session with warm-up, main work, and cool-down",45,travel_fitness;general_adult;advanced,protein + fiber + hydration,"sleep, hydration, mobility, symptom check",v0.1-safe-seed-2026-06-11
PL0060-D018,PL0060,18,3,true,mobility_core,"mobility_core session with warm-up, main work, and cool-down",45,travel_fitness;general_adult;advanced,protein + fiber + hydration,"sleep, hydration, mobility, symptom check",v0.1-safe-seed-2026-06-11
PL0060-D019,PL0060,19,3,false,recovery,walk + mobility + hydration check,15,travel_fitness;general_adult;advanced,protein + fiber + hydration,"sleep, hydration, mobility, symptom check",v0.1-safe-seed-2026-06-11
PL0060-D020,PL0060,20,3,false,recovery,walk + mobility + hydration check,15,travel_fitness;general_adult;advanced,protein + fiber + hydration,"sleep, hydration, mobility, symptom check",v0.1-safe-seed-2026-06-11
PL0060-D021,PL0060,21,3,false,recovery,walk + mobility + hydration check,15,travel_fitness;general_adult;advanced,protein + fiber + hydration,"sleep, hydration, mobility, symptom check",v0.1-safe-seed-2026-06-11
PL0060-D022,PL0060,22,4,true,cardio_endurance,"cardio_endurance session with warm-up, main work, and cool-down",45,travel_fitness;general_adult;advanced,protein + fiber + hydration,"sleep, hydration, mobility, symptom check",v0.1-safe-seed-2026-06-11
PL0060-D023,PL0060,23,4,true,mobility_core,"mobility_core session with warm-up, main work, and cool-down",45,travel_fitness;general_adult;advanced,protein + fiber + hydration,"sleep, hydration, mobility, symptom check",v0.1-safe-seed-2026-06-11
PL0060-D024,PL0060,24,4,true,upper_lower_split,"upper_lower_split session with warm-up, main work, and cool-down",45,travel_fitness;general_adult;advanced,protein + fiber + hydration,"sleep, hydration, mobility, symptom check",v0.1-safe-seed-2026-06-11
PL0060-D025,PL0060,25,4,true,skill_practice,"skill_practice session with warm-up, main work, and cool-down",45,travel_fitness;general_adult;advanced,protein + fiber + hydration,"sleep, hydration, mobility, symptom check",v0.1-safe-seed-2026-06-11
PL0060-D026,PL0060,26,4,false,recovery,walk + mobility + hydration check,15,travel_fitness;general_adult;advanced,protein + fiber + hydration,"sleep, hydration, mobility, symptom check",v0.1-safe-seed-2026-06-11
PL0060-D027,PL0060,27,4,false,recovery,walk + mobility + hydration check,15,travel_fitness;general_adult;advanced,protein + fiber + hydration,"sleep, hydration, mobility, symptom check",v0.1-safe-seed-2026-06-11
PL0060-D028,PL0060,28,4,false,recovery,walk + mobility + hydration check,15,travel_fitness;general_adult;advanced,protein + fiber + hydration,"sleep, hydration, mobility, symptom check",v0.1-safe-seed-2026-06-11
PL0061-D001,PL0061,1,1,true,full_body_strength,"full_body_strength session with warm-up, main work, and cool-down",30,no_equipment;general_adult;beginner,protein + fiber + hydration,"sleep, hydration, mobility, symptom check",v0.1-safe-seed-2026-06-11
PL0061-D002,PL0061,2,1,true,cardio_endurance,"cardio_endurance session with warm-up, main work, and cool-down",30,no_equipment;general_adult;beginner,protein + fiber + hydration,"sleep, hydration, mobility, symptom check",v0.1-safe-seed-2026-06-11
PL0061-D003,PL0061,3,1,true,mobility_core,"mobility_core session with warm-up, main work, and cool-down",30,no_equipment;general_adult;beginner,protein + fiber + hydration,"sleep, hydration, mobility, symptom check",v0.1-safe-seed-2026-06-11
PL0061-D004,PL0061,4,1,true,upper_lower_split,"upper_lower_split session with warm-up, main work, and cool-down",30,no_equipment;general_adult;beginner,protein + fiber + hydration,"sleep, hydration, mobility, symptom check",v0.1-safe-seed-2026-06-11
PL0061-D005,PL0061,5,1,false,recovery,walk + mobility + hydration check,15,no_equipment;general_adult;beginner,protein + fiber + hydration,"sleep, hydration, mobility, symptom check",v0.1-safe-seed-2026-06-11
PL0061-D006,PL0061,6,1,false,recovery,walk + mobility + hydration check,15,no_equipment;general_adult;beginner,protein + fiber + hydration,"sleep, hydration, mobility, symptom check",v0.1-safe-seed-2026-06-11
PL0061-D007,PL0061,7,1,false,recovery,walk + mobility + hydration check,15,no_equipment;general_adult;beginner,protein + fiber + hydration,"sleep, hydration, mobility, symptom check",v0.1-safe-seed-2026-06-11
PL0061-D008,PL0061,8,2,true,mobility_core,"mobility_core session with warm-up, main work, and cool-down",30,no_equipment;general_adult;beginner,protein + fiber + hydration,"sleep, hydration, mobility, symptom check",v0.1-safe-seed-2026-06-11
PL0061-D009,PL0061,9,2,true,upper_lower_split,"upper_lower_split session with warm-up, main work, and cool-down",30,no_equipment;general_adult;beginner,protein + fiber + hydration,"sleep, hydration, mobility, symptom check",v0.1-safe-seed-2026-06-11
PL0061-D010,PL0061,10,2,true,skill_practice,"skill_practice session with warm-up, main work, and cool-down",30,no_equipment;general_adult;beginner,protein + fiber + hydration,"sleep, hydration, mobility, symptom check",v0.1-safe-seed-2026-06-11
PL0061-D011,PL0061,11,2,true,full_body_strength,"full_body_strength session with warm-up, main work, and cool-down",30,no_equipment;general_adult;beginner,protein + fiber + hydration,"sleep, hydration, mobility, symptom check",v0.1-safe-seed-2026-06-11
PL0061-D012,PL0061,12,2,false,recovery,walk + mobility + hydration check,15,no_equipment;general_adult;beginner,protein + fiber + hydration,"sleep, hydration, mobility, symptom check",v0.1-safe-seed-2026-06-11
PL0061-D013,PL0061,13,2,false,recovery,walk + mobility + hydration check,15,no_equipment;general_adult;beginner,protein + fiber + hydration,"sleep, hydration, mobility, symptom check",v0.1-safe-seed-2026-06-11
PL0061-D014,PL0061,14,2,false,recovery,walk + mobility + hydration check,15,no_equipment;general_adult;beginner,protein + fiber + hydration,"sleep, hydration, mobility, symptom check",v0.1-safe-seed-2026-06-11
PL0061-D015,PL0061,15,3,true,skill_practice,"skill_practice session with warm-up, main work, and cool-down",30,no_equipment;general_adult;beginner,protein + fiber + hydration,"sleep, hydration, mobility, symptom check",v0.1-safe-seed-2026-06-11
PL0061-D016,PL0061,16,3,true,full_body_strength,"full_body_strength session with warm-up, main work, and cool-down",30,no_equipment;general_adult;beginner,protein + fiber + hydration,"sleep, hydration, mobility, symptom check",v0.1-safe-seed-2026-06-11
PL0061-D017,PL0061,17,3,true,cardio_endurance,"cardio_endurance session with warm-up, main work, and cool-down",30,no_equipment;general_adult;beginner,protein + fiber + hydration,"sleep, hydration, mobility, symptom check",v0.1-safe-seed-2026-06-11
PL0061-D018,PL0061,18,3,true,mobility_core,"mobility_core session with warm-up, main work, and cool-down",30,no_equipment;general_adult;beginner,protein + fiber + hydration,"sleep, hydration, mobility, symptom check",v0.1-safe-seed-2026-06-11
PL0061-D019,PL0061,19,3,false,recovery,walk + mobility + hydration check,15,no_equipment;general_adult;beginner,protein + fiber + hydration,"sleep, hydration, mobility, symptom check",v0.1-safe-seed-2026-06-11
PL0061-D020,PL0061,20,3,false,recovery,walk + mobility + hydration check,15,no_equipment;general_adult;beginner,protein + fiber + hydration,"sleep, hydration, mobility, symptom check",v0.1-safe-seed-2026-06-11
PL0061-D021,PL0061,21,3,false,recovery,walk + mobility + hydration check,15,no_equipment;general_adult;beginner,protein + fiber + hydration,"sleep, hydration, mobility, symptom check",v0.1-safe-seed-2026-06-11
PL0061-D022,PL0061,22,4,true,cardio_endurance,"cardio_endurance session with warm-up, main work, and cool-down",30,no_equipment;general_adult;beginner,protein + fiber + hydration,"sleep, hydration, mobility, symptom check",v0.1-safe-seed-2026-06-11
PL0061-D023,PL0061,23,4,true,mobility_core,"mobility_core session with warm-up, main work, and cool-down",30,no_equipment;general_adult;beginner,protein + fiber + hydration,"sleep, hydration, mobility, symptom check",v0.1-safe-seed-2026-06-11
PL0061-D024,PL0061,24,4,true,upper_lower_split,"upper_lower_split session with warm-up, main work, and cool-down",30,no_equipment;general_adult;beginner,protein + fiber + hydration,"sleep, hydration, mobility, symptom check",v0.1-safe-seed-2026-06-11
PL0061-D025,PL0061,25,4,true,skill_practice,"skill_practice session with warm-up, main work, and cool-down",30,no_equipment;general_adult;beginner,protein + fiber + hydration,"sleep, hydration, mobility, symptom check",v0.1-safe-seed-2026-06-11
PL0061-D026,PL0061,26,4,false,recovery,walk + mobility + hydration check,15,no_equipment;general_adult;beginner,protein + fiber + hydration,"sleep, hydration, mobility, symptom check",v0.1-safe-seed-2026-06-11
PL0061-D027,PL0061,27,4,false,recovery,walk + mobility + hydration check,15,no_equipment;general_adult;beginner,protein + fiber + hydration,"sleep, hydration, mobility, symptom check",v0.1-safe-seed-2026-06-11
PL0061-D028,PL0061,28,4,false,recovery,walk + mobility + hydration check,15,no_equipment;general_adult;beginner,protein + fiber + hydration,"sleep, hydration, mobility, symptom check",v0.1-safe-seed-2026-06-11
PL0062-D001,PL0062,1,1,true,full_body_strength,"full_body_strength session with warm-up, main work, and cool-down",45,no_equipment;general_adult;intermediate,protein + fiber + hydration,"sleep, hydration, mobility, symptom check",v0.1-safe-seed-2026-06-11
PL0062-D002,PL0062,2,1,true,cardio_endurance,"cardio_endurance session with warm-up, main work, and cool-down",45,no_equipment;general_adult;intermediate,protein + fiber + hydration,"sleep, hydration, mobility, symptom check",v0.1-safe-seed-2026-06-11
PL0062-D003,PL0062,3,1,true,mobility_core,"mobility_core session with warm-up, main work, and cool-down",45,no_equipment;general_adult;intermediate,protein + fiber + hydration,"sleep, hydration, mobility, symptom check",v0.1-safe-seed-2026-06-11
PL0062-D004,PL0062,4,1,true,upper_lower_split,"upper_lower_split session with warm-up, main work, and cool-down",45,no_equipment;general_adult;intermediate,protein + fiber + hydration,"sleep, hydration, mobility, symptom check",v0.1-safe-seed-2026-06-11
PL0062-D005,PL0062,5,1,false,recovery,walk + mobility + hydration check,15,no_equipment;general_adult;intermediate,protein + fiber + hydration,"sleep, hydration, mobility, symptom check",v0.1-safe-seed-2026-06-11
PL0062-D006,PL0062,6,1,false,recovery,walk + mobility + hydration check,15,no_equipment;general_adult;intermediate,protein + fiber + hydration,"sleep, hydration, mobility, symptom check",v0.1-safe-seed-2026-06-11
PL0062-D007,PL0062,7,1,false,recovery,walk + mobility + hydration check,15,no_equipment;general_adult;intermediate,protein + fiber + hydration,"sleep, hydration, mobility, symptom check",v0.1-safe-seed-2026-06-11
PL0062-D008,PL0062,8,2,true,mobility_core,"mobility_core session with warm-up, main work, and cool-down",45,no_equipment;general_adult;intermediate,protein + fiber + hydration,"sleep, hydration, mobility, symptom check",v0.1-safe-seed-2026-06-11
PL0062-D009,PL0062,9,2,true,upper_lower_split,"upper_lower_split session with warm-up, main work, and cool-down",45,no_equipment;general_adult;intermediate,protein + fiber + hydration,"sleep, hydration, mobility, symptom check",v0.1-safe-seed-2026-06-11
PL0062-D010,PL0062,10,2,true,skill_practice,"skill_practice session with warm-up, main work, and cool-down",45,no_equipment;general_adult;intermediate,protein + fiber + hydration,"sleep, hydration, mobility, symptom check",v0.1-safe-seed-2026-06-11
PL0062-D011,PL0062,11,2,true,full_body_strength,"full_body_strength session with warm-up, main work, and cool-down",45,no_equipment;general_adult;intermediate,protein + fiber + hydration,"sleep, hydration, mobility, symptom check",v0.1-safe-seed-2026-06-11
PL0062-D012,PL0062,12,2,false,recovery,walk + mobility + hydration check,15,no_equipment;general_adult;intermediate,protein + fiber + hydration,"sleep, hydration, mobility, symptom check",v0.1-safe-seed-2026-06-11
PL0062-D013,PL0062,13,2,false,recovery,walk + mobility + hydration check,15,no_equipment;general_adult;intermediate,protein + fiber + hydration,"sleep, hydration, mobility, symptom check",v0.1-safe-seed-2026-06-11
PL0062-D014,PL0062,14,2,false,recovery,walk + mobility + hydration check,15,no_equipment;general_adult;intermediate,protein + fiber + hydration,"sleep, hydration, mobility, symptom check",v0.1-safe-seed-2026-06-11
PL0062-D015,PL0062,15,3,true,skill_practice,"skill_practice session with warm-up, main work, and cool-down",45,no_equipment;general_adult;intermediate,protein + fiber + hydration,"sleep, hydration, mobility, symptom check",v0.1-safe-seed-2026-06-11
PL0062-D016,PL0062,16,3,true,full_body_strength,"full_body_strength session with warm-up, main work, and cool-down",45,no_equipment;general_adult;intermediate,protein + fiber + hydration,"sleep, hydration, mobility, symptom check",v0.1-safe-seed-2026-06-11
PL0062-D017,PL0062,17,3,true,cardio_endurance,"cardio_endurance session with warm-up, main work, and cool-down",45,no_equipment;general_adult;intermediate,protein + fiber + hydration,"sleep, hydration, mobility, symptom check",v0.1-safe-seed-2026-06-11
PL0062-D018,PL0062,18,3,true,mobility_core,"mobility_core session with warm-up, main work, and cool-down",45,no_equipment;general_adult;intermediate,protein + fiber + hydration,"sleep, hydration, mobility, symptom check",v0.1-safe-seed-2026-06-11
PL0062-D019,PL0062,19,3,false,recovery,walk + mobility + hydration check,15,no_equipment;general_adult;intermediate,protein + fiber + hydration,"sleep, hydration, mobility, symptom check",v0.1-safe-seed-2026-06-11
PL0062-D020,PL0062,20,3,false,recovery,walk + mobility + hydration check,15,no_equipment;general_adult;intermediate,protein + fiber + hydration,"sleep, hydration, mobility, symptom check",v0.1-safe-seed-2026-06-11
PL0062-D021,PL0062,21,3,false,recovery,walk + mobility + hydration check,15,no_equipment;general_adult;intermediate,protein + fiber + hydration,"sleep, hydration, mobility, symptom check",v0.1-safe-seed-2026-06-11
PL0062-D022,PL0062,22,4,true,cardio_endurance,"cardio_endurance session with warm-up, main work, and cool-down",45,no_equipment;general_adult;intermediate,protein + fiber + hydration,"sleep, hydration, mobility, symptom check",v0.1-safe-seed-2026-06-11
PL0062-D023,PL0062,23,4,true,mobility_core,"mobility_core session with warm-up, main work, and cool-down",45,no_equipment;general_adult;intermediate,protein + fiber + hydration,"sleep, hydration, mobility, symptom check",v0.1-safe-seed-2026-06-11
PL0062-D024,PL0062,24,4,true,upper_lower_split,"upper_lower_split session with warm-up, main work, and cool-down",45,no_equipment;general_adult;intermediate,protein + fiber + hydration,"sleep, hydration, mobility, symptom check",v0.1-safe-seed-2026-06-11
PL0062-D025,PL0062,25,4,true,skill_practice,"skill_practice session with warm-up, main work, and cool-down",45,no_equipment;general_adult;intermediate,protein + fiber + hydration,"sleep, hydration, mobility, symptom check",v0.1-safe-seed-2026-06-11
PL0062-D026,PL0062,26,4,false,recovery,walk + mobility + hydration check,15,no_equipment;general_adult;intermediate,protein + fiber + hydration,"sleep, hydration, mobility, symptom check",v0.1-safe-seed-2026-06-11
PL0062-D027,PL0062,27,4,false,recovery,walk + mobility + hydration check,15,no_equipment;general_adult;intermediate,protein + fiber + hydration,"sleep, hydration, mobility, symptom check",v0.1-safe-seed-2026-06-11
PL0062-D028,PL0062,28,4,false,recovery,walk + mobility + hydration check,15,no_equipment;general_adult;intermediate,protein + fiber + hydration,"sleep, hydration, mobility, symptom check",v0.1-safe-seed-2026-06-11
PL0063-D001,PL0063,1,1,true,full_body_strength,"full_body_strength session with warm-up, main work, and cool-down",45,no_equipment;general_adult;advanced,protein + fiber + hydration,"sleep, hydration, mobility, symptom check",v0.1-safe-seed-2026-06-11
PL0063-D002,PL0063,2,1,true,cardio_endurance,"cardio_endurance session with warm-up, main work, and cool-down",45,no_equipment;general_adult;advanced,protein + fiber + hydration,"sleep, hydration, mobility, symptom check",v0.1-safe-seed-2026-06-11
PL0063-D003,PL0063,3,1,true,mobility_core,"mobility_core session with warm-up, main work, and cool-down",45,no_equipment;general_adult;advanced,protein + fiber + hydration,"sleep, hydration, mobility, symptom check",v0.1-safe-seed-2026-06-11
PL0063-D004,PL0063,4,1,true,upper_lower_split,"upper_lower_split session with warm-up, main work, and cool-down",45,no_equipment;general_adult;advanced,protein + fiber + hydration,"sleep, hydration, mobility, symptom check",v0.1-safe-seed-2026-06-11
PL0063-D005,PL0063,5,1,false,recovery,walk + mobility + hydration check,15,no_equipment;general_adult;advanced,protein + fiber + hydration,"sleep, hydration, mobility, symptom check",v0.1-safe-seed-2026-06-11
PL0063-D006,PL0063,6,1,false,recovery,walk + mobility + hydration check,15,no_equipment;general_adult;advanced,protein + fiber + hydration,"sleep, hydration, mobility, symptom check",v0.1-safe-seed-2026-06-11
PL0063-D007,PL0063,7,1,false,recovery,walk + mobility + hydration check,15,no_equipment;general_adult;advanced,protein + fiber + hydration,"sleep, hydration, mobility, symptom check",v0.1-safe-seed-2026-06-11
PL0063-D008,PL0063,8,2,true,mobility_core,"mobility_core session with warm-up, main work, and cool-down",45,no_equipment;general_adult;advanced,protein + fiber + hydration,"sleep, hydration, mobility, symptom check",v0.1-safe-seed-2026-06-11
PL0063-D009,PL0063,9,2,true,upper_lower_split,"upper_lower_split session with warm-up, main work, and cool-down",45,no_equipment;general_adult;advanced,protein + fiber + hydration,"sleep, hydration, mobility, symptom check",v0.1-safe-seed-2026-06-11
PL0063-D010,PL0063,10,2,true,skill_practice,"skill_practice session with warm-up, main work, and cool-down",45,no_equipment;general_adult;advanced,protein + fiber + hydration,"sleep, hydration, mobility, symptom check",v0.1-safe-seed-2026-06-11
PL0063-D011,PL0063,11,2,true,full_body_strength,"full_body_strength session with warm-up, main work, and cool-down",45,no_equipment;general_adult;advanced,protein + fiber + hydration,"sleep, hydration, mobility, symptom check",v0.1-safe-seed-2026-06-11
PL0063-D012,PL0063,12,2,false,recovery,walk + mobility + hydration check,15,no_equipment;general_adult;advanced,protein + fiber + hydration,"sleep, hydration, mobility, symptom check",v0.1-safe-seed-2026-06-11
PL0063-D013,PL0063,13,2,false,recovery,walk + mobility + hydration check,15,no_equipment;general_adult;advanced,protein + fiber + hydration,"sleep, hydration, mobility, symptom check",v0.1-safe-seed-2026-06-11
PL0063-D014,PL0063,14,2,false,recovery,walk + mobility + hydration check,15,no_equipment;general_adult;advanced,protein + fiber + hydration,"sleep, hydration, mobility, symptom check",v0.1-safe-seed-2026-06-11
PL0063-D015,PL0063,15,3,true,skill_practice,"skill_practice session with warm-up, main work, and cool-down",45,no_equipment;general_adult;advanced,protein + fiber + hydration,"sleep, hydration, mobility, symptom check",v0.1-safe-seed-2026-06-11
PL0063-D016,PL0063,16,3,true,full_body_strength,"full_body_strength session with warm-up, main work, and cool-down",45,no_equipment;general_adult;advanced,protein + fiber + hydration,"sleep, hydration, mobility, symptom check",v0.1-safe-seed-2026-06-11
PL0063-D017,PL0063,17,3,true,cardio_endurance,"cardio_endurance session with warm-up, main work, and cool-down",45,no_equipment;general_adult;advanced,protein + fiber + hydration,"sleep, hydration, mobility, symptom check",v0.1-safe-seed-2026-06-11
PL0063-D018,PL0063,18,3,true,mobility_core,"mobility_core session with warm-up, main work, and cool-down",45,no_equipment;general_adult;advanced,protein + fiber + hydration,"sleep, hydration, mobility, symptom check",v0.1-safe-seed-2026-06-11
PL0063-D019,PL0063,19,3,false,recovery,walk + mobility + hydration check,15,no_equipment;general_adult;advanced,protein + fiber + hydration,"sleep, hydration, mobility, symptom check",v0.1-safe-seed-2026-06-11
PL0063-D020,PL0063,20,3,false,recovery,walk + mobility + hydration check,15,no_equipment;general_adult;advanced,protein + fiber + hydration,"sleep, hydration, mobility, symptom check",v0.1-safe-seed-2026-06-11
PL0063-D021,PL0063,21,3,false,recovery,walk + mobility + hydration check,15,no_equipment;general_adult;advanced,protein + fiber + hydration,"sleep, hydration, mobility, symptom check",v0.1-safe-seed-2026-06-11
PL0063-D022,PL0063,22,4,true,cardio_endurance,"cardio_endurance session with warm-up, main work, and cool-down",45,no_equipment;general_adult;advanced,protein + fiber + hydration,"sleep, hydration, mobility, symptom check",v0.1-safe-seed-2026-06-11
PL0063-D023,PL0063,23,4,true,mobility_core,"mobility_core session with warm-up, main work, and cool-down",45,no_equipment;general_adult;advanced,protein + fiber + hydration,"sleep, hydration, mobility, symptom check",v0.1-safe-seed-2026-06-11
PL0063-D024,PL0063,24,4,true,upper_lower_split,"upper_lower_split session with warm-up, main work, and cool-down",45,no_equipment;general_adult;advanced,protein + fiber + hydration,"sleep, hydration, mobility, symptom check",v0.1-safe-seed-2026-06-11
PL0063-D025,PL0063,25,4,true,skill_practice,"skill_practice session with warm-up, main work, and cool-down",45,no_equipment;general_adult;advanced,protein + fiber + hydration,"sleep, hydration, mobility, symptom check",v0.1-safe-seed-2026-06-11
PL0063-D026,PL0063,26,4,false,recovery,walk + mobility + hydration check,15,no_equipment;general_adult;advanced,protein + fiber + hydration,"sleep, hydration, mobility, symptom check",v0.1-safe-seed-2026-06-11
PL0063-D027,PL0063,27,4,false,recovery,walk + mobility + hydration check,15,no_equipment;general_adult;advanced,protein + fiber + hydration,"sleep, hydration, mobility, symptom check",v0.1-safe-seed-2026-06-11
PL0063-D028,PL0063,28,4,false,recovery,walk + mobility + hydration check,15,no_equipment;general_adult;advanced,protein + fiber + hydration,"sleep, hydration, mobility, symptom check",v0.1-safe-seed-2026-06-11
